
target/mipsel-unknown-none/release/pic32mz-blinky:	file format elf32-mips

SYMBOL TABLE:
00000000 l    df *ABS*	00000000 pic32mz_blinky.d789ec2ca8c122f4-cgu.0
bfc4ff40 l     O .configsfrs	000000c0 pic32mz_blinky::CONFIGSFRS::hb951f1170235c19e
00000000 l    df *ABS*	00000000 pic32mz2048efm144_pac.39888450e02aa2e5-cgu.0
00000000 l    df *ABS*	00000000 panic_halt.bc4e5c6d175b774b-cgu.0
00000000 l    df *ABS*	00000000 mips_rt.f056543c1f20e4c8-cgu.0
00000000 l    df *ABS*	00000000 core.d9811142f1e2a34e-cgu.02
00000000 l    df *ABS*	00000000 core.d9811142f1e2a34e-cgu.01
00000000 l    df *ABS*	00000000 core.d9811142f1e2a34e-cgu.06
00000000 l    df *ABS*	00000000 core.d9811142f1e2a34e-cgu.07
00000000 l    df *ABS*	00000000 core.d9811142f1e2a34e-cgu.08
00000000 l    df *ABS*	00000000 core.d9811142f1e2a34e-cgu.04
00000000 l    df *ABS*	00000000 core.d9811142f1e2a34e-cgu.00
00000000 l    df *ABS*	00000000 core.d9811142f1e2a34e-cgu.09
00000000 l    df *ABS*	00000000 core.d9811142f1e2a34e-cgu.10
00000000 l    df *ABS*	00000000 core.d9811142f1e2a34e-cgu.11
00000000 l    df *ABS*	00000000 core.d9811142f1e2a34e-cgu.12
00000000 l    df *ABS*	00000000 core.d9811142f1e2a34e-cgu.13
00000000 l    df *ABS*	00000000 core.d9811142f1e2a34e-cgu.14
00000000 l    df *ABS*	00000000 core.d9811142f1e2a34e-cgu.15
00000000 l    df *ABS*	00000000 core.d9811142f1e2a34e-cgu.05
00000000 l    df *ABS*	00000000 compiler_builtins.52094a3a35b3e800-cgu.0
00000000 l    df *ABS*	00000000 compiler_builtins.52094a3a35b3e800-cgu.1
00000000 l    df *ABS*	00000000 compiler_builtins.52094a3a35b3e800-cgu.2
00000000 l    df *ABS*	00000000 compiler_builtins.52094a3a35b3e800-cgu.3
00000000 l    df *ABS*	00000000 compiler_builtins.52094a3a35b3e800-cgu.4
9d000200 l     F .vector_0	00000010 _vector_0
9d000220 l     F .vector_1	00000010 _vector_1
9d000240 l     F .vector_2	00000010 _vector_2
9d000260 l     F .vector_3	00000010 _vector_3
9d000280 l     F .vector_4	00000010 _vector_4
9d0002a0 l     F .vector_5	00000010 _vector_5
9d0002c0 l     F .vector_6	00000010 _vector_6
9d0002e0 l     F .vector_7	00000010 _vector_7
9d000300 l     F .vector_8	00000010 _vector_8
9d000320 l     F .vector_9	00000010 _vector_9
9d000340 l     F .vector_10	00000010 _vector_10
9d000360 l     F .vector_11	00000010 _vector_11
9d000380 l     F .vector_12	00000010 _vector_12
9d0003a0 l     F .vector_13	00000010 _vector_13
9d0003c0 l     F .vector_14	00000010 _vector_14
9d0003e0 l     F .vector_15	00000010 _vector_15
9d000400 l     F .vector_16	00000010 _vector_16
9d000420 l     F .vector_17	00000010 _vector_17
9d000440 l     F .vector_18	00000010 _vector_18
9d000460 l     F .vector_19	00000010 _vector_19
9d000480 l     F .vector_20	00000010 _vector_20
9d0004a0 l     F .vector_21	00000010 _vector_21
9d0004c0 l     F .vector_22	00000010 _vector_22
9d0004e0 l     F .vector_23	00000010 _vector_23
9d000500 l     F .vector_24	00000010 _vector_24
9d000520 l     F .vector_25	00000010 _vector_25
9d000540 l     F .vector_26	00000010 _vector_26
9d000560 l     F .vector_27	00000010 _vector_27
9d000580 l     F .vector_28	00000010 _vector_28
9d0005a0 l     F .vector_29	00000010 _vector_29
9d0005c0 l     F .vector_30	00000010 _vector_30
9d0005e0 l     F .vector_31	00000010 _vector_31
9d000600 l     F .vector_32	00000010 _vector_32
9d000620 l     F .vector_33	00000010 _vector_33
9d000640 l     F .vector_34	00000010 _vector_34
9d000660 l     F .vector_35	00000010 _vector_35
9d000680 l     F .vector_36	00000010 _vector_36
9d0006a0 l     F .vector_37	00000010 _vector_37
9d0006c0 l     F .vector_38	00000010 _vector_38
9d0006e0 l     F .vector_39	00000010 _vector_39
9d000700 l     F .vector_40	00000010 _vector_40
9d000720 l     F .vector_41	00000010 _vector_41
9d000740 l     F .vector_42	00000010 _vector_42
9d000760 l     F .vector_43	00000010 _vector_43
9d000780 l     F .vector_44	00000010 _vector_44
9d0007a0 l     F .vector_45	00000010 _vector_45
9d0007c0 l     F .vector_46	00000010 _vector_46
9d0007e0 l     F .vector_47	00000010 _vector_47
9d000800 l     F .vector_48	00000010 _vector_48
9d000820 l     F .vector_49	00000010 _vector_49
9d000840 l     F .vector_50	00000010 _vector_50
9d000860 l     F .vector_51	00000010 _vector_51
9d000880 l     F .vector_52	00000010 _vector_52
9d0008a0 l     F .vector_53	00000010 _vector_53
9d0008c0 l     F .vector_54	00000010 _vector_54
9d0008e0 l     F .vector_55	00000010 _vector_55
9d000900 l     F .vector_56	00000010 _vector_56
9d000920 l     F .vector_57	00000010 _vector_57
9d000940 l     F .vector_58	00000010 _vector_58
9d000960 l     F .vector_59	00000010 _vector_59
9d000980 l     F .vector_60	00000010 _vector_60
9d0009a0 l     F .vector_61	00000010 _vector_61
9d0009c0 l     F .vector_62	00000010 _vector_62
9d0009e0 l     F .vector_63	00000010 _vector_63
bfc00028 l       .reset	00000000 _no_nmi
bfc000e8 l       .reset	00000000 _bss_cond
bfc000e0 l       .reset	00000000 _bss_lp
bfc00124 l       .reset	00000000 _data_cond
bfc00114 l       .reset	00000000 _data_lp
bfc00140 l       .reset	00000000 _main_el
00000000 l       *ABS*	00000000 .hidden _gp
9d0009f0 g     F .text	00000030 main
9d000a20 g     F .text	00000008 DefaultPreInit
80000000 g     O .bss	00000001 DEVICE_PERIPHERALS
bfc00000 g     F .reset	00000148 _reset
9d000b00  w    F .text	00000100 _isr_context
9d000a28 g     F .text	00000008 _default_isr_fn
9d000a28  w    F .text	00000008 _general_exception_handler
9d000a28  w    F .text	00000008 _nmi_handler
9d000180 g     F .app_excpt	00000010 _gen_exception
9d000a30 g     F .text	000000d0 _exception_context
9d000a28 g     F .text	00000000 _vector_0_fn
9d000b00 g     F .text	00000000 _vector_0_context
9d000a28 g     F .text	00000000 _vector_1_fn
9d000b00 g     F .text	00000000 _vector_1_context
9d000a28 g     F .text	00000000 _vector_2_fn
9d000b00 g     F .text	00000000 _vector_2_context
9d000a28 g     F .text	00000000 _vector_3_fn
9d000b00 g     F .text	00000000 _vector_3_context
9d000a28 g     F .text	00000000 _vector_4_fn
9d000b00 g     F .text	00000000 _vector_4_context
9d000a28 g     F .text	00000000 _vector_5_fn
9d000b00 g     F .text	00000000 _vector_5_context
9d000a28 g     F .text	00000000 _vector_6_fn
9d000b00 g     F .text	00000000 _vector_6_context
9d000a28 g     F .text	00000000 _vector_7_fn
9d000b00 g     F .text	00000000 _vector_7_context
9d000a28 g     F .text	00000000 _vector_8_fn
9d000b00 g     F .text	00000000 _vector_8_context
9d000a28 g     F .text	00000000 _vector_9_fn
9d000b00 g     F .text	00000000 _vector_9_context
9d000a28 g     F .text	00000000 _vector_10_fn
9d000b00 g     F .text	00000000 _vector_10_context
9d000a28 g     F .text	00000000 _vector_11_fn
9d000b00 g     F .text	00000000 _vector_11_context
9d000a28 g     F .text	00000000 _vector_12_fn
9d000b00 g     F .text	00000000 _vector_12_context
9d000a28 g     F .text	00000000 _vector_13_fn
9d000b00 g     F .text	00000000 _vector_13_context
9d000a28 g     F .text	00000000 _vector_14_fn
9d000b00 g     F .text	00000000 _vector_14_context
9d000a28 g     F .text	00000000 _vector_15_fn
9d000b00 g     F .text	00000000 _vector_15_context
9d000a28 g     F .text	00000000 _vector_16_fn
9d000b00 g     F .text	00000000 _vector_16_context
9d000a28 g     F .text	00000000 _vector_17_fn
9d000b00 g     F .text	00000000 _vector_17_context
9d000a28 g     F .text	00000000 _vector_18_fn
9d000b00 g     F .text	00000000 _vector_18_context
9d000a28 g     F .text	00000000 _vector_19_fn
9d000b00 g     F .text	00000000 _vector_19_context
9d000a28 g     F .text	00000000 _vector_20_fn
9d000b00 g     F .text	00000000 _vector_20_context
9d000a28 g     F .text	00000000 _vector_21_fn
9d000b00 g     F .text	00000000 _vector_21_context
9d000a28 g     F .text	00000000 _vector_22_fn
9d000b00 g     F .text	00000000 _vector_22_context
9d000a28 g     F .text	00000000 _vector_23_fn
9d000b00 g     F .text	00000000 _vector_23_context
9d000a28 g     F .text	00000000 _vector_24_fn
9d000b00 g     F .text	00000000 _vector_24_context
9d000a28 g     F .text	00000000 _vector_25_fn
9d000b00 g     F .text	00000000 _vector_25_context
9d000a28 g     F .text	00000000 _vector_26_fn
9d000b00 g     F .text	00000000 _vector_26_context
9d000a28 g     F .text	00000000 _vector_27_fn
9d000b00 g     F .text	00000000 _vector_27_context
9d000a28 g     F .text	00000000 _vector_28_fn
9d000b00 g     F .text	00000000 _vector_28_context
9d000a28 g     F .text	00000000 _vector_29_fn
9d000b00 g     F .text	00000000 _vector_29_context
9d000a28 g     F .text	00000000 _vector_30_fn
9d000b00 g     F .text	00000000 _vector_30_context
9d000a28 g     F .text	00000000 _vector_31_fn
9d000b00 g     F .text	00000000 _vector_31_context
9d000a28 g     F .text	00000000 _vector_32_fn
9d000b00 g     F .text	00000000 _vector_32_context
9d000a28 g     F .text	00000000 _vector_33_fn
9d000b00 g     F .text	00000000 _vector_33_context
9d000a28 g     F .text	00000000 _vector_34_fn
9d000b00 g     F .text	00000000 _vector_34_context
9d000a28 g     F .text	00000000 _vector_35_fn
9d000b00 g     F .text	00000000 _vector_35_context
9d000a28 g     F .text	00000000 _vector_36_fn
9d000b00 g     F .text	00000000 _vector_36_context
9d000a28 g     F .text	00000000 _vector_37_fn
9d000b00 g     F .text	00000000 _vector_37_context
9d000a28 g     F .text	00000000 _vector_38_fn
9d000b00 g     F .text	00000000 _vector_38_context
9d000a28 g     F .text	00000000 _vector_39_fn
9d000b00 g     F .text	00000000 _vector_39_context
9d000a28 g     F .text	00000000 _vector_40_fn
9d000b00 g     F .text	00000000 _vector_40_context
9d000a28 g     F .text	00000000 _vector_41_fn
9d000b00 g     F .text	00000000 _vector_41_context
9d000a28 g     F .text	00000000 _vector_42_fn
9d000b00 g     F .text	00000000 _vector_42_context
9d000a28 g     F .text	00000000 _vector_43_fn
9d000b00 g     F .text	00000000 _vector_43_context
9d000a28 g     F .text	00000000 _vector_44_fn
9d000b00 g     F .text	00000000 _vector_44_context
9d000a28 g     F .text	00000000 _vector_45_fn
9d000b00 g     F .text	00000000 _vector_45_context
9d000a28 g     F .text	00000000 _vector_46_fn
9d000b00 g     F .text	00000000 _vector_46_context
9d000a28 g     F .text	00000000 _vector_47_fn
9d000b00 g     F .text	00000000 _vector_47_context
9d000a28 g     F .text	00000000 _vector_48_fn
9d000b00 g     F .text	00000000 _vector_48_context
9d000a28 g     F .text	00000000 _vector_49_fn
9d000b00 g     F .text	00000000 _vector_49_context
9d000a28 g     F .text	00000000 _vector_50_fn
9d000b00 g     F .text	00000000 _vector_50_context
9d000a28 g     F .text	00000000 _vector_51_fn
9d000b00 g     F .text	00000000 _vector_51_context
9d000a28 g     F .text	00000000 _vector_52_fn
9d000b00 g     F .text	00000000 _vector_52_context
9d000a28 g     F .text	00000000 _vector_53_fn
9d000b00 g     F .text	00000000 _vector_53_context
9d000a28 g     F .text	00000000 _vector_54_fn
9d000b00 g     F .text	00000000 _vector_54_context
9d000a28 g     F .text	00000000 _vector_55_fn
9d000b00 g     F .text	00000000 _vector_55_context
9d000a28 g     F .text	00000000 _vector_56_fn
9d000b00 g     F .text	00000000 _vector_56_context
9d000a28 g     F .text	00000000 _vector_57_fn
9d000b00 g     F .text	00000000 _vector_57_context
9d000a28 g     F .text	00000000 _vector_58_fn
9d000b00 g     F .text	00000000 _vector_58_context
9d000a28 g     F .text	00000000 _vector_59_fn
9d000b00 g     F .text	00000000 _vector_59_context
9d000a28 g     F .text	00000000 _vector_60_fn
9d000b00 g     F .text	00000000 _vector_60_context
9d000a28 g     F .text	00000000 _vector_61_fn
9d000b00 g     F .text	00000000 _vector_61_context
9d000a28 g     F .text	00000000 _vector_62_fn
9d000b00 g     F .text	00000000 _vector_62_context
9d000a28 g     F .text	00000000 _vector_63_fn
9d000b00 g     F .text	00000000 _vector_63_context
9d000a28 g     F .text	00000000 CORE_TIMER
9d000b00 g     F .text	00000000 CORE_TIMER_CONTEXT
9d000a28 g     F .text	00000000 CORE_SOFTWARE_0
9d000b00 g     F .text	00000000 CORE_SOFTWARE_0_CONTEXT
9d000a28 g     F .text	00000000 CORE_SOFTWARE_1
9d000b00 g     F .text	00000000 CORE_SOFTWARE_1_CONTEXT
9d000a28 g     F .text	00000000 EXTERNAL_0
9d000b00 g     F .text	00000000 EXTERNAL_0_CONTEXT
9d000a28 g     F .text	00000000 TIMER_1
9d000b00 g     F .text	00000000 TIMER_1_CONTEXT
9d000a28 g     F .text	00000000 INPUT_CAPTURE_1_ERROR
9d000b00 g     F .text	00000000 INPUT_CAPTURE_1_ERROR_CONTEXT
9d000a28 g     F .text	00000000 INPUT_CAPTURE_1
9d000b00 g     F .text	00000000 INPUT_CAPTURE_1_CONTEXT
9d000a28 g     F .text	00000000 OUTPUT_COMPARE_1
9d000b00 g     F .text	00000000 OUTPUT_COMPARE_1_CONTEXT
9d000a28 g     F .text	00000000 EXTERNAL_1
9d000b00 g     F .text	00000000 EXTERNAL_1_CONTEXT
9d000a28 g     F .text	00000000 TIMER_2
9d000b00 g     F .text	00000000 TIMER_2_CONTEXT
9d000a28 g     F .text	00000000 INPUT_CAPTURE_2_ERROR
9d000b00 g     F .text	00000000 INPUT_CAPTURE_2_ERROR_CONTEXT
9d000a28 g     F .text	00000000 INPUT_CAPTURE_2
9d000b00 g     F .text	00000000 INPUT_CAPTURE_2_CONTEXT
9d000a28 g     F .text	00000000 OUTPUT_COMPARE_2
9d000b00 g     F .text	00000000 OUTPUT_COMPARE_2_CONTEXT
9d000a28 g     F .text	00000000 EXTERNAL_2
9d000b00 g     F .text	00000000 EXTERNAL_2_CONTEXT
9d000a28 g     F .text	00000000 TIMER_3
9d000b00 g     F .text	00000000 TIMER_3_CONTEXT
9d000a28 g     F .text	00000000 INPUT_CAPTURE_3_ERROR
9d000b00 g     F .text	00000000 INPUT_CAPTURE_3_ERROR_CONTEXT
9d000a28 g     F .text	00000000 INPUT_CAPTURE_3
9d000b00 g     F .text	00000000 INPUT_CAPTURE_3_CONTEXT
9d000a28 g     F .text	00000000 OUTPUT_COMPARE_3
9d000b00 g     F .text	00000000 OUTPUT_COMPARE_3_CONTEXT
9d000a28 g     F .text	00000000 EXTERNAL_3
9d000b00 g     F .text	00000000 EXTERNAL_3_CONTEXT
9d000a28 g     F .text	00000000 TIMER_4
9d000b00 g     F .text	00000000 TIMER_4_CONTEXT
9d000a28 g     F .text	00000000 INPUT_CAPTURE_4_ERROR
9d000b00 g     F .text	00000000 INPUT_CAPTURE_4_ERROR_CONTEXT
9d000a28 g     F .text	00000000 INPUT_CAPTURE_4
9d000b00 g     F .text	00000000 INPUT_CAPTURE_4_CONTEXT
9d000a28 g     F .text	00000000 OUTPUT_COMPARE_4
9d000b00 g     F .text	00000000 OUTPUT_COMPARE_4_CONTEXT
9d000a28 g     F .text	00000000 EXTERNAL_4
9d000b00 g     F .text	00000000 EXTERNAL_4_CONTEXT
9d000a28 g     F .text	00000000 TIMER_5
9d000b00 g     F .text	00000000 TIMER_5_CONTEXT
9d000a28 g     F .text	00000000 INPUT_CAPTURE_5_ERROR
9d000b00 g     F .text	00000000 INPUT_CAPTURE_5_ERROR_CONTEXT
9d000a28 g     F .text	00000000 INPUT_CAPTURE_5
9d000b00 g     F .text	00000000 INPUT_CAPTURE_5_CONTEXT
9d000a28 g     F .text	00000000 OUTPUT_COMPARE_5
9d000b00 g     F .text	00000000 OUTPUT_COMPARE_5_CONTEXT
9d000a28 g     F .text	00000000 TIMER_6
9d000b00 g     F .text	00000000 TIMER_6_CONTEXT
9d000a28 g     F .text	00000000 INPUT_CAPTURE_6_ERROR
9d000b00 g     F .text	00000000 INPUT_CAPTURE_6_ERROR_CONTEXT
9d000a28 g     F .text	00000000 INPUT_CAPTURE_6
9d000b00 g     F .text	00000000 INPUT_CAPTURE_6_CONTEXT
9d000a28 g     F .text	00000000 OUTPUT_COMPARE_6
9d000b00 g     F .text	00000000 OUTPUT_COMPARE_6_CONTEXT
9d000a28 g     F .text	00000000 TIMER_7
9d000b00 g     F .text	00000000 TIMER_7_CONTEXT
9d000a28 g     F .text	00000000 INPUT_CAPTURE_7_ERROR
9d000b00 g     F .text	00000000 INPUT_CAPTURE_7_ERROR_CONTEXT
9d000a28 g     F .text	00000000 INPUT_CAPTURE_7
9d000b00 g     F .text	00000000 INPUT_CAPTURE_7_CONTEXT
9d000a28 g     F .text	00000000 OUTPUT_COMPARE_7
9d000b00 g     F .text	00000000 OUTPUT_COMPARE_7_CONTEXT
9d000a28 g     F .text	00000000 TIMER_8
9d000b00 g     F .text	00000000 TIMER_8_CONTEXT
9d000a28 g     F .text	00000000 INPUT_CAPTURE_8_ERROR
9d000b00 g     F .text	00000000 INPUT_CAPTURE_8_ERROR_CONTEXT
9d000a28 g     F .text	00000000 INPUT_CAPTURE_8
9d000b00 g     F .text	00000000 INPUT_CAPTURE_8_CONTEXT
9d000a28 g     F .text	00000000 OUTPUT_COMPARE_8
9d000b00 g     F .text	00000000 OUTPUT_COMPARE_8_CONTEXT
9d000a28 g     F .text	00000000 TIMER_9
9d000b00 g     F .text	00000000 TIMER_9_CONTEXT
9d000a28 g     F .text	00000000 INPUT_CAPTURE_9_ERROR
9d000b00 g     F .text	00000000 INPUT_CAPTURE_9_ERROR_CONTEXT
9d000a28 g     F .text	00000000 INPUT_CAPTURE_9
9d000b00 g     F .text	00000000 INPUT_CAPTURE_9_CONTEXT
9d000a28 g     F .text	00000000 OUTPUT_COMPARE_9
9d000b00 g     F .text	00000000 OUTPUT_COMPARE_9_CONTEXT
9d000a28 g     F .text	00000000 ADC
9d000b00 g     F .text	00000000 ADC_CONTEXT
9d000a28 g     F .text	00000000 ADC_FIFO
9d000b00 g     F .text	00000000 ADC_FIFO_CONTEXT
9d000a28 g     F .text	00000000 ADC_DC1
9d000b00 g     F .text	00000000 ADC_DC1_CONTEXT
9d000a28 g     F .text	00000000 ADC_DC2
9d000b00 g     F .text	00000000 ADC_DC2_CONTEXT
9d000a28 g     F .text	00000000 ADC_DC3
9d000b00 g     F .text	00000000 ADC_DC3_CONTEXT
9d000a28 g     F .text	00000000 ADC_DC4
9d000b00 g     F .text	00000000 ADC_DC4_CONTEXT
9d000a28 g     F .text	00000000 ADC_DC5
9d000b00 g     F .text	00000000 ADC_DC5_CONTEXT
9d000a28 g     F .text	00000000 ADC_DC6
9d000b00 g     F .text	00000000 ADC_DC6_CONTEXT
9d000a28 g     F .text	00000000 ADC_DF1
9d000b00 g     F .text	00000000 ADC_DF1_CONTEXT
9d000a28 g     F .text	00000000 ADC_DF2
9d000b00 g     F .text	00000000 ADC_DF2_CONTEXT
9d000a28 g     F .text	00000000 ADC_DF3
9d000b00 g     F .text	00000000 ADC_DF3_CONTEXT
9d000a28 g     F .text	00000000 ADC_DF4
9d000b00 g     F .text	00000000 ADC_DF4_CONTEXT
9d000a28 g     F .text	00000000 ADC_DF5
9d000b00 g     F .text	00000000 ADC_DF5_CONTEXT
9d000a28 g     F .text	00000000 ADC_DF6
9d000b00 g     F .text	00000000 ADC_DF6_CONTEXT
9d000a28 g     F .text	00000000 ADC_FAULT
9d000b00 g     F .text	00000000 ADC_FAULT_CONTEXT
9d000a28 g     F .text	00000000 ADC_DATA0
9d000b00 g     F .text	00000000 ADC_DATA0_CONTEXT
9d000a28 g     F .text	00000000 ADC_DATA1
9d000b00 g     F .text	00000000 ADC_DATA1_CONTEXT
9d000a28 g     F .text	00000000 ADC_DATA2
9d000b00 g     F .text	00000000 ADC_DATA2_CONTEXT
9d000a28 g     F .text	00000000 ADC_DATA3
9d000b00 g     F .text	00000000 ADC_DATA3_CONTEXT
9d000a28 g     F .text	00000000 ADC_DATA4
9d000b00 g     F .text	00000000 ADC_DATA4_CONTEXT
9d000000 g       *ABS*	00000000 _ebase_address
00000001 g       *ABS*	00000000 _vector_spacing
80000004 g       .uninit	00000000 __euninit
80080000 g       *ABS*	00000000 _stack
9d000a20 g     F .text	00000000 __pre_init
80000000 g       .bss	00000000 __sbss
80000004 g       .bss	00000000 __ebss
9d000c00 g       *ABS*	00000000 __sidata
80000000 g       .data	00000000 __sdata
80000000 g       .data	00000000 __edata
80000004 g       .uninit	00000000 __suninit
Contents of section .configsfrs:
 bfc4ff40 ffffff0f d9fff9ff d9cf7fff fbffff7f  ................
 bfc4ff50 ffffffff ffffffff ffffffff ffffffff  ................
 bfc4ff60 ffffffff ffffffff ffffffff ffffffff  ................
 bfc4ff70 ffffffff ffffffff ffffffff ffffffff  ................
 bfc4ff80 ffffffff ffffffff ffffffff ffffffff  ................
 bfc4ff90 ffffffff ffffffff ffffffff ffffffff  ................
 bfc4ffa0 ffffffff ffffffff ffffffff ffffffff  ................
 bfc4ffb0 ffffffff ffffffff ffffffff ffffffff  ................
 bfc4ffc0 ffffffff ffffffff ffffffff ffffffff  ................
 bfc4ffd0 ffffffff ffffffff ffffffff ffffffff  ................
 bfc4ffe0 ffffffff ffffffff ffffffff ffffffff  ................
 bfc4fff0 ffffffff ffffffff ffffffff 0000ffff  ................
Contents of section .reset:
 bfc00000 00601a40 c0045b7f 07006013 00000000  .`.@..[...`.....
 bfc00010 84b51a7c 00609a40 009d1a3c 280a5a27  ...|.`.@...<(.Z'
 bfc00020 8c02400b 00000000 08801d3c 0000bd27  ..@........<...'
 bfc00030 00000000 00488040 ffff0a24 00588a40  .....H.@...$.X.@
 bfc00040 4000083c 00600a40 25500a01 00608a40  @..<.`.@%P...`.@
 bfc00050 009d093c 00002925 c0000000 01788940  ...<..)%.....x.@
 bfc00060 0000093c 01002925 00000a24 44492a7d  ...<..)%...$DI*}
 bfc00070 01608a40 8000093c 00688940 00800840  .`.@...<.h.@...@
 bfc00080 8005097d 404c0900 00600840 5800013c  ...}@L...`.@X..<
 bfc00090 24400101 25402801 00608840 c0000000  $@..%@(..`.@....
 bfc000a0 00000000 00600840 bfff013c ffff2134  .....`.@...<..!4
 bfc000b0 24400101 00608840 009d083c 200a0825  $@...`.@...< ..%
 bfc000c0 09f80001 00000000 0080083c 00000825  ...........<...%
 bfc000d0 0080093c 04002925 03000010 00000000  ...<..)%........
 bfc000e0 000000ad 04000825 2b080901 fcff2014  .......%+..... .
 bfc000f0 00000000 009d083c 000c0825 0080093c  .......<...%...<
 bfc00100 00002925 00800a3c 00004a25 05000010  ..)%...<..J%....
 bfc00110 00000000 00000b8d 00002bad 04000825  ..........+....%
 bfc00120 04002925 2b082a01 faff2014 00000000  ..)%+.*... .....
 bfc00130 009d083c f0090825 09f80001 00000000  ...<...%........
 bfc00140 ffff0010 00000000                    ........
Contents of section .app_excpt:
 9d000180 009d1a3c 280a5a27 8c02400b 00000000  ...<(.Z'..@.....
Contents of section .vector_0:
 9d000200 009d1a3c 280a5a27 c002400b 00000000  ...<(.Z'..@.....
Contents of section .vector_1:
 9d000220 009d1a3c 280a5a27 c002400b 00000000  ...<(.Z'..@.....
Contents of section .vector_2:
 9d000240 009d1a3c 280a5a27 c002400b 00000000  ...<(.Z'..@.....
Contents of section .vector_3:
 9d000260 009d1a3c 280a5a27 c002400b 00000000  ...<(.Z'..@.....
Contents of section .vector_4:
 9d000280 009d1a3c 280a5a27 c002400b 00000000  ...<(.Z'..@.....
Contents of section .vector_5:
 9d0002a0 009d1a3c 280a5a27 c002400b 00000000  ...<(.Z'..@.....
Contents of section .vector_6:
 9d0002c0 009d1a3c 280a5a27 c002400b 00000000  ...<(.Z'..@.....
Contents of section .vector_7:
 9d0002e0 009d1a3c 280a5a27 c002400b 00000000  ...<(.Z'..@.....
Contents of section .vector_8:
 9d000300 009d1a3c 280a5a27 c002400b 00000000  ...<(.Z'..@.....
Contents of section .vector_9:
 9d000320 009d1a3c 280a5a27 c002400b 00000000  ...<(.Z'..@.....
Contents of section .vector_10:
 9d000340 009d1a3c 280a5a27 c002400b 00000000  ...<(.Z'..@.....
Contents of section .vector_11:
 9d000360 009d1a3c 280a5a27 c002400b 00000000  ...<(.Z'..@.....
Contents of section .vector_12:
 9d000380 009d1a3c 280a5a27 c002400b 00000000  ...<(.Z'..@.....
Contents of section .vector_13:
 9d0003a0 009d1a3c 280a5a27 c002400b 00000000  ...<(.Z'..@.....
Contents of section .vector_14:
 9d0003c0 009d1a3c 280a5a27 c002400b 00000000  ...<(.Z'..@.....
Contents of section .vector_15:
 9d0003e0 009d1a3c 280a5a27 c002400b 00000000  ...<(.Z'..@.....
Contents of section .vector_16:
 9d000400 009d1a3c 280a5a27 c002400b 00000000  ...<(.Z'..@.....
Contents of section .vector_17:
 9d000420 009d1a3c 280a5a27 c002400b 00000000  ...<(.Z'..@.....
Contents of section .vector_18:
 9d000440 009d1a3c 280a5a27 c002400b 00000000  ...<(.Z'..@.....
Contents of section .vector_19:
 9d000460 009d1a3c 280a5a27 c002400b 00000000  ...<(.Z'..@.....
Contents of section .vector_20:
 9d000480 009d1a3c 280a5a27 c002400b 00000000  ...<(.Z'..@.....
Contents of section .vector_21:
 9d0004a0 009d1a3c 280a5a27 c002400b 00000000  ...<(.Z'..@.....
Contents of section .vector_22:
 9d0004c0 009d1a3c 280a5a27 c002400b 00000000  ...<(.Z'..@.....
Contents of section .vector_23:
 9d0004e0 009d1a3c 280a5a27 c002400b 00000000  ...<(.Z'..@.....
Contents of section .vector_24:
 9d000500 009d1a3c 280a5a27 c002400b 00000000  ...<(.Z'..@.....
Contents of section .vector_25:
 9d000520 009d1a3c 280a5a27 c002400b 00000000  ...<(.Z'..@.....
Contents of section .vector_26:
 9d000540 009d1a3c 280a5a27 c002400b 00000000  ...<(.Z'..@.....
Contents of section .vector_27:
 9d000560 009d1a3c 280a5a27 c002400b 00000000  ...<(.Z'..@.....
Contents of section .vector_28:
 9d000580 009d1a3c 280a5a27 c002400b 00000000  ...<(.Z'..@.....
Contents of section .vector_29:
 9d0005a0 009d1a3c 280a5a27 c002400b 00000000  ...<(.Z'..@.....
Contents of section .vector_30:
 9d0005c0 009d1a3c 280a5a27 c002400b 00000000  ...<(.Z'..@.....
Contents of section .vector_31:
 9d0005e0 009d1a3c 280a5a27 c002400b 00000000  ...<(.Z'..@.....
Contents of section .vector_32:
 9d000600 009d1a3c 280a5a27 c002400b 00000000  ...<(.Z'..@.....
Contents of section .vector_33:
 9d000620 009d1a3c 280a5a27 c002400b 00000000  ...<(.Z'..@.....
Contents of section .vector_34:
 9d000640 009d1a3c 280a5a27 c002400b 00000000  ...<(.Z'..@.....
Contents of section .vector_35:
 9d000660 009d1a3c 280a5a27 c002400b 00000000  ...<(.Z'..@.....
Contents of section .vector_36:
 9d000680 009d1a3c 280a5a27 c002400b 00000000  ...<(.Z'..@.....
Contents of section .vector_37:
 9d0006a0 009d1a3c 280a5a27 c002400b 00000000  ...<(.Z'..@.....
Contents of section .vector_38:
 9d0006c0 009d1a3c 280a5a27 c002400b 00000000  ...<(.Z'..@.....
Contents of section .vector_39:
 9d0006e0 009d1a3c 280a5a27 c002400b 00000000  ...<(.Z'..@.....
Contents of section .vector_40:
 9d000700 009d1a3c 280a5a27 c002400b 00000000  ...<(.Z'..@.....
Contents of section .vector_41:
 9d000720 009d1a3c 280a5a27 c002400b 00000000  ...<(.Z'..@.....
Contents of section .vector_42:
 9d000740 009d1a3c 280a5a27 c002400b 00000000  ...<(.Z'..@.....
Contents of section .vector_43:
 9d000760 009d1a3c 280a5a27 c002400b 00000000  ...<(.Z'..@.....
Contents of section .vector_44:
 9d000780 009d1a3c 280a5a27 c002400b 00000000  ...<(.Z'..@.....
Contents of section .vector_45:
 9d0007a0 009d1a3c 280a5a27 c002400b 00000000  ...<(.Z'..@.....
Contents of section .vector_46:
 9d0007c0 009d1a3c 280a5a27 c002400b 00000000  ...<(.Z'..@.....
Contents of section .vector_47:
 9d0007e0 009d1a3c 280a5a27 c002400b 00000000  ...<(.Z'..@.....
Contents of section .vector_48:
 9d000800 009d1a3c 280a5a27 c002400b 00000000  ...<(.Z'..@.....
Contents of section .vector_49:
 9d000820 009d1a3c 280a5a27 c002400b 00000000  ...<(.Z'..@.....
Contents of section .vector_50:
 9d000840 009d1a3c 280a5a27 c002400b 00000000  ...<(.Z'..@.....
Contents of section .vector_51:
 9d000860 009d1a3c 280a5a27 c002400b 00000000  ...<(.Z'..@.....
Contents of section .vector_52:
 9d000880 009d1a3c 280a5a27 c002400b 00000000  ...<(.Z'..@.....
Contents of section .vector_53:
 9d0008a0 009d1a3c 280a5a27 c002400b 00000000  ...<(.Z'..@.....
Contents of section .vector_54:
 9d0008c0 009d1a3c 280a5a27 c002400b 00000000  ...<(.Z'..@.....
Contents of section .vector_55:
 9d0008e0 009d1a3c 280a5a27 c002400b 00000000  ...<(.Z'..@.....
Contents of section .vector_56:
 9d000900 009d1a3c 280a5a27 c002400b 00000000  ...<(.Z'..@.....
Contents of section .vector_57:
 9d000920 009d1a3c 280a5a27 c002400b 00000000  ...<(.Z'..@.....
Contents of section .vector_58:
 9d000940 009d1a3c 280a5a27 c002400b 00000000  ...<(.Z'..@.....
Contents of section .vector_59:
 9d000960 009d1a3c 280a5a27 c002400b 00000000  ...<(.Z'..@.....
Contents of section .vector_60:
 9d000980 009d1a3c 280a5a27 c002400b 00000000  ...<(.Z'..@.....
Contents of section .vector_61:
 9d0009a0 009d1a3c 280a5a27 c002400b 00000000  ...<(.Z'..@.....
Contents of section .vector_62:
 9d0009c0 009d1a3c 280a5a27 c002400b 00000000  ...<(.Z'..@.....
Contents of section .vector_63:
 9d0009e0 009d1a3c 280a5a27 c002400b 00000000  ...<(.Z'..@.....
Contents of section .text:
 9d0009f0 0080013c 01000224 000022a0 86bf013c  ...<...$.."....<
 9d000a00 08012334 000060ac 14012334 38012134  ..#4..`...#48.!4
 9d000a10 000062ac 000022ac 8602400b 00000000  ..b..."...@.....
 9d000a20 0800e003 00000000 0800e003 00000000  ................
 9d000a30 a8ffbd27 0400a1af 0800a2af 0c00a3af  ...'............
 9d000a40 1000a4af 1400a5af 1800a6af 1c00a7af  ................
 9d000a50 2000a8af 2400a9af 2800aaaf 2c00abaf   ...$...(...,...
 9d000a60 3000acaf 3400adaf 3800aeaf 3c00afaf  0...4...8...<...
 9d000a70 4000b8af 4400b9af 4800bfaf 12400000  @...D...H....@..
 9d000a80 4c00a8af 10400000 5000a8af 00680440  L....@..P....h.@
 9d000a90 00600540 09f84003 00000000 5000a88f  .`.@..@.....P...
 9d000aa0 11000001 4c00a88f 13000001 0400a18f  ....L...........
 9d000ab0 0800a28f 0c00a38f 1000a48f 1400a58f  ................
 9d000ac0 1800a68f 1c00a78f 2000a88f 2400a98f  ........ ...$...
 9d000ad0 2800aa8f 2c00ab8f 3000ac8f 3400ad8f  (...,...0...4...
 9d000ae0 3800ae8f 3c00af8f 4000b88f 4400b98f  8...<...@...D...
 9d000af0 4800bf8f 5800bd27 c0000000 18000042  H...X..'.......B
 9d000b00 a0ffbd27 00701b40 5400bbaf 2000a8af  ...'.p.@T... ...
 9d000b10 00681b40 00600840 5800a8af 82da1b00  .h.@.`.@X.......
 9d000b20 847a687f 4420087c 00608840 0400a1af  .zh.D .|.`.@....
 9d000b30 0800a2af 0c00a3af 1000a4af 1400a5af  ................
 9d000b40 1800a6af 1c00a7af 2400a9af 2800aaaf  ........$...(...
 9d000b50 2c00abaf 3000acaf 3400adaf 3800aeaf  ,...0...4...8...
 9d000b60 3c00afaf 4000b8af 4400b9af 4800bfaf  <...@...D...H...
 9d000b70 12400000 4c00a8af 10400000 5000a8af  .@..L....@..P...
 9d000b80 09f84003 00000000 5000a88f 11000001  ..@.....P.......
 9d000b90 4c00a88f 13000001 0400a18f 0800a28f  L...............
 9d000ba0 0c00a38f 1000a48f 1400a58f 1800a68f  ................
 9d000bb0 1c00a78f 2000a88f 2400a98f 2800aa8f  .... ...$...(...
 9d000bc0 2c00ab8f 3000ac8f 3400ad8f 3800ae8f  ,...0...4...8...
 9d000bd0 3c00af8f 4000b88f 4400b98f 4800bf8f  <...@...D...H...
 9d000be0 00606041 c0000000 5400bb8f 00709b40  .``A....T....p.@
 9d000bf0 5800bb8f 00609b40 6000bd27 18000042  X....`.@`..'...B
Contents of section .bss:
<skipping contents of bss section at [80000000, 80000004)>
Contents of section .pdr:
 0000 f009009d 00000000 00000000 00000000  ................
 0010 00000000 00000000 1d000000 1f000000  ................
 0020 00000000 00000180 fcffffff 00000000  ................
 0030 00000000 20000000 1d000000 1f000000  .... ...........
 0040 00000000 00000180 fcffffff 00000000  ................
 0050 00000000 20000000 1d000000 1f000000  .... ...........
 0060 00000000 00000180 fcffffff 00000000  ................
 0070 00000000 20000000 1d000000 1f000000  .... ...........
 0080 00000000 00000180 fcffffff 00000000  ................
 0090 00000000 20000000 1d000000 1f000000  .... ...........
 00a0 00000000 00000180 fcffffff 00000000  ................
 00b0 00000000 20000000 1d000000 1f000000  .... ...........
 00c0 00000000 00000180 fcffffff 00000000  ................
 00d0 00000000 20000000 1d000000 1f000000  .... ...........
 00e0 00000000 00000180 fcffffff 00000000  ................
 00f0 00000000 20000000 1d000000 1f000000  .... ...........
 0100 00000000 00000180 fcffffff 00000000  ................
 0110 00000000 20000000 1d000000 1f000000  .... ...........
 0120 00000000 00000180 fcffffff 00000000  ................
 0130 00000000 20000000 1d000000 1f000000  .... ...........
 0140 00000000 00000180 fcffffff 00000000  ................
 0150 00000000 20000000 1d000000 1f000000  .... ...........
 0160 00000000 00000180 fcffffff 00000000  ................
 0170 00000000 20000000 1d000000 1f000000  .... ...........
 0180 00000000 00000180 fcffffff 00000000  ................
 0190 00000000 20000000 1d000000 1f000000  .... ...........
 01a0 00000000 00000180 fcffffff 00000000  ................
 01b0 00000000 20000000 1d000000 1f000000  .... ...........
 01c0 00000000 00000180 fcffffff 00000000  ................
 01d0 00000000 20000000 1d000000 1f000000  .... ...........
 01e0 00000000 00000180 fcffffff 00000000  ................
 01f0 00000000 20000000 1d000000 1f000000  .... ...........
 0200 00000000 00000180 fcffffff 00000000  ................
 0210 00000000 20000000 1d000000 1f000000  .... ...........
 0220 00000000 00000180 fcffffff 00000000  ................
 0230 00000000 20000000 1d000000 1f000000  .... ...........
 0240 00000000 00000180 fcffffff 00000000  ................
 0250 00000000 20000000 1d000000 1f000000  .... ...........
 0260 00000000 00000180 fcffffff 00000000  ................
 0270 00000000 20000000 1d000000 1f000000  .... ...........
 0280 00000000 00000180 fcffffff 00000000  ................
 0290 00000000 20000000 1d000000 1f000000  .... ...........
 02a0 00000000 00000180 fcffffff 00000000  ................
 02b0 00000000 20000000 1d000000 1f000000  .... ...........
 02c0 00000000 00000180 fcffffff 00000000  ................
 02d0 00000000 20000000 1d000000 1f000000  .... ...........
 02e0 00000000 00000180 fcffffff 00000000  ................
 02f0 00000000 20000000 1d000000 1f000000  .... ...........
 0300 00000000 00000180 fcffffff 00000000  ................
 0310 00000000 20000000 1d000000 1f000000  .... ...........
 0320 00000000 00000180 fcffffff 00000000  ................
 0330 00000000 20000000 1d000000 1f000000  .... ...........
 0340 00000000 00000180 fcffffff 00000000  ................
 0350 00000000 20000000 1d000000 1f000000  .... ...........
 0360 00000000 00000180 fcffffff 00000000  ................
 0370 00000000 20000000 1d000000 1f000000  .... ...........
 0380 00000000 00000180 fcffffff 00000000  ................
 0390 00000000 20000000 1d000000 1f000000  .... ...........
 03a0 00000000 00000180 fcffffff 00000000  ................
 03b0 00000000 20000000 1d000000 1f000000  .... ...........
 03c0 00000000 00000180 fcffffff 00000000  ................
 03d0 00000000 20000000 1d000000 1f000000  .... ...........
 03e0 00000000 00000180 fcffffff 00000000  ................
 03f0 00000000 20000000 1d000000 1f000000  .... ...........
 0400 00000000 00000180 fcffffff 00000000  ................
 0410 00000000 20000000 1d000000 1f000000  .... ...........
 0420 00000000 00000180 fcffffff 00000000  ................
 0430 00000000 20000000 1d000000 1f000000  .... ...........
 0440 00000000 00000180 fcffffff 00000000  ................
 0450 00000000 20000000 1d000000 1f000000  .... ...........
 0460 00000000 00000180 fcffffff 00000000  ................
 0470 00000000 20000000 1d000000 1f000000  .... ...........
 0480 00000000 00000180 fcffffff 00000000  ................
 0490 00000000 20000000 1d000000 1f000000  .... ...........
 04a0 00000000 00000180 fcffffff 00000000  ................
 04b0 00000000 20000000 1d000000 1f000000  .... ...........
 04c0 00000000 00000180 fcffffff 00000000  ................
 04d0 00000000 20000000 1d000000 1f000000  .... ...........
 04e0 00000000 00000180 fcffffff 00000000  ................
 04f0 00000000 20000000 1d000000 1f000000  .... ...........
 0500 00000000 00000180 fcffffff 00000000  ................
 0510 00000000 20000000 1d000000 1f000000  .... ...........
 0520 00000000 00000180 fcffffff 00000000  ................
 0530 00000000 20000000 1d000000 1f000000  .... ...........
 0540 00000000 00000180 fcffffff 00000000  ................
 0550 00000000 20000000 1d000000 1f000000  .... ...........
 0560 00000000 00000180 fcffffff 00000000  ................
 0570 00000000 20000000 1d000000 1f000000  .... ...........
 0580 00000000 00000180 fcffffff 00000000  ................
 0590 00000000 20000000 1d000000 1f000000  .... ...........
 05a0 00000000 00000180 fcffffff 00000000  ................
 05b0 00000000 20000000 1d000000 1f000000  .... ...........
 05c0 00000000 00000180 fcffffff 00000000  ................
 05d0 00000000 20000000 1d000000 1f000000  .... ...........
 05e0 00000000 00000180 fcffffff 00000000  ................
 05f0 00000000 20000000 1d000000 1f000000  .... ...........
 0600 00000000 00000180 fcffffff 00000000  ................
 0610 00000000 20000000 1d000000 1f000000  .... ...........
 0620 00000000 00000180 fcffffff 00000000  ................
 0630 00000000 20000000 1d000000 1f000000  .... ...........
 0640 00000000 00000180 fcffffff 00000000  ................
 0650 00000000 20000000 1d000000 1f000000  .... ...........
 0660 00000000 00000180 fcffffff 00000000  ................
 0670 00000000 20000000 1d000000 1f000000  .... ...........
 0680 00000000 00000180 fcffffff 00000000  ................
 0690 00000000 20000000 1d000000 1f000000  .... ...........
 06a0 00000000 00000180 fcffffff 00000000  ................
 06b0 00000000 20000000 1d000000 1f000000  .... ...........
 06c0 00000000 00000180 fcffffff 00000000  ................
 06d0 00000000 20000000 1d000000 1f000000  .... ...........
 06e0 00000000 00000180 fcffffff 00000000  ................
 06f0 00000000 20000000 1d000000 1f000000  .... ...........
 0700 00000000 00000180 fcffffff 00000000  ................
 0710 00000000 20000000 1d000000 1f000000  .... ...........
 0720 00000000 00000180 fcffffff 00000000  ................
 0730 00000000 20000000 1d000000 1f000000  .... ...........
 0740 00000000 00000180 fcffffff 00000000  ................
 0750 00000000 20000000 1d000000 1f000000  .... ...........
 0760 00000000 00000180 fcffffff 00000000  ................
 0770 00000000 20000000 1d000000 1f000000  .... ...........
 0780 00000000 00000180 fcffffff 00000000  ................
 0790 00000000 20000000 1d000000 1f000000  .... ...........
 07a0 00000000 00000180 fcffffff 00000000  ................
 07b0 00000000 20000000 1d000000 1f000000  .... ...........
 07c0 00000000 00000180 fcffffff 00000000  ................
 07d0 00000000 20000000 1d000000 1f000000  .... ...........
 07e0 00000000 00000180 fcffffff 00000000  ................
 07f0 00000000 20000000 1d000000 1f000000  .... ...........
 0800 00000000 00000180 fcffffff 00000000  ................
 0810 00000000 20000000 1d000000 1f000000  .... ...........
 0820 00000000 00000180 fcffffff 00000000  ................
 0830 00000000 20000000 1d000000 1f000000  .... ...........
 0840 00000000 00000180 fcffffff 00000000  ................
 0850 00000000 20000000 1d000000 1f000000  .... ...........
 0860 00000000 00000180 fcffffff 00000000  ................
 0870 00000000 20000000 1d000000 1f000000  .... ...........
 0880 00000000 00000180 fcffffff 00000000  ................
 0890 00000000 20000000 1d000000 1f000000  .... ...........
 08a0 00000000 00000180 fcffffff 00000000  ................
 08b0 00000000 20000000 1d000000 1f000000  .... ...........
 08c0 00000000 00000180 fcffffff 00000000  ................
 08d0 00000000 20000000 1d000000 1f000000  .... ...........
 08e0 00000000 00000180 fcffffff 00000000  ................
 08f0 00000000 20000000 1d000000 1f000000  .... ...........
 0900 00000000 00000180 fcffffff 00000000  ................
 0910 00000000 20000000 1d000000 1f000000  .... ...........
 0920 00000000 00000180 fcffffff 00000000  ................
 0930 00000000 20000000 1d000000 1f000000  .... ...........
 0940 00000000 00000180 fcffffff 00000000  ................
 0950 00000000 20000000 1d000000 1f000000  .... ...........
 0960 00000000 00000180 fcffffff 00000000  ................
 0970 00000000 20000000 1d000000 1f000000  .... ...........
 0980 00000000 00000180 fcffffff 00000000  ................
 0990 00000000 20000000 1d000000 1f000000  .... ...........
 09a0 00000000 00000180 fcffffff 00000000  ................
 09b0 00000000 20000000 1d000000 1f000000  .... ...........
 09c0 00000000 00000180 fcffffff 00000000  ................
 09d0 00000000 20000000 1d000000 1f000000  .... ...........
 09e0 00000000 00000180 fcffffff 00000000  ................
 09f0 00000000 20000000 1d000000 1f000000  .... ...........
 0a00 00000000 00000180 fcffffff 00000000  ................
 0a10 00000000 20000000 1d000000 1f000000  .... ...........
 0a20 00000000 00000180 fcffffff 00000000  ................
 0a30 00000000 20000000 1d000000 1f000000  .... ...........
 0a40 00000000 00000180 fcffffff 00000000  ................
 0a50 00000000 20000000 1d000000 1f000000  .... ...........
 0a60 00000000 00000000 00000000 00000000  ................
 0a70 00000000 00000000 1d000000 1f000000  ................
 0a80 200a009d 00000000 00000000 00000000   ...............
 0a90 00000000 00000000 1d000000 1f000000  ................
 0aa0 00000000 00000000 00000000 00000000  ................
 0ab0 00000000 00000000 1d000000 1f000000  ................
 0ac0 00000000 00000380 fcffffff 00000000  ................
 0ad0 00000000 30000000 1d000000 1f000000  ....0...........
 0ae0 00000000 00000080 fcffffff 00000000  ................
 0af0 00000000 18000000 1d000000 1f000000  ................
 0b00 00000000 00000080 fcffffff 00000000  ................
 0b10 00000000 18000000 1d000000 1f000000  ................
 0b20 00000000 0000ffc0 fcffffff 00000000  ................
 0b30 00000000 60000000 1d000000 1f000000  ....`...........
 0b40 00000000 00001f80 fcffffff 00000000  ................
 0b50 00000000 28000000 1d000000 1f000000  ....(...........
 0b60 00000000 00000000 00000000 00000000  ................
 0b70 00000000 00000000 1d000000 1f000000  ................
 0b80 00000000 0000ffc0 fcffffff 00000000  ................
 0b90 00000000 48000000 1d000000 1f000000  ....H...........
 0ba0 00000000 00000f80 fcffffff 00000000  ................
 0bb0 00000000 28000000 1d000000 1f000000  ....(...........
 0bc0 00000000 00007f80 fcffffff 00000000  ................
 0bd0 00000000 30000000 1d000000 1f000000  ....0...........
 0be0 00000000 00001f80 fcffffff 00000000  ................
 0bf0 00000000 28000000 1d000000 1f000000  ....(...........
 0c00 00000000 0000ff80 fcffffff 00000000  ................
 0c10 00000000 48000000 1d000000 1f000000  ....H...........
 0c20 00000000 0000ffc0 fcffffff 00000000  ................
 0c30 00000000 40000000 1d000000 1f000000  ....@...........
 0c40 00000000 00000080 fcffffff 00000000  ................
 0c50 00000000 18000000 1d000000 1f000000  ................
 0c60 00000000 00000380 fcffffff 00000000  ................
 0c70 00000000 20000000 1d000000 1f000000  .... ...........
 0c80 00000000 00001f80 fcffffff 00000000  ................
 0c90 00000000 38000000 1d000000 1f000000  ....8...........
 0ca0 00000000 0000ffc0 fcffffff 00000000  ................
 0cb0 00000000 48000000 1d000000 1f000000  ....H...........
 0cc0 00000000 0000ffc0 fcffffff 00000000  ................
 0cd0 00000000 58000000 1d000000 1f000000  ....X...........
 0ce0 00000000 0000ffc0 fcffffff 00000000  ................
 0cf0 00000000 68000000 1d000000 1f000000  ....h...........
 0d00 00000000 0000ffc0 fcffffff 00000000  ................
 0d10 00000000 78000000 1d000000 1f000000  ....x...........
 0d20 00000000 00001f80 fcffffff 00000000  ................
 0d30 00000000 50000000 1d000000 1f000000  ....P...........
 0d40 00000000 00000780 fcffffff 00000000  ................
 0d50 00000000 20000000 1d000000 1f000000  .... ...........
 0d60 00000000 00000f80 fcffffff 00000000  ................
 0d70 00000000 30000000 1d000000 1f000000  ....0...........
 0d80 00000000 00003f80 fcffffff 00000000  ......?.........
 0d90 00000000 38000000 1d000000 1f000000  ....8...........
 0da0 00000000 0000ff80 fcffffff 00000000  ................
 0db0 00000000 40000000 1d000000 1f000000  ....@...........
 0dc0 00000000 0000ffc0 fcffffff 00000000  ................
 0dd0 00000000 48000000 1d000000 1f000000  ....H...........
 0de0 00000000 0000ffc0 fcffffff 00000000  ................
 0df0 00000000 50000000 1d000000 1f000000  ....P...........
 0e00 00000000 00000f80 fcffffff 00000000  ................
 0e10 00000000 30000000 1d000000 1f000000  ....0...........
 0e20 00000000 00000380 fcffffff 00000000  ................
 0e30 00000000 20000000 1d000000 1f000000  .... ...........
 0e40 00000000 00000380 fcffffff 00000000  ................
 0e50 00000000 20000000 1d000000 1f000000  .... ...........
 0e60 00000000 00000380 fcffffff 00000000  ................
 0e70 00000000 20000000 1d000000 1f000000  .... ...........
 0e80 00000000 00000080 fcffffff 00000000  ................
 0e90 00000000 18000000 1d000000 1f000000  ................
 0ea0 00000000 00000080 fcffffff 00000000  ................
 0eb0 00000000 18000000 1d000000 1f000000  ................
 0ec0 00000000 00000080 fcffffff 00000000  ................
 0ed0 00000000 18000000 1d000000 1f000000  ................
 0ee0 00000000 0000ffc0 fcffffff 00000000  ................
 0ef0 00000000 78000000 1d000000 1f000000  ....x...........
 0f00 00000000 00000080 fcffffff 00000000  ................
 0f10 00000000 18000000 1d000000 1f000000  ................
 0f20 00000000 00007f80 fcffffff 00000000  ................
 0f30 00000000 40000000 1d000000 1f000000  ....@...........
 0f40 00000000 00000080 fcffffff 00000000  ................
 0f50 00000000 18000000 1d000000 1f000000  ................
 0f60 00000000 00000f80 fcffffff 00000000  ................
 0f70 00000000 b0000000 1d000000 1f000000  ................
 0f80 00000000 00000f80 fcffffff 00000000  ................
 0f90 00000000 b0000000 1d000000 1f000000  ................
 0fa0 00000000 00000080 fcffffff 00000000  ................
 0fb0 00000000 a0000000 1d000000 1f000000  ................
 0fc0 00000000 00000080 fcffffff 00000000  ................
 0fd0 00000000 18000000 1d000000 1f000000  ................
 0fe0 00000000 00000080 fcffffff 00000000  ................
 0ff0 00000000 a0000000 1d000000 1f000000  ................
 1000 00000000 00000080 fcffffff 00000000  ................
 1010 00000000 18000000 1d000000 1f000000  ................
 1020 00000000 00000080 fcffffff 00000000  ................
 1030 00000000 a0000000 1d000000 1f000000  ................
 1040 00000000 0000ffc0 fcffffff 00000000  ................
 1050 00000000 60000000 1d000000 1f000000  ....`...........
 1060 00000000 00000080 fcffffff 00000000  ................
 1070 00000000 08000000 1d000000 1f000000  ................
 1080 00000000 00000080 fcffffff 00000000  ................
 1090 00000000 08000000 1d000000 1f000000  ................
 10a0 00000000 0000ffc0 fcffffff 00000000  ................
 10b0 00000000 88000000 1d000000 1f000000  ................
 10c0 00000000 00000000 00000000 00000000  ................
 10d0 00000000 40000000 1d000000 1f000000  ....@...........
 10e0 00000000 00000000 00000000 00000000  ................
 10f0 00000000 40000000 1d000000 1f000000  ....@...........
 1100 00000000 00000000 00000000 00000000  ................
 1110 00000000 40000000 1d000000 1f000000  ....@...........
 1120 00000000 00000000 00000000 00000000  ................
 1130 00000000 40000000 1d000000 1f000000  ....@...........
 1140 00000000 00000080 fcffffff 00000000  ................
 1150 00000000 a0000000 1d000000 1f000000  ................
 1160 00000000 00000080 fcffffff 00000000  ................
 1170 00000000 a0000000 1d000000 1f000000  ................
 1180 00000000 00000080 fcffffff 00000000  ................
 1190 00000000 a0000000 1d000000 1f000000  ................
 11a0 00000000 00000080 fcffffff 00000000  ................
 11b0 00000000 a0000000 1d000000 1f000000  ................
 11c0 00000000 00000080 fcffffff 00000000  ................
 11d0 00000000 a0000000 1d000000 1f000000  ................
 11e0 00000000 00000080 fcffffff 00000000  ................
 11f0 00000000 a0000000 1d000000 1f000000  ................
 1200 00000000 00000080 fcffffff 00000000  ................
 1210 00000000 a0000000 1d000000 1f000000  ................
 1220 00000000 00000080 fcffffff 00000000  ................
 1230 00000000 a0000000 1d000000 1f000000  ................
 1240 00000000 00000080 fcffffff 00000000  ................
 1250 00000000 a0000000 1d000000 1f000000  ................
 1260 00000000 00000080 fcffffff 00000000  ................
 1270 00000000 a0000000 1d000000 1f000000  ................
 1280 00000000 00000080 fcffffff 00000000  ................
 1290 00000000 a0000000 1d000000 1f000000  ................
 12a0 00000000 00000080 fcffffff 00000000  ................
 12b0 00000000 a0000000 1d000000 1f000000  ................
 12c0 00000000 00000080 fcffffff 00000000  ................
 12d0 00000000 a0000000 1d000000 1f000000  ................
 12e0 00000000 00000080 fcffffff 00000000  ................
 12f0 00000000 a0000000 1d000000 1f000000  ................
 1300 00000000 00000080 fcffffff 00000000  ................
 1310 00000000 a0000000 1d000000 1f000000  ................
 1320 00000000 00000080 fcffffff 00000000  ................
 1330 00000000 a0000000 1d000000 1f000000  ................
 1340 00000000 00000080 fcffffff 00000000  ................
 1350 00000000 a0000000 1d000000 1f000000  ................
 1360 00000000 00000080 fcffffff 00000000  ................
 1370 00000000 a0000000 1d000000 1f000000  ................
 1380 00000000 00000080 fcffffff 00000000  ................
 1390 00000000 a0000000 1d000000 1f000000  ................
 13a0 00000000 00000080 fcffffff 00000000  ................
 13b0 00000000 a0000000 1d000000 1f000000  ................
 13c0 00000000 0000ffc0 fcffffff 00000000  ................
 13d0 00000000 d8000000 1d000000 1f000000  ................
 13e0 00000000 00000080 fcffffff 00000000  ................
 13f0 00000000 08000000 1d000000 1f000000  ................
 1400 00000000 00000080 fcffffff 00000000  ................
 1410 00000000 08000000 1d000000 1f000000  ................
 1420 00000000 00000080 fcffffff 00000000  ................
 1430 00000000 08000000 1d000000 1f000000  ................
 1440 00000000 00000080 fcffffff 00000000  ................
 1450 00000000 08000000 1d000000 1f000000  ................
 1460 00000000 0000ff00 fcffffff 00000000  ................
 1470 00000000 20000000 1d000000 1f000000  .... ...........
 1480 00000000 0000ff00 fcffffff 00000000  ................
 1490 00000000 20000000 1d000000 1f000000  .... ...........
 14a0 00000000 00000000 00000000 00000000  ................
 14b0 00000000 00000000 1d000000 1f000000  ................
 14c0 00000000 00000000 00000000 00000000  ................
 14d0 00000000 00000000 1d000000 1f000000  ................
 14e0 00000000 00007f80 fcffffff 00000000  ................
 14f0 00000000 30000000 1d000000 1f000000  ....0...........
 1500 00000000 00000000 00000000 00000000  ................
 1510 00000000 18000000 1d000000 1f000000  ................
 1520 00000000 00000000 00000000 00000000  ................
 1530 00000000 28000000 1d000000 1f000000  ....(...........
 1540 00000000 00000000 00000000 00000000  ................
 1550 00000000 80000000 1d000000 1f000000  ................
 1560 00000000 00000000 00000000 00000000  ................
 1570 00000000 00000000 1d000000 1f000000  ................
 1580 00000000 00003f80 fcffffff 00000000  ......?.........
 1590 00000000 50000000 1d000000 1f000000  ....P...........
 15a0 00000000 00000000 00000000 00000000  ................
 15b0 00000000 10000000 1d000000 1f000000  ................
 15c0 00000000 00000080 fcffffff 00000000  ................
 15d0 00000000 08000000 1d000000 1f000000  ................
 15e0 00000000 00000000 00000000 00000000  ................
 15f0 00000000 00000000 1d000000 1f000000  ................
 1600 00000000 00000000 00000000 00000000  ................
 1610 00000000 00000000 1d000000 1f000000  ................
 1620 00000000 00000000 00000000 00000000  ................
 1630 00000000 10000000 1d000000 1f000000  ................
 1640 00000000 00000080 fcffffff 00000000  ................
 1650 00000000 18000000 1d000000 1f000000  ................
 1660 00000000 00003f80 fcffffff 00000000  ......?.........
 1670 00000000 30000000 1d000000 1f000000  ....0...........
 1680 00000000 00000000 00000000 00000000  ................
 1690 00000000 00000000 1d000000 1f000000  ................
 16a0 00000000 00000000 00000000 00000000  ................
 16b0 00000000 10000000 1d000000 1f000000  ................
 16c0 00000000 00000000 00000000 00000000  ................
 16d0 00000000 00000000 1d000000 1f000000  ................
 16e0 00000000 00000000 00000000 00000000  ................
 16f0 00000000 00000000 1d000000 1f000000  ................
 1700 00000000 00000000 00000000 00000000  ................
 1710 00000000 00000000 1d000000 1f000000  ................
 1720 00000000 00000000 00000000 00000000  ................
 1730 00000000 10000000 1d000000 1f000000  ................
 1740 00000000 00000000 00000000 00000000  ................
 1750 00000000 10000000 1d000000 1f000000  ................
 1760 00000000 00000000 00000000 00000000  ................
 1770 00000000 10000000 1d000000 1f000000  ................
 1780 00000000 00000000 00000000 00000000  ................
 1790 00000000 10000000 1d000000 1f000000  ................
 17a0 00000000 00000000 00000000 00000000  ................
 17b0 00000000 10000000 1d000000 1f000000  ................
 17c0 00000000 00000080 fcffffff 00000000  ................
 17d0 00000000 48000000 1d000000 1f000000  ....H...........
 17e0 00000000 00000080 fcffffff 00000000  ................
 17f0 00000000 08000000 1d000000 1f000000  ................
 1800 00000000 00000080 fcffffff 00000000  ................
 1810 00000000 08000000 1d000000 1f000000  ................
 1820 00000000 00000080 fcffffff 00000000  ................
 1830 00000000 08000000 1d000000 1f000000  ................
 1840 00000000 00000080 fcffffff 00000000  ................
 1850 00000000 08000000 1d000000 1f000000  ................
 1860 00000000 00000080 fcffffff 00000000  ................
 1870 00000000 08000000 1d000000 1f000000  ................
 1880 00000000 00000080 fcffffff 00000000  ................
 1890 00000000 08000000 1d000000 1f000000  ................
 18a0 00000000 0000ffc0 fcffffff 00000000  ................
 18b0 00000000 70000000 1d000000 1f000000  ....p...........
 18c0 00000000 00000080 fcffffff 00000000  ................
 18d0 00000000 08000000 1d000000 1f000000  ................
 18e0 00000000 00000080 fcffffff 00000000  ................
 18f0 00000000 08000000 1d000000 1f000000  ................
 1900 00000000 00000380 fcffffff 00000000  ................
 1910 00000000 80000000 1d000000 1f000000  ................
 1920 00000000 00000080 fcffffff 00000000  ................
 1930 00000000 08000000 1d000000 1f000000  ................
 1940 00000000 00000080 fcffffff 00000000  ................
 1950 00000000 08000000 1d000000 1f000000  ................
 1960 00000000 00000080 fcffffff 00000000  ................
 1970 00000000 08000000 1d000000 1f000000  ................
 1980 00000000 00000080 fcffffff 00000000  ................
 1990 00000000 08000000 1d000000 1f000000  ................
 19a0 00000000 00000080 fcffffff 00000000  ................
 19b0 00000000 08000000 1d000000 1f000000  ................
 19c0 00000000 00000080 fcffffff 00000000  ................
 19d0 00000000 08000000 1d000000 1f000000  ................
 19e0 00000000 00000080 fcffffff 00000000  ................
 19f0 00000000 08000000 1d000000 1f000000  ................
 1a00 00000000 00000080 fcffffff 00000000  ................
 1a10 00000000 08000000 1d000000 1f000000  ................
 1a20 00000000 00000080 fcffffff 00000000  ................
 1a30 00000000 08000000 1d000000 1f000000  ................
 1a40 00000000 00000080 fcffffff 00000000  ................
 1a50 00000000 08000000 1d000000 1f000000  ................
 1a60 00000000 00000080 fcffffff 00000000  ................
 1a70 00000000 08000000 1d000000 1f000000  ................
 1a80 00000000 00000080 fcffffff 00000000  ................
 1a90 00000000 08000000 1d000000 1f000000  ................
 1aa0 00000000 0000ffc0 fcffffff 00000000  ................
 1ab0 00000000 b8000000 1d000000 1f000000  ................
 1ac0 00000000 00000080 fcffffff 00000000  ................
 1ad0 00000000 08000000 1d000000 1f000000  ................
 1ae0 00000000 00000080 fcffffff 00000000  ................
 1af0 00000000 08000000 1d000000 1f000000  ................
 1b00 00000000 00000080 fcffffff 00000000  ................
 1b10 00000000 08000000 1d000000 1f000000  ................
 1b20 00000000 00000080 fcffffff 00000000  ................
 1b30 00000000 08000000 1d000000 1f000000  ................
 1b40 00000000 00000000 00000000 00000000  ................
 1b50 00000000 00000000 1d000000 1f000000  ................
 1b60 00000000 00000000 00000000 00000000  ................
 1b70 00000000 00000000 1d000000 1f000000  ................
 1b80 00000000 00000780 fcffffff 00000000  ................
 1b90 00000000 18000000 1d000000 1f000000  ................
 1ba0 00000000 00000780 fcffffff 00000000  ................
 1bb0 00000000 50000000 1d000000 1f000000  ....P...........
 1bc0 00000000 00000780 fcffffff 00000000  ................
 1bd0 00000000 18000000 1d000000 1f000000  ................
 1be0 00000000 00000780 fcffffff 00000000  ................
 1bf0 00000000 28000000 1d000000 1f000000  ....(...........
 1c00 00000000 00000780 fcffffff 00000000  ................
 1c10 00000000 40000000 1d000000 1f000000  ....@...........
 1c20 00000000 00000780 fcffffff 00000000  ................
 1c30 00000000 30000000 1d000000 1f000000  ....0...........
 1c40 00000000 00000100 fcffffff 00000000  ................
 1c50 00000000 08000000 1d000000 1f000000  ................
 1c60 00000000 00003f80 fcffffff 00000000  ......?.........
 1c70 00000000 50000000 1d000000 1f000000  ....P...........
 1c80 00000000 0000ffc0 fcffffff 00000000  ................
 1c90 00000000 38000000 1d000000 1f000000  ....8...........
 1ca0 00000000 00000f80 fcffffff 00000000  ................
 1cb0 00000000 20000000 1d000000 1f000000  .... ...........
 1cc0 00000000 00000f80 fcffffff 00000000  ................
 1cd0 00000000 38000000 1d000000 1f000000  ....8...........
 1ce0 00000000 00000080 fcffffff 00000000  ................
 1cf0 00000000 18000000 1d000000 1f000000  ................
 1d00 00000000 00000000 00000000 00000000  ................
 1d10 00000000 28000000 1d000000 1f000000  ....(...........
 1d20 00000000 00000000 00000000 00000000  ................
 1d30 00000000 40000000 1d000000 1f000000  ....@...........
 1d40 00000000 00000000 00000000 00000000  ................
 1d50 00000000 30000000 1d000000 1f000000  ....0...........
 1d60 00000000 00000000 00000000 00000000  ................
 1d70 00000000 30000000 1d000000 1f000000  ....0...........
 1d80 00000000 00000000 00000000 00000000  ................
 1d90 00000000 30000000 1d000000 1f000000  ....0...........
 1da0 00000000 00000000 00000000 00000000  ................
 1db0 00000000 00000000 1d000000 1f000000  ................
 1dc0 00000000 00000000 00000000 00000000  ................
 1dd0 00000000 30000000 1d000000 1f000000  ....0...........
 1de0 00000000 00000000 00000000 00000000  ................
 1df0 00000000 40000000 1d000000 1f000000  ....@...........
 1e00 00000000 00000000 00000000 00000000  ................
 1e10 00000000 80000000 1d000000 1f000000  ................
 1e20 00000000 00000000 00000000 00000000  ................
 1e30 00000000 10000000 1d000000 1f000000  ................
 1e40 00000000 00000000 00000000 00000000  ................
 1e50 00000000 10000000 1d000000 1f000000  ................
 1e60 00000000 00000000 00000000 00000000  ................
 1e70 00000000 08000000 1d000000 1f000000  ................
 1e80 00000000 00000000 00000000 00000000  ................
 1e90 00000000 28000000 1d000000 1f000000  ....(...........
 1ea0 00000000 00000000 00000000 00000000  ................
 1eb0 00000000 28000000 1d000000 1f000000  ....(...........
 1ec0 00000000 00000080 fcffffff 00000000  ................
 1ed0 00000000 18000000 1d000000 1f000000  ................
 1ee0 00000000 00000000 00000000 00000000  ................
 1ef0 00000000 78000000 1d000000 1f000000  ....x...........
 1f00 00000000 00000000 00000000 00000000  ................
 1f10 00000000 00000000 1d000000 1f000000  ................
 1f20 00000000 00000080 fcffffff 00000000  ................
 1f30 00000000 38000000 1d000000 1f000000  ....8...........
 1f40 00000000 00000000 00000000 00000000  ................
 1f50 00000000 00000000 1d000000 1f000000  ................
 1f60 00000000 00000000 00000000 00000000  ................
 1f70 00000000 00000000 1d000000 1f000000  ................
 1f80 00000000 00000000 00000000 00000000  ................
 1f90 00000000 00000000 1d000000 1f000000  ................
 1fa0 00000000 00003f80 fcffffff 00000000  ......?.........
 1fb0 00000000 60000000 1d000000 1f000000  ....`...........
 1fc0 00000000 00000000 00000000 00000000  ................
 1fd0 00000000 10000000 1d000000 1f000000  ................
 1fe0 00000000 00000000 00000000 00000000  ................
 1ff0 00000000 10000000 1d000000 1f000000  ................
 2000 00000000 00000000 00000000 00000000  ................
 2010 00000000 10000000 1d000000 1f000000  ................
 2020 00000000 00000000 00000000 00000000  ................
 2030 00000000 10000000 1d000000 1f000000  ................
 2040 00000000 00000000 00000000 00000000  ................
 2050 00000000 10000000 1d000000 1f000000  ................
 2060 00000000 00000000 00000000 00000000  ................
 2070 00000000 10000000 1d000000 1f000000  ................
 2080 00000000 00000000 00000000 00000000  ................
 2090 00000000 10000000 1d000000 1f000000  ................
 20a0 00000000 00000000 00000000 00000000  ................
 20b0 00000000 10000000 1d000000 1f000000  ................
 20c0 00000000 00000000 00000000 00000000  ................
 20d0 00000000 10000000 1d000000 1f000000  ................
 20e0 00000000 00000f80 fcffffff 00000000  ................
 20f0 00000000 28000000 1d000000 1f000000  ....(...........
 2100 00000000 00000000 00000000 00000000  ................
 2110 00000000 10000000 1d000000 1f000000  ................
 2120 00000000 00000f00 fcffffff 00000000  ................
 2130 00000000 28000000 1d000000 1f000000  ....(...........
 2140 00000000 00000000 00000000 00000000  ................
 2150 00000000 10000000 1d000000 1f000000  ................
 2160 00000000 0000ffc0 fcffffff 00000000  ................
 2170 00000000 38000000 1d000000 1f000000  ....8...........
 2180 00000000 00000080 fcffffff 00000000  ................
 2190 00000000 18000000 1d000000 1f000000  ................
 21a0 00000000 00000000 00000000 00000000  ................
 21b0 00000000 10000000 1d000000 1f000000  ................
 21c0 00000000 00000000 00000000 00000000  ................
 21d0 00000000 10000000 1d000000 1f000000  ................
 21e0 00000000 0000ffc0 fcffffff 00000000  ................
 21f0 00000000 a0000000 1d000000 1f000000  ................
 2200 00000000 00000080 fcffffff 00000000  ................
 2210 00000000 18000000 1d000000 1f000000  ................
 2220 00000000 00000080 fcffffff 00000000  ................
 2230 00000000 18000000 1d000000 1f000000  ................
 2240 00000000 00000180 fcffffff 00000000  ................
 2250 00000000 20000000 1d000000 1f000000  .... ...........
 2260 00000000 00000180 fcffffff 00000000  ................
 2270 00000000 28000000 1d000000 1f000000  ....(...........
 2280 00000000 00000180 fcffffff 00000000  ................
 2290 00000000 30000000 1d000000 1f000000  ....0...........
 22a0 00000000 00000180 fcffffff 00000000  ................
 22b0 00000000 20000000 1d000000 1f000000  .... ...........
 22c0 00000000 00000080 fcffffff 00000000  ................
 22d0 00000000 18000000 1d000000 1f000000  ................
 22e0 00000000 00000080 fcffffff 00000000  ................
 22f0 00000000 18000000 1d000000 1f000000  ................
 2300 00000000 00000180 fcffffff 00000000  ................
 2310 00000000 20000000 1d000000 1f000000  .... ...........
 2320 00000000 00000180 fcffffff 00000000  ................
 2330 00000000 28000000 1d000000 1f000000  ....(...........
 2340 00000000 00000180 fcffffff 00000000  ................
 2350 00000000 30000000 1d000000 1f000000  ....0...........
 2360 00000000 00000180 fcffffff 00000000  ................
 2370 00000000 20000000 1d000000 1f000000  .... ...........
 2380 00000000 00000000 00000000 00000000  ................
 2390 00000000 10000000 1d000000 1f000000  ................
 23a0 00000000 00000000 00000000 00000000  ................
 23b0 00000000 48000000 1d000000 1f000000  ....H...........
 23c0 00000000 00000000 00000000 00000000  ................
 23d0 00000000 38000000 1d000000 1f000000  ....8...........
 23e0 00000000 00000000 00000000 00000000  ................
 23f0 00000000 38000000 1d000000 1f000000  ....8...........
 2400 00000000 00000300 fcffffff 00000000  ................
 2410 00000000 50000000 1d000000 1f000000  ....P...........
 2420 00000000 00000000 00000000 00000000  ................
 2430 00000000 38000000 1d000000 1f000000  ....8...........
 2440 00000000 00000000 00000000 00000000  ................
 2450 00000000 38000000 1d000000 1f000000  ....8...........
 2460 00000000 00000000 00000000 00000000  ................
 2470 00000000 38000000 1d000000 1f000000  ....8...........
 2480 00000000 00000000 00000000 00000000  ................
 2490 00000000 48000000 1d000000 1f000000  ....H...........
 24a0 00000000 00000000 00000000 00000000  ................
 24b0 00000000 38000000 1d000000 1f000000  ....8...........
 24c0 00000000 00000000 00000000 00000000  ................
 24d0 00000000 48000000 1d000000 1f000000  ....H...........
 24e0 00000000 00000080 fcffffff 00000000  ................
 24f0 00000000 18000000 1d000000 1f000000  ................
 2500 00000000 00000080 fcffffff 00000000  ................
 2510 00000000 18000000 1d000000 1f000000  ................
 2520 00000000 00000180 fcffffff 00000000  ................
 2530 00000000 18000000 1d000000 1f000000  ................
 2540 00000000 00000180 fcffffff 00000000  ................
 2550 00000000 18000000 1d000000 1f000000  ................
 2560 00000000 00000180 fcffffff 00000000  ................
 2570 00000000 18000000 1d000000 1f000000  ................
 2580 00000000 00000080 fcffffff 00000000  ................
 2590 00000000 18000000 1d000000 1f000000  ................
 25a0 00000000 00000080 fcffffff 00000000  ................
 25b0 00000000 18000000 1d000000 1f000000  ................
 25c0 00000000 00000180 fcffffff 00000000  ................
 25d0 00000000 18000000 1d000000 1f000000  ................
 25e0 00000000 00000180 fcffffff 00000000  ................
 25f0 00000000 18000000 1d000000 1f000000  ................
 2600 00000000 00000180 fcffffff 00000000  ................
 2610 00000000 18000000 1d000000 1f000000  ................
 2620 00000000 00000000 00000000 00000000  ................
 2630 00000000 00000000 1d000000 1f000000  ................
 2640 00000000 00000080 fcffffff 00000000  ................
 2650 00000000 18000000 1d000000 1f000000  ................
 2660 00000000 00000180 fcffffff 00000000  ................
 2670 00000000 18000000 1d000000 1f000000  ................
 2680 00000000 00000180 fcffffff 00000000  ................
 2690 00000000 18000000 1d000000 1f000000  ................
 26a0 00000000 00000180 fcffffff 00000000  ................
 26b0 00000000 18000000 1d000000 1f000000  ................
 26c0 00000000 00000000 00000000 00000000  ................
 26d0 00000000 00000000 1d000000 1f000000  ................
 26e0 00000000 00000000 00000000 00000000  ................
 26f0 00000000 00000000 1d000000 1f000000  ................
 2700 00000000 00000000 00000000 00000000  ................
 2710 00000000 00000000 1d000000 1f000000  ................
 2720 00000000 00000000 00000000 00000000  ................
 2730 00000000 00000000 1d000000 1f000000  ................
 2740 00000000 00000000 00000000 00000000  ................
 2750 00000000 10000000 1d000000 1f000000  ................
 2760 00000000 00000380 fcffffff 00000000  ................
 2770 00000000 38000000 1d000000 1f000000  ....8...........
 2780 00000000 00000000 00000000 00000000  ................
 2790 00000000 28000000 1d000000 1f000000  ....(...........
 27a0 00000000 00000000 00000000 00000000  ................
 27b0 00000000 00000000 1d000000 1f000000  ................
 27c0 00000000 00000380 fcffffff 00000000  ................
 27d0 00000000 20000000 1d000000 1f000000  .... ...........
 27e0 00000000 00000000 00000000 00000000  ................
 27f0 00000000 00000000 1d000000 1f000000  ................
 2800 00000000 00000000 00000000 00000000  ................
 2810 00000000 00000000 1d000000 1f000000  ................
 2820 00000000 00000380 fcffffff 00000000  ................
 2830 00000000 20000000 1d000000 1f000000  .... ...........
 2840 00000000 00000780 fcffffff 00000000  ................
 2850 00000000 20000000 1d000000 1f000000  .... ...........
 2860 00000000 00000080 fcffffff 00000000  ................
 2870 00000000 18000000 1d000000 1f000000  ................
 2880 00000000 00000080 fcffffff 00000000  ................
 2890 00000000 38000000 1d000000 1f000000  ....8...........
 28a0 00000000 00000000 00000000 00000000  ................
 28b0 00000000 00000000 1d000000 1f000000  ................
 28c0 00000000 00000000 00000000 00000000  ................
 28d0 00000000 00000000 1d000000 1f000000  ................
 28e0 00000000 00000000 00000000 00000000  ................
 28f0 00000000 00000000 1d000000 1f000000  ................
 2900 00000000 00000000 00000000 00000000  ................
 2910 00000000 00000000 1d000000 1f000000  ................
 2920 00000000 00000080 fcffffff 00000000  ................
 2930 00000000 48000000 1d000000 1f000000  ....H...........
 2940 00000000 00000f80 fcffffff 00000000  ................
 2950 00000000 b0000000 1d000000 1f000000  ................
 2960 00000000 00000000 00000000 00000000  ................
 2970 00000000 10000000 1d000000 1f000000  ................
 2980 00000000 00000000 00000000 00000000  ................
 2990 00000000 10000000 1d000000 1f000000  ................
 29a0 00000000 00000380 fcffffff 00000000  ................
 29b0 00000000 20000000 1d000000 1f000000  .... ...........
 29c0 00000000 00000180 fcffffff 00000000  ................
 29d0 00000000 18000000 1d000000 1f000000  ................
 29e0 00000000 00000000 00000000 00000000  ................
 29f0 00000000 10000000 1d000000 1f000000  ................
 2a00 00000000 00000000 00000000 00000000  ................
 2a10 00000000 10000000 1d000000 1f000000  ................
 2a20 00000000 00000000 00000000 00000000  ................
 2a30 00000000 10000000 1d000000 1f000000  ................
 2a40 00000000 00000000 00000000 00000000  ................
 2a50 00000000 10000000 1d000000 1f000000  ................
 2a60 00000000 00000000 00000000 00000000  ................
 2a70 00000000 10000000 1d000000 1f000000  ................
 2a80 00000000 00000000 00000000 00000000  ................
 2a90 00000000 10000000 1d000000 1f000000  ................
 2aa0 00000000 00000000 00000000 00000000  ................
 2ab0 00000000 10000000 1d000000 1f000000  ................
 2ac0 00000000 00000000 00000000 00000000  ................
 2ad0 00000000 10000000 1d000000 1f000000  ................
 2ae0 00000000 00001f80 fcffffff 00000000  ................
 2af0 00000000 28000000 1d000000 1f000000  ....(...........
 2b00 00000000 00000000 00000000 00000000  ................
 2b10 00000000 10000000 1d000000 1f000000  ................
 2b20 00000000 00000780 fcffffff 00000000  ................
 2b30 00000000 c0000000 1d000000 1f000000  ................
 2b40 00000000 00000100 fcffffff 00000000  ................
 2b50 00000000 18000000 1d000000 1f000000  ................
 2b60 00000000 00003f80 fcffffff 00000000  ......?.........
 2b70 00000000 30000000 1d000000 1f000000  ....0...........
 2b80 00000000 0000ffc0 fcffffff 00000000  ................
 2b90 00000000 40000000 1d000000 1f000000  ....@...........
 2ba0 00000000 00000080 fcffffff 00000000  ................
 2bb0 00000000 18000000 1d000000 1f000000  ................
 2bc0 00000000 00000000 00000000 00000000  ................
 2bd0 00000000 10000000 1d000000 1f000000  ................
 2be0 00000000 00000000 00000000 00000000  ................
 2bf0 00000000 10000000 1d000000 1f000000  ................
 2c00 00000000 0000ffc0 fcffffff 00000000  ................
 2c10 00000000 a0000000 1d000000 1f000000  ................
 2c20 00000000 00000000 00000000 00000000  ................
 2c30 00000000 10000000 1d000000 1f000000  ................
 2c40 00000000 00000000 00000000 00000000  ................
 2c50 00000000 10000000 1d000000 1f000000  ................
 2c60 00000000 00000000 00000000 00000000  ................
 2c70 00000000 00000000 1d000000 1f000000  ................
 2c80 00000000 00001f00 fcffffff 00000000  ................
 2c90 00000000 28000000 1d000000 1f000000  ....(...........
 2ca0 00000000 00000f00 fcffffff 00000000  ................
 2cb0 00000000 20000000 1d000000 1f000000  .... ...........
 2cc0 00000000 00001f80 fcffffff 00000000  ................
 2cd0 00000000 38030000 1d000000 1f000000  ....8...........
 2ce0 00000000 0000ffc0 fcffffff 00000000  ................
 2cf0 00000000 40000000 1d000000 1f000000  ....@...........
 2d00 00000000 00000000 00000000 00000000  ................
 2d10 00000000 00000000 1d000000 1f000000  ................
 2d20 00000000 00000000 00000000 00000000  ................
 2d30 00000000 00000000 1d000000 1f000000  ................
 2d40 00000000 00000000 00000000 00000000  ................
 2d50 00000000 28000000 1d000000 1f000000  ....(...........
 2d60 00000000 00000000 00000000 00000000  ................
 2d70 00000000 28000000 1d000000 1f000000  ....(...........
 2d80 00000000 00000000 00000000 00000000  ................
 2d90 00000000 28000000 1d000000 1f000000  ....(...........
 2da0 00000000 00000000 00000000 00000000  ................
 2db0 00000000 28000000 1d000000 1f000000  ....(...........
 2dc0 00000000 00000000 00000000 00000000  ................
 2dd0 00000000 28000000 1d000000 1f000000  ....(...........
 2de0 00000000 00000000 00000000 00000000  ................
 2df0 00000000 28000000 1d000000 1f000000  ....(...........
 2e00 00000000 00000000 00000000 00000000  ................
 2e10 00000000 28000000 1d000000 1f000000  ....(...........
 2e20 00000000 00000000 00000000 00000000  ................
 2e30 00000000 28000000 1d000000 1f000000  ....(...........
 2e40 00000000 00000380 fcffffff 00000000  ................
 2e50 00000000 20000000 1d000000 1f000000  .... ...........
 2e60 00000000 00000080 fcffffff 00000000  ................
 2e70 00000000 18000000 1d000000 1f000000  ................
 2e80 00000000 00000080 fcffffff 00000000  ................
 2e90 00000000 18000000 1d000000 1f000000  ................
 2ea0 00000000 00000080 fcffffff 00000000  ................
 2eb0 00000000 18000000 1d000000 1f000000  ................
 2ec0 00000000 00000080 fcffffff 00000000  ................
 2ed0 00000000 18000000 1d000000 1f000000  ................
 2ee0 00000000 00000000 00000000 00000000  ................
 2ef0 00000000 38000000 1d000000 1f000000  ....8...........
 2f00 00000000 00000000 00000000 00000000  ................
 2f10 00000000 38000000 1d000000 1f000000  ....8...........
 2f20 00000000 00000000 00000000 00000000  ................
 2f30 00000000 00000000 1d000000 1f000000  ................
 2f40 00000000 00000000 00000000 00000000  ................
 2f50 00000000 00000000 1d000000 1f000000  ................
 2f60 00000000 00000000 00000000 00000000  ................
 2f70 00000000 00000000 1d000000 1f000000  ................
 2f80 00000000 00000000 00000000 00000000  ................
 2f90 00000000 10000000 1d000000 1f000000  ................
 2fa0 00000000 00000000 00000000 00000000  ................
 2fb0 00000000 08000000 1d000000 1f000000  ................
 2fc0 00000000 00000000 00000000 00000000  ................
 2fd0 00000000 30000000 1d000000 1f000000  ....0...........
 2fe0 00000000 00000000 00000000 00000000  ................
 2ff0 00000000 10000000 1d000000 1f000000  ................
 3000 00000000 00000780 fcffffff 00000000  ................
 3010 00000000 20000000 1d000000 1f000000  .... ...........
 3020 00000000 00000000 00000000 00000000  ................
 3030 00000000 10000000 1d000000 1f000000  ................
 3040 00000000 00000000 00000000 00000000  ................
 3050 00000000 10000000 1d000000 1f000000  ................
 3060 00000000 0000ff80 fcffffff 00000000  ................
 3070 00000000 78000000 1d000000 1f000000  ....x...........
 3080 00000000 0000ff80 fcffffff 00000000  ................
 3090 00000000 78000000 1d000000 1f000000  ....x...........
 30a0 00000000 0000ffc0 fcffffff 00000000  ................
 30b0 00000000 88000000 1d000000 1f000000  ................
 30c0 00000000 0000ffc0 fcffffff 00000000  ................
 30d0 00000000 88000000 1d000000 1f000000  ................
 30e0 00000000 0000ffc0 fcffffff 00000000  ................
 30f0 00000000 80000000 1d000000 1f000000  ................
 3100 00000000 0000ffc0 fcffffff 00000000  ................
 3110 00000000 80000000 1d000000 1f000000  ................
 3120 00000000 0000ffc0 fcffffff 00000000  ................
 3130 00000000 78000000 1d000000 1f000000  ....x...........
 3140 00000000 0000ffc0 fcffffff 00000000  ................
 3150 00000000 78000000 1d000000 1f000000  ....x...........
 3160 00000000 00000000 00000000 00000000  ................
 3170 00000000 00000000 1d000000 1f000000  ................
 3180 00000000 00000000 00000000 00000000  ................
 3190 00000000 00000000 1d000000 1f000000  ................
 31a0 00000000 00000080 fcffffff 00000000  ................
 31b0 00000000 18000000 1d000000 1f000000  ................
 31c0 00000000 00000080 fcffffff 00000000  ................
 31d0 00000000 18000000 1d000000 1f000000  ................
 31e0 00000000 00000080 fcffffff 00000000  ................
 31f0 00000000 18000000 1d000000 1f000000  ................
 3200 00000000 00000080 fcffffff 00000000  ................
 3210 00000000 18000000 1d000000 1f000000  ................
 3220 00000000 00000000 00000000 00000000  ................
 3230 00000000 10000000 1d000000 1f000000  ................
 3240 00000000 00000000 00000000 00000000  ................
 3250 00000000 10000000 1d000000 1f000000  ................
 3260 00000000 00000000 00000000 00000000  ................
 3270 00000000 00000000 1d000000 1f000000  ................
 3280 00000000 00000380 fcffffff 00000000  ................
 3290 00000000 38000000 1d000000 1f000000  ....8...........
 32a0 00000000 00000000 00000000 00000000  ................
 32b0 00000000 28000000 1d000000 1f000000  ....(...........
 32c0 00000000 00000780 fcffffff 00000000  ................
 32d0 00000000 c0000000 1d000000 1f000000  ................
 32e0 00000000 0000ffc0 fcffffff 00000000  ................
 32f0 00000000 90050000 1d000000 1f000000  ................
 3300 00000000 0000ffc0 fcffffff 00000000  ................
 3310 00000000 80030000 1d000000 1f000000  ................
 3320 00000000 00000080 fcffffff 00000000  ................
 3330 00000000 18000000 1d000000 1f000000  ................
 3340 00000000 00000080 fcffffff 00000000  ................
 3350 00000000 18000000 1d000000 1f000000  ................
 3360 00000000 00000080 fcffffff 00000000  ................
 3370 00000000 48000000 1d000000 1f000000  ....H...........
 3380 00000000 00000000 00000000 00000000  ................
 3390 00000000 00000000 1d000000 1f000000  ................
 33a0 00000000 00000080 fcffffff 00000000  ................
 33b0 00000000 18000000 1d000000 1f000000  ................
 33c0 00000000 00000080 fcffffff 00000000  ................
 33d0 00000000 18000000 1d000000 1f000000  ................
 33e0 00000000 00000780 fcffffff 00000000  ................
 33f0 00000000 20000000 1d000000 1f000000  .... ...........
 3400 00000000 00000780 fcffffff 00000000  ................
 3410 00000000 20000000 1d000000 1f000000  .... ...........
 3420 00000000 00000780 fcffffff 00000000  ................
 3430 00000000 20000000 1d000000 1f000000  .... ...........
 3440 00000000 00000780 fcffffff 00000000  ................
 3450 00000000 20000000 1d000000 1f000000  .... ...........
 3460 00000000 00000080 fcffffff 00000000  ................
 3470 00000000 18000000 1d000000 1f000000  ................
 3480 00000000 00000780 fcffffff 00000000  ................
 3490 00000000 28000000 1d000000 1f000000  ....(...........
 34a0 00000000 00000780 fcffffff 00000000  ................
 34b0 00000000 28000000 1d000000 1f000000  ....(...........
 34c0 00000000 00000780 fcffffff 00000000  ................
 34d0 00000000 28000000 1d000000 1f000000  ....(...........
 34e0 00000000 00000780 fcffffff 00000000  ................
 34f0 00000000 28000000 1d000000 1f000000  ....(...........
 3500 00000000 00000080 fcffffff 00000000  ................
 3510 00000000 18000000 1d000000 1f000000  ................
 3520 00000000 00000080 fcffffff 00000000  ................
 3530 00000000 18000000 1d000000 1f000000  ................
 3540 00000000 00000080 fcffffff 00000000  ................
 3550 00000000 18000000 1d000000 1f000000  ................
 3560 00000000 00000080 fcffffff 00000000  ................
 3570 00000000 18000000 1d000000 1f000000  ................
 3580 00000000 00000080 fcffffff 00000000  ................
 3590 00000000 a0000000 1d000000 1f000000  ................
 35a0 00000000 00000080 fcffffff 00000000  ................
 35b0 00000000 a0000000 1d000000 1f000000  ................
 35c0 00000000 00000080 fcffffff 00000000  ................
 35d0 00000000 a0000000 1d000000 1f000000  ................
 35e0 00000000 00000080 fcffffff 00000000  ................
 35f0 00000000 a0000000 1d000000 1f000000  ................
 3600 00000000 00000080 fcffffff 00000000  ................
 3610 00000000 a0000000 1d000000 1f000000  ................
 3620 00000000 00000080 fcffffff 00000000  ................
 3630 00000000 a0000000 1d000000 1f000000  ................
 3640 00000000 00000080 fcffffff 00000000  ................
 3650 00000000 a0000000 1d000000 1f000000  ................
 3660 00000000 00000080 fcffffff 00000000  ................
 3670 00000000 a0000000 1d000000 1f000000  ................
 3680 00000000 00000000 00000000 00000000  ................
 3690 00000000 10000000 1d000000 1f000000  ................
 36a0 00000000 00000000 00000000 00000000  ................
 36b0 00000000 00000000 1d000000 1f000000  ................
 36c0 00000000 00000000 00000000 00000000  ................
 36d0 00000000 28000000 1d000000 1f000000  ....(...........
 36e0 00000000 00000080 fcffffff 00000000  ................
 36f0 00000000 18000000 1d000000 1f000000  ................
 3700 00000000 00000780 fcffffff 00000000  ................
 3710 00000000 a8000000 1d000000 1f000000  ................
 3720 00000000 00000000 00000000 00000000  ................
 3730 00000000 00000000 1d000000 1f000000  ................
 3740 00000000 00000000 00000000 00000000  ................
 3750 00000000 00000000 1d000000 1f000000  ................
 3760 00000000 00000000 00000000 00000000  ................
 3770 00000000 00000000 1d000000 1f000000  ................
 3780 00000000 00000000 00000000 00000000  ................
 3790 00000000 00000000 1d000000 1f000000  ................
 37a0 00000000 00000000 00000000 00000000  ................
 37b0 00000000 20000000 1d000000 1f000000  .... ...........
 37c0 00000000 00000000 00000000 00000000  ................
 37d0 00000000 00000000 1d000000 1f000000  ................
 37e0 00000000 00000000 00000000 00000000  ................
 37f0 00000000 00000000 1d000000 1f000000  ................
 3800 00000000 00000080 fcffffff 00000000  ................
 3810 00000000 18000000 1d000000 1f000000  ................
 3820 00000000 00000000 00000000 00000000  ................
 3830 00000000 00000000 1d000000 1f000000  ................
 3840 00000000 00000000 00000000 00000000  ................
 3850 00000000 00000000 1d000000 1f000000  ................
 3860 00000000 00000080 fcffffff 00000000  ................
 3870 00000000 18000000 1d000000 1f000000  ................
 3880 00000000 00000000 00000000 00000000  ................
 3890 00000000 00000000 1d000000 1f000000  ................
 38a0 00000000 00000000 00000000 00000000  ................
 38b0 00000000 00000000 1d000000 1f000000  ................
 38c0 00000000 00000f80 fcffffff 00000000  ................
 38d0 00000000 28000000 1d000000 1f000000  ....(...........
 38e0 00000000 00000f80 fcffffff 00000000  ................
 38f0 00000000 28000000 1d000000 1f000000  ....(...........
 3900 00000000 00000080 fcffffff 00000000  ................
 3910 00000000 18000000 1d000000 1f000000  ................
 3920 00000000 00000780 fcffffff 00000000  ................
 3930 00000000 38000000 1d000000 1f000000  ....8...........
 3940 00000000 00000000 00000000 00000000  ................
 3950 00000000 48000000 1d000000 1f000000  ....H...........
 3960 00000000 00000000 00000000 00000000  ................
 3970 00000000 00000000 1d000000 1f000000  ................
 3980 00000000 0000ffc0 fcffffff 00000000  ................
 3990 00000000 58000000 1d000000 1f000000  ....X...........
 39a0 00000000 00000f80 fcffffff 00000000  ................
 39b0 00000000 28000000 1d000000 1f000000  ....(...........
 39c0 00000000 00000380 fcffffff 00000000  ................
 39d0 00000000 20000000 1d000000 1f000000  .... ...........
 39e0 00000000 00007f80 fcffffff 00000000  ................
 39f0 00000000 68000000 1d000000 1f000000  ....h...........
 3a00 00000000 00000380 fcffffff 00000000  ................
 3a10 00000000 30000000 1d000000 1f000000  ....0...........
 3a20 00000000 00000180 fcffffff 00000000  ................
 3a30 00000000 18000000 1d000000 1f000000  ................
 3a40 00000000 00000780 fcffffff 00000000  ................
 3a50 00000000 20000000 1d000000 1f000000  .... ...........
 3a60 00000000 00003f80 fcffffff 00000000  ......?.........
 3a70 00000000 60000000 1d000000 1f000000  ....`...........
 3a80 00000000 00000380 fcffffff 00000000  ................
 3a90 00000000 20000000 1d000000 1f000000  .... ...........
 3aa0 00000000 00000380 fcffffff 00000000  ................
 3ab0 00000000 20000000 1d000000 1f000000  .... ...........
 3ac0 00000000 00003f80 fcffffff 00000000  ......?.........
 3ad0 00000000 60000000 1d000000 1f000000  ....`...........
 3ae0 00000000 00000080 fcffffff 00000000  ................
 3af0 00000000 18000000 1d000000 1f000000  ................
 3b00 00000000 00000380 fcffffff 00000000  ................
 3b10 00000000 20000000 1d000000 1f000000  .... ...........
 3b20 00000000 00007f80 fcffffff 00000000  ................
 3b30 00000000 38000000 1d000000 1f000000  ....8...........
 3b40 00000000 00000080 fcffffff 00000000  ................
 3b50 00000000 18000000 1d000000 1f000000  ................
 3b60 00000000 00000380 fcffffff 00000000  ................
 3b70 00000000 20000000 1d000000 1f000000  .... ...........
 3b80 00000000 00000780 fcffffff 00000000  ................
 3b90 00000000 20000000 1d000000 1f000000  .... ...........
 3ba0 00000000 00001f80 fcffffff 00000000  ................
 3bb0 00000000 58000000 1d000000 1f000000  ....X...........
 3bc0 00000000 00000380 fcffffff 00000000  ................
 3bd0 00000000 50000000 1d000000 1f000000  ....P...........
 3be0 00000000 00000080 fcffffff 00000000  ................
 3bf0 00000000 30000000 1d000000 1f000000  ....0...........
 3c00 00000000 00000080 fcffffff 00000000  ................
 3c10 00000000 18000000 1d000000 1f000000  ................
 3c20 00000000 00000080 fcffffff 00000000  ................
 3c30 00000000 40000000 1d000000 1f000000  ....@...........
 3c40 00000000 00000080 fcffffff 00000000  ................
 3c50 00000000 18000000 1d000000 1f000000  ................
 3c60 00000000 00000080 fcffffff 00000000  ................
 3c70 00000000 18000000 1d000000 1f000000  ................
 3c80 00000000 00000080 fcffffff 00000000  ................
 3c90 00000000 a0000000 1d000000 1f000000  ................
 3ca0 00000000 00000000 00000000 00000000  ................
 3cb0 00000000 10000000 1d000000 1f000000  ................
 3cc0 00000000 00000000 00000000 00000000  ................
 3cd0 00000000 00000000 1d000000 1f000000  ................
 3ce0 00000000 00000000 00000000 00000000  ................
 3cf0 00000000 00000000 1d000000 1f000000  ................
 3d00 00000000 00000000 00000000 00000000  ................
 3d10 00000000 10000000 1d000000 1f000000  ................
 3d20 00000000 0000ffc0 fcffffff 00000000  ................
 3d30 00000000 90000000 1d000000 1f000000  ................
 3d40 00000000 00000f80 fcffffff 00000000  ................
 3d50 00000000 30000000 1d000000 1f000000  ....0...........
 3d60 00000000 0000ffc0 fcffffff 00000000  ................
 3d70 00000000 38000000 1d000000 1f000000  ....8...........
 3d80 00000000 0000ff80 fcffffff 00000000  ................
 3d90 00000000 38000000 1d000000 1f000000  ....8...........
 3da0 00000000 00001f80 fcffffff 00000000  ................
 3db0 00000000 40000000 1d000000 1f000000  ....@...........
 3dc0 00000000 00000000 00000000 00000000  ................
 3dd0 00000000 00000000 1d000000 1f000000  ................
 3de0 00000000 00000000 00000000 00000000  ................
 3df0 00000000 10000000 1d000000 1f000000  ................
 3e00 00000000 00000080 fcffffff 00000000  ................
 3e10 00000000 18000000 1d000000 1f000000  ................
 3e20 00000000 00000380 fcffffff 00000000  ................
 3e30 00000000 20000000 1d000000 1f000000  .... ...........
 3e40 00000000 00000180 fcffffff 00000000  ................
 3e50 00000000 18000000 1d000000 1f000000  ................
 3e60 00000000 00000180 fcffffff 00000000  ................
 3e70 00000000 30000000 1d000000 1f000000  ....0...........
 3e80 00000000 00000180 fcffffff 00000000  ................
 3e90 00000000 50000000 1d000000 1f000000  ....P...........
 3ea0 00000000 00000080 fcffffff 00000000  ................
 3eb0 00000000 18000000 1d000000 1f000000  ................
 3ec0 00000000 00000080 fcffffff 00000000  ................
 3ed0 00000000 18000000 1d000000 1f000000  ................
 3ee0 00000000 00000380 fcffffff 00000000  ................
 3ef0 00000000 70000000 1d000000 1f000000  ....p...........
 3f00 00000000 00000080 fcffffff 00000000  ................
 3f10 00000000 18000000 1d000000 1f000000  ................
 3f20 00000000 00000180 fcffffff 00000000  ................
 3f30 00000000 a0000000 1d000000 1f000000  ................
 3f40 00000000 00000080 fcffffff 00000000  ................
 3f50 00000000 18000000 1d000000 1f000000  ................
 3f60 00000000 00000f80 fcffffff 00000000  ................
 3f70 00000000 b0000000 1d000000 1f000000  ................
 3f80 00000000 00000000 00000000 00000000  ................
 3f90 00000000 00000000 1d000000 1f000000  ................
 3fa0 00000000 00000000 00000000 00000000  ................
 3fb0 00000000 40000000 1d000000 1f000000  ....@...........
 3fc0 00000000 00000000 00000000 00000000  ................
 3fd0 00000000 00000000 1d000000 1f000000  ................
 3fe0 00000000 00000000 00000000 00000000  ................
 3ff0 00000000 40000000 1d000000 1f000000  ....@...........
 4000 00000000 00000000 00000000 00000000  ................
 4010 00000000 00000000 1d000000 1f000000  ................
 4020 00000000 00000000 00000000 00000000  ................
 4030 00000000 40000000 1d000000 1f000000  ....@...........
 4040 00000000 00000000 00000000 00000000  ................
 4050 00000000 28000000 1d000000 1f000000  ....(...........
 4060 00000000 00000000 00000000 00000000  ................
 4070 00000000 28000000 1d000000 1f000000  ....(...........
 4080 00000000 00000000 00000000 00000000  ................
 4090 00000000 00000000 1d000000 1f000000  ................
 40a0 00000000 00000000 00000000 00000000  ................
 40b0 00000000 10000000 1d000000 1f000000  ................
 40c0 00000000 00000000 00000000 00000000  ................
 40d0 00000000 28000000 1d000000 1f000000  ....(...........
 40e0 00000000 00000080 fcffffff 00000000  ................
 40f0 00000000 08000000 1d000000 1f000000  ................
 4100 00000000 0000ffc0 fcffffff 00000000  ................
 4110 00000000 90000000 1d000000 1f000000  ................
 4120 00000000 00001f80 fcffffff 00000000  ................
 4130 00000000 80000000 1d000000 1f000000  ................
 4140 00000000 00000080 fcffffff 00000000  ................
 4150 00000000 18000000 1d000000 1f000000  ................
 4160 00000000 00000380 fcffffff 00000000  ................
 4170 00000000 30000000 1d000000 1f000000  ....0...........
 4180 00000000 00000380 fcffffff 00000000  ................
 4190 00000000 30000000 1d000000 1f000000  ....0...........
 41a0 00000000 00000380 fcffffff 00000000  ................
 41b0 00000000 30000000 1d000000 1f000000  ....0...........
 41c0 00000000 00000080 fcffffff 00000000  ................
 41d0 00000000 18000000 1d000000 1f000000  ................
 41e0 00000000 00000380 fcffffff 00000000  ................
 41f0 00000000 30000000 1d000000 1f000000  ....0...........
 4200 00000000 00000000 00000000 00000000  ................
 4210 00000000 00000000 1d000000 1f000000  ................
 4220 00000000 00000000 00000000 00000000  ................
 4230 00000000 00000000 1d000000 1f000000  ................
 4240 00000000 00000000 00000000 00000000  ................
 4250 00000000 00000000 1d000000 1f000000  ................
 4260 00000000 00000000 00000000 00000000  ................
 4270 00000000 38000000 1d000000 1f000000  ....8...........
 4280 00000000 00000780 fcffffff 00000000  ................
 4290 00000000 20000000 1d000000 1f000000  .... ...........
 42a0 00000000 00000780 fcffffff 00000000  ................
 42b0 00000000 20000000 1d000000 1f000000  .... ...........
 42c0 00000000 00000180 fcffffff 00000000  ................
 42d0 00000000 18000000 1d000000 1f000000  ................
 42e0 00000000 00000000 00000000 00000000  ................
 42f0 00000000 00000000 1d000000 1f000000  ................
 4300 00000000 00001f80 fcffffff 00000000  ................
 4310 00000000 28000000 1d000000 1f000000  ....(...........
 4320 00000000 00000080 fcffffff 00000000  ................
 4330 00000000 18000000 1d000000 1f000000  ................
 4340 00000000 00000080 fcffffff 00000000  ................
 4350 00000000 48000000 1d000000 1f000000  ....H...........
 4360 00000000 00000f80 fcffffff 00000000  ................
 4370 00000000 48000000 1d000000 1f000000  ....H...........
 4380 00000000 00000000 00000000 00000000  ................
 4390 00000000 00000000 1d000000 1f000000  ................
 43a0 00000000 00000000 00000000 00000000  ................
 43b0 00000000 00000000 1d000000 1f000000  ................
 43c0 00000000 00000000 00000000 00000000  ................
 43d0 00000000 28000000 1d000000 1f000000  ....(...........
 43e0 00000000 00000180 fcffffff 00000000  ................
 43f0 00000000 18000000 1d000000 1f000000  ................
 4400 00000000 00000080 fcffffff 00000000  ................
 4410 00000000 18000000 1d000000 1f000000  ................
 4420 00000000 00000080 fcffffff 00000000  ................
 4430 00000000 18000000 1d000000 1f000000  ................
 4440 00000000 00000380 fcffffff 00000000  ................
 4450 00000000 78000000 1d000000 1f000000  ....x...........
 4460 00000000 00000080 fcffffff 00000000  ................
 4470 00000000 18000000 1d000000 1f000000  ................
 4480 00000000 0000ffc0 fcffffff 00000000  ................
 4490 00000000 b0000000 1d000000 1f000000  ................
 44a0 00000000 00000080 fcffffff 00000000  ................
 44b0 00000000 18000000 1d000000 1f000000  ................
 44c0 00000000 00000180 fcffffff 00000000  ................
 44d0 00000000 30000000 1d000000 1f000000  ....0...........
 44e0 00000000 00000180 fcffffff 00000000  ................
 44f0 00000000 18000000 1d000000 1f000000  ................
 4500 00000000 00000180 fcffffff 00000000  ................
 4510 00000000 18000000 1d000000 1f000000  ................
 4520 00000000 00000180 fcffffff 00000000  ................
 4530 00000000 28000000 1d000000 1f000000  ....(...........
 4540 00000000 00000080 fcffffff 00000000  ................
 4550 00000000 18000000 1d000000 1f000000  ................
 4560 00000000 00000000 00000000 00000000  ................
 4570 00000000 10000000 1d000000 1f000000  ................
 4580 00000000 00000000 00000000 00000000  ................
 4590 00000000 00000000 1d000000 1f000000  ................
 45a0 00000000 00000000 00000000 00000000  ................
 45b0 00000000 00000000 1d000000 1f000000  ................
 45c0 00000000 00000000 00000000 00000000  ................
 45d0 00000000 00000000 1d000000 1f000000  ................
 45e0 00000000 00000000 00000000 00000000  ................
 45f0 00000000 00000000 1d000000 1f000000  ................
 4600 00000000 00000000 00000000 00000000  ................
 4610 00000000 00000000 1d000000 1f000000  ................
 4620 00000000 00000000 00000000 00000000  ................
 4630 00000000 00000000 1d000000 1f000000  ................
 4640 00000000 00000000 00000000 00000000  ................
 4650 00000000 00000000 1d000000 1f000000  ................
 4660 00000000 00000000 00000000 00000000  ................
 4670 00000000 00000000 1d000000 1f000000  ................
 4680 00000000 00000080 fcffffff 00000000  ................
 4690 00000000 18000000 1d000000 1f000000  ................
 46a0 00000000 00000080 fcffffff 00000000  ................
 46b0 00000000 18000000 1d000000 1f000000  ................
 46c0 00000000 00000080 fcffffff 00000000  ................
 46d0 00000000 18000000 1d000000 1f000000  ................
 46e0 00000000 00000000 00000000 00000000  ................
 46f0 00000000 00000000 1d000000 1f000000  ................
 4700 00000000 00000000 00000000 00000000  ................
 4710 00000000 00000000 1d000000 1f000000  ................
 4720 00000000 00000080 fcffffff 00000000  ................
 4730 00000000 18000000 1d000000 1f000000  ................
 4740 00000000 00000000 00000000 00000000  ................
 4750 00000000 00000000 1d000000 1f000000  ................
 4760 00000000 00000000 00000000 00000000  ................
 4770 00000000 10000000 1d000000 1f000000  ................
 4780 00000000 00000000 00000000 00000000  ................
 4790 00000000 10000000 1d000000 1f000000  ................
 47a0 00000000 0000ffc0 fcffffff 00000000  ................
 47b0 00000000 60000000 1d000000 1f000000  ....`...........
 47c0 00000000 00000380 fcffffff 00000000  ................
 47d0 00000000 20000000 1d000000 1f000000  .... ...........
 47e0 00000000 00000080 fcffffff 00000000  ................
 47f0 00000000 18000000 1d000000 1f000000  ................
 4800 00000000 00000080 fcffffff 00000000  ................
 4810 00000000 18000000 1d000000 1f000000  ................
 4820 00000000 00000080 fcffffff 00000000  ................
 4830 00000000 18000000 1d000000 1f000000  ................
 4840 00000000 00000000 00000000 00000000  ................
 4850 00000000 40000000 1d000000 1f000000  ....@...........
 4860 00000000 00000000 00000000 00000000  ................
 4870 00000000 00000000 1d000000 1f000000  ................
 4880 00000000 00000000 00000000 00000000  ................
 4890 00000000 00000000 1d000000 1f000000  ................
 48a0 00000000 0000ffc0 fcffffff 00000000  ................
 48b0 00000000 60030000 1d000000 1f000000  ....`...........
 48c0 00000000 0000ffc0 fcffffff 00000000  ................
 48d0 00000000 58030000 1d000000 1f000000  ....X...........
 48e0 00000000 00001f80 fcffffff 00000000  ................
 48f0 00000000 28000000 1d000000 1f000000  ....(...........
 4900 00000000 00000080 fcffffff 00000000  ................
 4910 00000000 18000000 1d000000 1f000000  ................
 4920 00000000 00000000 00000000 00000000  ................
 4930 00000000 00000000 1d000000 1f000000  ................
 4940 00000000 00000000 00000000 00000000  ................
 4950 00000000 00000000 1d000000 1f000000  ................
 4960 00000000 00000000 00000000 00000000  ................
 4970 00000000 00000000 1d000000 1f000000  ................
 4980 00000000 00000000 00000000 00000000  ................
 4990 00000000 00000000 1d000000 1f000000  ................
 49a0 00000000 00000000 00000000 00000000  ................
 49b0 00000000 00000000 1d000000 1f000000  ................
 49c0 00000000 00000000 00000000 00000000  ................
 49d0 00000000 20000000 1d000000 1f000000  .... ...........
 49e0 00000000 00000000 00000000 00000000  ................
 49f0 00000000 20000000 1d000000 1f000000  .... ...........
 4a00 00000000 00000000 00000000 00000000  ................
 4a10 00000000 00000000 1d000000 1f000000  ................
 4a20 00000000 00000300 fcffffff 00000000  ................
 4a30 00000000 08000000 1d000000 1f000000  ................
 4a40 00000000 00000080 fcffffff 00000000  ................
 4a50 00000000 18000000 1d000000 1f000000  ................
 4a60 00000000 00001f80 fcffffff 00000000  ................
 4a70 00000000 28000000 1d000000 1f000000  ....(...........
 4a80 00000000 00000000 00000000 00000000  ................
 4a90 00000000 00000000 1d000000 1f000000  ................
 4aa0 00000000 00000000 00000000 00000000  ................
 4ab0 00000000 00000000 1d000000 1f000000  ................
 4ac0 00000000 00000000 00000000 00000000  ................
 4ad0 00000000 00000000 1d000000 1f000000  ................
 4ae0 00000000 00000000 00000000 00000000  ................
 4af0 00000000 00000000 1d000000 1f000000  ................
 4b00 00000000 00000000 00000000 00000000  ................
 4b10 00000000 00000000 1d000000 1f000000  ................
 4b20 00000000 00000000 00000000 00000000  ................
 4b30 00000000 00000000 1d000000 1f000000  ................
 4b40 00000000 00000700 fcffffff 00000000  ................
 4b50 00000000 10000000 1d000000 1f000000  ................
 4b60 00000000 00000000 00000000 00000000  ................
 4b70 00000000 00000000 1d000000 1f000000  ................
 4b80 00000000 00000000 00000000 00000000  ................
 4b90 00000000 00000000 1d000000 1f000000  ................
 4ba0 00000000 0000ffc0 fcffffff 00000000  ................
 4bb0 00000000 30000000 1d000000 1f000000  ....0...........
 4bc0 00000000 0000ffc0 fcffffff 00000000  ................
 4bd0 00000000 30000000 1d000000 1f000000  ....0...........
 4be0 00000000 0000ffc0 fcffffff 00000000  ................
 4bf0 00000000 30000000 1d000000 1f000000  ....0...........
 4c00 00000000 00000080 fcffffff 00000000  ................
 4c10 00000000 18000000 1d000000 1f000000  ................
 4c20 00000000 00000080 fcffffff 00000000  ................
 4c30 00000000 18000000 1d000000 1f000000  ................
 4c40 00000000 00000780 fcffffff 00000000  ................
 4c50 00000000 20000000 1d000000 1f000000  .... ...........
 4c60 00000000 00000000 00000000 00000000  ................
 4c70 00000000 00000000 1d000000 1f000000  ................
 4c80 00000000 00000000 00000000 00000000  ................
 4c90 00000000 00000000 1d000000 1f000000  ................
 4ca0 00000000 00000000 00000000 00000000  ................
 4cb0 00000000 00000000 1d000000 1f000000  ................
 4cc0 00000000 00000000 00000000 00000000  ................
 4cd0 00000000 00000000 1d000000 1f000000  ................
 4ce0 00000000 00000000 00000000 00000000  ................
 4cf0 00000000 00000000 1d000000 1f000000  ................
 4d00 00000000 00000000 00000000 00000000  ................
 4d10 00000000 00000000 1d000000 1f000000  ................
 4d20 00000000 00000080 fcffffff 00000000  ................
 4d30 00000000 18000000 1d000000 1f000000  ................
 4d40 00000000 00000080 fcffffff 00000000  ................
 4d50 00000000 18000000 1d000000 1f000000  ................
 4d60 00000000 00000180 fcffffff 00000000  ................
 4d70 00000000 18000000 1d000000 1f000000  ................
 4d80 00000000 00000080 fcffffff 00000000  ................
 4d90 00000000 50000000 1d000000 1f000000  ....P...........
 4da0 00000000 00000080 fcffffff 00000000  ................
 4db0 00000000 50000000 1d000000 1f000000  ....P...........
 4dc0 00000000 00000180 fcffffff 00000000  ................
 4dd0 00000000 50000000 1d000000 1f000000  ....P...........
 4de0 00000000 00000080 fcffffff 00000000  ................
 4df0 00000000 18000000 1d000000 1f000000  ................
 4e00 00000000 00000080 fcffffff 00000000  ................
 4e10 00000000 18000000 1d000000 1f000000  ................
 4e20 00000000 00000000 00000000 00000000  ................
 4e30 00000000 00000000 1d000000 1f000000  ................
 4e40 00000000 00000000 00000000 00000000  ................
 4e50 00000000 00000000 1d000000 1f000000  ................
 4e60 00000000 00000000 00000000 00000000  ................
 4e70 00000000 00000000 1d000000 1f000000  ................
 4e80 00000000 00000000 00000000 00000000  ................
 4e90 00000000 00000000 1d000000 1f000000  ................
 4ea0 00000000 00000000 00000000 00000000  ................
 4eb0 00000000 00000000 1d000000 1f000000  ................
 4ec0 00000000 00000000 00000000 00000000  ................
 4ed0 00000000 00000000 1d000000 1f000000  ................
 4ee0 00000000 00000000 00000000 00000000  ................
 4ef0 00000000 00000000 1d000000 1f000000  ................
 4f00 00000000 00000000 00000000 00000000  ................
 4f10 00000000 00000000 1d000000 1f000000  ................
 4f20 00000000 00000000 00000000 00000000  ................
 4f30 00000000 00000000 1d000000 1f000000  ................
 4f40 00000000 00000000 00000000 00000000  ................
 4f50 00000000 00000000 1d000000 1f000000  ................
 4f60 00000000 00000000 00000000 00000000  ................
 4f70 00000000 00000000 1d000000 1f000000  ................
 4f80 00000000 00000000 00000000 00000000  ................
 4f90 00000000 00000000 1d000000 1f000000  ................
 4fa0 00000000 00000000 00000000 00000000  ................
 4fb0 00000000 00000000 1d000000 1f000000  ................
 4fc0 00000000 00000000 00000000 00000000  ................
 4fd0 00000000 00000000 1d000000 1f000000  ................
 4fe0 00000000 00000000 00000000 00000000  ................
 4ff0 00000000 00000000 1d000000 1f000000  ................
 5000 00000000 00000000 00000000 00000000  ................
 5010 00000000 00000000 1d000000 1f000000  ................
 5020 00000000 00000000 00000000 00000000  ................
 5030 00000000 00000000 1d000000 1f000000  ................
 5040 00000000 00000000 00000000 00000000  ................
 5050 00000000 00000000 1d000000 1f000000  ................
 5060 00000000 00000000 00000000 00000000  ................
 5070 00000000 00000000 1d000000 1f000000  ................
 5080 00000000 00000000 00000000 00000000  ................
 5090 00000000 00000000 1d000000 1f000000  ................
 50a0 00000000 00000000 00000000 00000000  ................
 50b0 00000000 00000000 1d000000 1f000000  ................
 50c0 00000000 00000000 00000000 00000000  ................
 50d0 00000000 00000000 1d000000 1f000000  ................
 50e0 00000000 00000000 00000000 00000000  ................
 50f0 00000000 00000000 1d000000 1f000000  ................
 5100 00000000 00000000 00000000 00000000  ................
 5110 00000000 00000000 1d000000 1f000000  ................
 5120 00000000 00000000 00000000 00000000  ................
 5130 00000000 00000000 1d000000 1f000000  ................
 5140 00000000 00000080 fcffffff 00000000  ................
 5150 00000000 18000000 1d000000 1f000000  ................
 5160 00000000 00000000 00000000 00000000  ................
 5170 00000000 00000000 1d000000 1f000000  ................
 5180 00000000 00000000 00000000 00000000  ................
 5190 00000000 00000000 1d000000 1f000000  ................
 51a0 00000000 00000000 00000000 00000000  ................
 51b0 00000000 00000000 1d000000 1f000000  ................
 51c0 00000000 00000000 00000000 00000000  ................
 51d0 00000000 00000000 1d000000 1f000000  ................
 51e0 00000000 00000000 00000000 00000000  ................
 51f0 00000000 00000000 1d000000 1f000000  ................
 5200 00000000 00000000 00000000 00000000  ................
 5210 00000000 00000000 1d000000 1f000000  ................
 5220 00000000 00000000 00000000 00000000  ................
 5230 00000000 00000000 1d000000 1f000000  ................
 5240 00000000 00000000 00000000 00000000  ................
 5250 00000000 00000000 1d000000 1f000000  ................
 5260 00000000 00000000 00000000 00000000  ................
 5270 00000000 00000000 1d000000 1f000000  ................
 5280 00000000 00000000 00000000 00000000  ................
 5290 00000000 00000000 1d000000 1f000000  ................
 52a0 00000000 00000000 00000000 00000000  ................
 52b0 00000000 00000000 1d000000 1f000000  ................
 52c0 00000000 00000000 00000000 00000000  ................
 52d0 00000000 00000000 1d000000 1f000000  ................
 52e0 00000000 00000000 00000000 00000000  ................
 52f0 00000000 20000000 1d000000 1f000000  .... ...........
 5300 00000000 00000000 00000000 00000000  ................
 5310 00000000 00000000 1d000000 1f000000  ................
 5320 00000000 00000000 00000000 00000000  ................
 5330 00000000 00000000 1d000000 1f000000  ................
 5340 00000000 00001f80 fcffffff 00000000  ................
 5350 00000000 28000000 1d000000 1f000000  ....(...........
 5360 00000000 00007f80 fcffffff 00000000  ................
 5370 00000000 30000000 1d000000 1f000000  ....0...........
 5380 00000000 00000080 fcffffff 00000000  ................
 5390 00000000 18000000 1d000000 1f000000  ................
 53a0 00000000 00000080 fcffffff 00000000  ................
 53b0 00000000 18000000 1d000000 1f000000  ................
 53c0 00000000 0000ffc0 fcffffff 00000000  ................
 53d0 00000000 88000000 1d000000 1f000000  ................
 53e0 00000000 00000000 00000000 00000000  ................
 53f0 00000000 10000000 1d000000 1f000000  ................
 5400 00000000 00000000 00000000 00000000  ................
 5410 00000000 00000000 1d000000 1f000000  ................
 5420 00000000 00000000 00000000 00000000  ................
 5430 00000000 00000000 1d000000 1f000000  ................
 5440 00000000 00000000 00000000 00000000  ................
 5450 00000000 00000000 1d000000 1f000000  ................
 5460 00000000 0000ffc0 fcffffff 00000000  ................
 5470 00000000 30000000 1d000000 1f000000  ....0...........
 5480 00000000 00000000 00000000 00000000  ................
 5490 00000000 00000000 1d000000 1f000000  ................
 54a0 00000000 00000000 00000000 00000000  ................
 54b0 00000000 00000000 1d000000 1f000000  ................
 54c0 00000000 00000000 00000000 00000000  ................
 54d0 00000000 00000000 1d000000 1f000000  ................
 54e0 00000000 00000780 fcffffff 00000000  ................
 54f0 00000000 20000000 1d000000 1f000000  .... ...........
 5500 00000000 00000380 fcffffff 00000000  ................
 5510 00000000 20000000 1d000000 1f000000  .... ...........
 5520 00000000 00000080 fcffffff 00000000  ................
 5530 00000000 18000000 1d000000 1f000000  ................
 5540 00000000 00000780 fcffffff 00000000  ................
 5550 00000000 78000000 1d000000 1f000000  ....x...........
 5560 00000000 00000380 fcffffff 00000000  ................
 5570 00000000 58000000 1d000000 1f000000  ....X...........
 5580 00000000 00000080 fcffffff 00000000  ................
 5590 00000000 70000000 1d000000 1f000000  ....p...........
 55a0 00000000 00000000 00000000 00000000  ................
 55b0 00000000 00000000 1d000000 1f000000  ................
 55c0 00000000 00000780 fcffffff 00000000  ................
 55d0 00000000 20000000 1d000000 1f000000  .... ...........
 55e0 00000000 00000000 00000000 00000000  ................
 55f0 00000000 00000000 1d000000 1f000000  ................
 5600 00000000 00000000 00000000 00000000  ................
 5610 00000000 00000000 1d000000 1f000000  ................
 5620 00000000 00000000 00000000 00000000  ................
 5630 00000000 00000000 1d000000 1f000000  ................
 5640 00000000 00000080 fcffffff 00000000  ................
 5650 00000000 18000000 1d000000 1f000000  ................
 5660 00000000 00000000 00000000 00000000  ................
 5670 00000000 00000000 1d000000 1f000000  ................
 5680 00000000 00000000 00000000 00000000  ................
 5690 00000000 00000000 1d000000 1f000000  ................
 56a0 00000000 00000000 00000000 00000000  ................
 56b0 00000000 00000000 1d000000 1f000000  ................
 56c0 00000000 00000000 00000000 00000000  ................
 56d0 00000000 00000000 1d000000 1f000000  ................
 56e0 00000000 00000000 00000000 00000000  ................
 56f0 00000000 00000000 1d000000 1f000000  ................
 5700 00000000 00000000 00000000 00000000  ................
 5710 00000000 00000000 1d000000 1f000000  ................
 5720 00000000 00000000 00000000 00000000  ................
 5730 00000000 00000000 1d000000 1f000000  ................
 5740 00000000 00000000 00000000 00000000  ................
 5750 00000000 00000000 1d000000 1f000000  ................
 5760 00000000 00000000 00000000 00000000  ................
 5770 00000000 00000000 1d000000 1f000000  ................
 5780 00000000 00000000 00000000 00000000  ................
 5790 00000000 00000000 1d000000 1f000000  ................
 57a0 00000000 00000000 00000000 00000000  ................
 57b0 00000000 20000000 1d000000 1f000000  .... ...........
 57c0 00000000 00000000 00000000 00000000  ................
 57d0 00000000 20000000 1d000000 1f000000  .... ...........
 57e0 00000000 00000000 00000000 00000000  ................
 57f0 00000000 00000000 1d000000 1f000000  ................
 5800 00000000 00000000 00000000 00000000  ................
 5810 00000000 00000000 1d000000 1f000000  ................
 5820 00000000 00000000 00000000 00000000  ................
 5830 00000000 00000000 1d000000 1f000000  ................
 5840 00000000 00000000 00000000 00000000  ................
 5850 00000000 00000000 1d000000 1f000000  ................
 5860 00000000 00000000 00000000 00000000  ................
 5870 00000000 20000000 1d000000 1f000000  .... ...........
 5880 00000000 00000000 00000000 00000000  ................
 5890 00000000 20000000 1d000000 1f000000  .... ...........
 58a0 00000000 00000000 00000000 00000000  ................
 58b0 00000000 00000000 1d000000 1f000000  ................
 58c0 00000000 00000000 00000000 00000000  ................
 58d0 00000000 00000000 1d000000 1f000000  ................
 58e0 00000000 00000000 00000000 00000000  ................
 58f0 00000000 00000000 1d000000 1f000000  ................
 5900 00000000 00000000 00000000 00000000  ................
 5910 00000000 00000000 1d000000 1f000000  ................
 5920 00000000 00000000 00000000 00000000  ................
 5930 00000000 20000000 1d000000 1f000000  .... ...........
 5940 00000000 00000000 00000000 00000000  ................
 5950 00000000 00000000 1d000000 1f000000  ................
 5960 00000000 00000000 00000000 00000000  ................
 5970 00000000 20000000 1d000000 1f000000  .... ...........
 5980 00000000 00000000 00000000 00000000  ................
 5990 00000000 00000000 1d000000 1f000000  ................
 59a0 00000000 00000000 00000000 00000000  ................
 59b0 00000000 00000000 1d000000 1f000000  ................
 59c0 00000000 00000000 00000000 00000000  ................
 59d0 00000000 20000000 1d000000 1f000000  .... ...........
 59e0 00000000 00000080 fcffffff 00000000  ................
 59f0 00000000 18000000 1d000000 1f000000  ................
 5a00 00000000 00000080 fcffffff 00000000  ................
 5a10 00000000 18000000 1d000000 1f000000  ................
 5a20 00000000 00000000 00000000 00000000  ................
 5a30 00000000 00000000 1d000000 1f000000  ................
 5a40 00000000 00000080 fcffffff 00000000  ................
 5a50 00000000 18000000 1d000000 1f000000  ................
 5a60 00000000 00007f80 fcffffff 00000000  ................
 5a70 00000000 30000000 1d000000 1f000000  ....0...........
 5a80 00000000 00000000 00000000 00000000  ................
 5a90 00000000 00000000 1d000000 1f000000  ................
 5aa0 00000000 00000000 00000000 00000000  ................
 5ab0 00000000 00000000 1d000000 1f000000  ................
 5ac0 00000000 00000000 00000000 00000000  ................
 5ad0 00000000 00000000 1d000000 1f000000  ................
 5ae0 00000000 00000000 00000000 00000000  ................
 5af0 00000000 00000000 1d000000 1f000000  ................
 5b00 00000000 00000000 00000000 00000000  ................
 5b10 00000000 00000000 1d000000 1f000000  ................
 5b20 00000000 00000000 00000000 00000000  ................
 5b30 00000000 00000000 1d000000 1f000000  ................
 5b40 00000000 00000000 00000000 00000000  ................
 5b50 00000000 00000000 1d000000 1f000000  ................
 5b60 00000000 00000000 00000000 00000000  ................
 5b70 00000000 00000000 1d000000 1f000000  ................
 5b80 00000000 00000000 00000000 00000000  ................
 5b90 00000000 00000000 1d000000 1f000000  ................
 5ba0 00000000 0000ffc0 fcffffff 00000000  ................
 5bb0 00000000 30000000 1d000000 1f000000  ....0...........
 5bc0 00000000 0000ffc0 fcffffff 00000000  ................
 5bd0 00000000 30000000 1d000000 1f000000  ....0...........
 5be0 00000000 00000000 00000000 00000000  ................
 5bf0 00000000 00000000 1d000000 1f000000  ................
 5c00 00000000 00000380 fcffffff 00000000  ................
 5c10 00000000 20000000 1d000000 1f000000  .... ...........
 5c20 00000000 00000080 fcffffff 00000000  ................
 5c30 00000000 18000000 1d000000 1f000000  ................
 5c40 00000000 00000780 fcffffff 00000000  ................
 5c50 00000000 78000000 1d000000 1f000000  ....x...........
 5c60 00000000 00000380 fcffffff 00000000  ................
 5c70 00000000 58000000 1d000000 1f000000  ....X...........
 5c80 00000000 00000080 fcffffff 00000000  ................
 5c90 00000000 70000000 1d000000 1f000000  ....p...........
 5ca0 00000000 00000000 00000000 00000000  ................
 5cb0 00000000 00000000 1d000000 1f000000  ................
 5cc0 00000000 00000000 00000000 00000000  ................
 5cd0 00000000 00000000 1d000000 1f000000  ................
 5ce0 00000000 00000000 00000000 00000000  ................
 5cf0 00000000 00000000 1d000000 1f000000  ................
 5d00 00000000 00000000 00000000 00000000  ................
 5d10 00000000 00000000 1d000000 1f000000  ................
 5d20 00000000 00000000 00000000 00000000  ................
 5d30 00000000 00000000 1d000000 1f000000  ................
 5d40 00000000 00000000 00000000 00000000  ................
 5d50 00000000 00000000 1d000000 1f000000  ................
 5d60 00000000 00000180 fcffffff 00000000  ................
 5d70 00000000 18000000 1d000000 1f000000  ................
 5d80 00000000 00000180 fcffffff 00000000  ................
 5d90 00000000 50000000 1d000000 1f000000  ....P...........
 5da0 00000000 00000000 00000000 00000000  ................
 5db0 00000000 00000000 1d000000 1f000000  ................
 5dc0 00000000 00000000 00000000 00000000  ................
 5dd0 00000000 00000000 1d000000 1f000000  ................
 5de0 00000000 00000000 00000000 00000000  ................
 5df0 00000000 00000000 1d000000 1f000000  ................
 5e00 00000000 00000000 00000000 00000000  ................
 5e10 00000000 00000000 1d000000 1f000000  ................
 5e20 00000000 00000000 00000000 00000000  ................
 5e30 00000000 00000000 1d000000 1f000000  ................
 5e40 00000000 00000000 00000000 00000000  ................
 5e50 00000000 00000000 1d000000 1f000000  ................
 5e60 00000000 00000000 00000000 00000000  ................
 5e70 00000000 00000000 1d000000 1f000000  ................
 5e80 00000000 00000000 00000000 00000000  ................
 5e90 00000000 00000000 1d000000 1f000000  ................
 5ea0 00000000 00000000 00000000 00000000  ................
 5eb0 00000000 00000000 1d000000 1f000000  ................
 5ec0 00000000 00000000 00000000 00000000  ................
 5ed0 00000000 00000000 1d000000 1f000000  ................
 5ee0 00000000 00003f80 fcffffff 00000000  ......?.........
 5ef0 00000000 30000000 1d000000 1f000000  ....0...........
 5f00 00000000 00000780 fcffffff 00000000  ................
 5f10 00000000 20000000 1d000000 1f000000  .... ...........
 5f20 00000000 00003f80 fcffffff 00000000  ......?.........
 5f30 00000000 30000000 1d000000 1f000000  ....0...........
 5f40 00000000 00001f80 fcffffff 00000000  ................
 5f50 00000000 28000000 1d000000 1f000000  ....(...........
 5f60 00000000 00000080 fcffffff 00000000  ................
 5f70 00000000 18000000 1d000000 1f000000  ................
 5f80 00000000 00000080 fcffffff 00000000  ................
 5f90 00000000 18000000 1d000000 1f000000  ................
 5fa0 00000000 00000080 fcffffff 00000000  ................
 5fb0 00000000 18000000 1d000000 1f000000  ................
 5fc0 00000000 00000080 fcffffff 00000000  ................
 5fd0 00000000 18000000 1d000000 1f000000  ................
 5fe0 00000000 00000080 fcffffff 00000000  ................
 5ff0 00000000 18000000 1d000000 1f000000  ................
 6000 00000000 00000080 fcffffff 00000000  ................
 6010 00000000 18000000 1d000000 1f000000  ................
 6020 00000000 00000000 00000000 00000000  ................
 6030 00000000 00000000 1d000000 1f000000  ................
 6040 00000000 00000000 00000000 00000000  ................
 6050 00000000 00000000 1d000000 1f000000  ................
 6060 00000000 00000000 00000000 00000000  ................
 6070 00000000 00000000 1d000000 1f000000  ................
 6080 00000000 00000000 00000000 00000000  ................
 6090 00000000 00000000 1d000000 1f000000  ................
Contents of section .comment:
 0000 4c696e6b 65723a20 4c4c4420 31382e31  Linker: LLD 18.1
 0010 2e300000 72757374 63207665 7273696f  .0..rustc versio
 0020 6e20312e 37382e30 2d6e6967 68746c79  n 1.78.0-nightly
 0030 20286634 62373731 62663120 32303234   (f4b771bf1 2024
 0040 2d30332d 31342900                    -03-14).
Contents of section .symtab:
 0000 00000000 00000000 00000000 00000000  ................
 0010 01000000 00000000 00000000 0400f1ff  ................
 0020 27000000 40ffc4bf c0000000 01000100  '...@...........
 0030 5b000000 00000000 00000000 0400f1ff  [...............
 0040 88000000 00000000 00000000 0400f1ff  ................
 0050 aa000000 00000000 00000000 0400f1ff  ................
 0060 c9000000 00000000 00000000 0400f1ff  ................
 0070 e6000000 00000000 00000000 0400f1ff  ................
 0080 03010000 00000000 00000000 0400f1ff  ................
 0090 20010000 00000000 00000000 0400f1ff   ...............
 00a0 3d010000 00000000 00000000 0400f1ff  =...............
 00b0 5a010000 00000000 00000000 0400f1ff  Z...............
 00c0 77010000 00000000 00000000 0400f1ff  w...............
 00d0 94010000 00000000 00000000 0400f1ff  ................
 00e0 b1010000 00000000 00000000 0400f1ff  ................
 00f0 ce010000 00000000 00000000 0400f1ff  ................
 0100 eb010000 00000000 00000000 0400f1ff  ................
 0110 08020000 00000000 00000000 0400f1ff  ................
 0120 25020000 00000000 00000000 0400f1ff  %...............
 0130 42020000 00000000 00000000 0400f1ff  B...............
 0140 5f020000 00000000 00000000 0400f1ff  _...............
 0150 7c020000 00000000 00000000 0400f1ff  |...............
 0160 a5020000 00000000 00000000 0400f1ff  ................
 0170 ce020000 00000000 00000000 0400f1ff  ................
 0180 f7020000 00000000 00000000 0400f1ff  ................
 0190 20030000 00000000 00000000 0400f1ff   ...............
 01a0 49030000 0002009d 10000000 02000400  I...............
 01b0 53030000 2002009d 10000000 02000500  S... ...........
 01c0 5d030000 4002009d 10000000 02000600  ]...@...........
 01d0 67030000 6002009d 10000000 02000700  g...`...........
 01e0 71030000 8002009d 10000000 02000800  q...............
 01f0 7b030000 a002009d 10000000 02000900  {...............
 0200 85030000 c002009d 10000000 02000a00  ................
 0210 8f030000 e002009d 10000000 02000b00  ................
 0220 99030000 0003009d 10000000 02000c00  ................
 0230 a3030000 2003009d 10000000 02000d00  .... ...........
 0240 ad030000 4003009d 10000000 02000e00  ....@...........
 0250 b8030000 6003009d 10000000 02000f00  ....`...........
 0260 c3030000 8003009d 10000000 02001000  ................
 0270 ce030000 a003009d 10000000 02001100  ................
 0280 d9030000 c003009d 10000000 02001200  ................
 0290 e4030000 e003009d 10000000 02001300  ................
 02a0 ef030000 0004009d 10000000 02001400  ................
 02b0 fa030000 2004009d 10000000 02001500  .... ...........
 02c0 05040000 4004009d 10000000 02001600  ....@...........
 02d0 10040000 6004009d 10000000 02001700  ....`...........
 02e0 1b040000 8004009d 10000000 02001800  ................
 02f0 26040000 a004009d 10000000 02001900  &...............
 0300 31040000 c004009d 10000000 02001a00  1...............
 0310 3c040000 e004009d 10000000 02001b00  <...............
 0320 47040000 0005009d 10000000 02001c00  G...............
 0330 52040000 2005009d 10000000 02001d00  R... ...........
 0340 5d040000 4005009d 10000000 02001e00  ]...@...........
 0350 68040000 6005009d 10000000 02001f00  h...`...........
 0360 73040000 8005009d 10000000 02002000  s............. .
 0370 7e040000 a005009d 10000000 02002100  ~.............!.
 0380 89040000 c005009d 10000000 02002200  ..............".
 0390 94040000 e005009d 10000000 02002300  ..............#.
 03a0 9f040000 0006009d 10000000 02002400  ..............$.
 03b0 aa040000 2006009d 10000000 02002500  .... .........%.
 03c0 b5040000 4006009d 10000000 02002600  ....@.........&.
 03d0 c0040000 6006009d 10000000 02002700  ....`.........'.
 03e0 cb040000 8006009d 10000000 02002800  ..............(.
 03f0 d6040000 a006009d 10000000 02002900  ..............).
 0400 e1040000 c006009d 10000000 02002a00  ..............*.
 0410 ec040000 e006009d 10000000 02002b00  ..............+.
 0420 f7040000 0007009d 10000000 02002c00  ..............,.
 0430 02050000 2007009d 10000000 02002d00  .... .........-.
 0440 0d050000 4007009d 10000000 02002e00  ....@...........
 0450 18050000 6007009d 10000000 02002f00  ....`........./.
 0460 23050000 8007009d 10000000 02003000  #.............0.
 0470 2e050000 a007009d 10000000 02003100  ..............1.
 0480 39050000 c007009d 10000000 02003200  9.............2.
 0490 44050000 e007009d 10000000 02003300  D.............3.
 04a0 4f050000 0008009d 10000000 02003400  O.............4.
 04b0 5a050000 2008009d 10000000 02003500  Z... .........5.
 04c0 65050000 4008009d 10000000 02003600  e...@.........6.
 04d0 70050000 6008009d 10000000 02003700  p...`.........7.
 04e0 7b050000 8008009d 10000000 02003800  {.............8.
 04f0 86050000 a008009d 10000000 02003900  ..............9.
 0500 91050000 c008009d 10000000 02003a00  ..............:.
 0510 9c050000 e008009d 10000000 02003b00  ..............;.
 0520 a7050000 0009009d 10000000 02003c00  ..............<.
 0530 b2050000 2009009d 10000000 02003d00  .... .........=.
 0540 bd050000 4009009d 10000000 02003e00  ....@.........>.
 0550 c8050000 6009009d 10000000 02003f00  ....`.........?.
 0560 d3050000 8009009d 10000000 02004000  ..............@.
 0570 de050000 a009009d 10000000 02004100  ..............A.
 0580 e9050000 c009009d 10000000 02004200  ..............B.
 0590 f4050000 e009009d 10000000 02004300  ..............C.
 05a0 ff050000 2800c0bf 00000000 00000200  ....(...........
 05b0 07060000 e800c0bf 00000000 00000200  ................
 05c0 11060000 e000c0bf 00000000 00000200  ................
 05d0 19060000 2401c0bf 00000000 00000200  ....$...........
 05e0 24060000 1401c0bf 00000000 00000200  $...............
 05f0 2d060000 4001c0bf 00000000 00000200  -...@...........
 0600 e7170000 00000000 00000000 0002f1ff  ................
 0610 36060000 f009009d 30000000 12004400  6.......0.....D.
 0620 3b060000 200a009d 08000000 12004400  ;... .........D.
 0630 4a060000 00000080 01000000 11004700  J.............G.
 0640 5d060000 0000c0bf 48010000 12000200  ].......H.......
 0650 64060000 000b009d 00010000 22004400  d...........".D.
 0660 71060000 280a009d 08000000 12004400  q...(.........D.
 0670 81060000 280a009d 08000000 22004400  ....(.......".D.
 0680 9c060000 280a009d 08000000 22004400  ....(.......".D.
 0690 a9060000 8001009d 10000000 12000300  ................
 06a0 b8060000 300a009d d0000000 12004400  ....0.........D.
 06b0 cb060000 280a009d 00000000 12004400  ....(.........D.
 06c0 d8060000 000b009d 00000000 12004400  ..............D.
 06d0 ea060000 280a009d 00000000 12004400  ....(.........D.
 06e0 f7060000 000b009d 00000000 12004400  ..............D.
 06f0 09070000 280a009d 00000000 12004400  ....(.........D.
 0700 16070000 000b009d 00000000 12004400  ..............D.
 0710 28070000 280a009d 00000000 12004400  (...(.........D.
 0720 35070000 000b009d 00000000 12004400  5.............D.
 0730 47070000 280a009d 00000000 12004400  G...(.........D.
 0740 54070000 000b009d 00000000 12004400  T.............D.
 0750 66070000 280a009d 00000000 12004400  f...(.........D.
 0760 73070000 000b009d 00000000 12004400  s.............D.
 0770 85070000 280a009d 00000000 12004400  ....(.........D.
 0780 92070000 000b009d 00000000 12004400  ..............D.
 0790 a4070000 280a009d 00000000 12004400  ....(.........D.
 07a0 b1070000 000b009d 00000000 12004400  ..............D.
 07b0 c3070000 280a009d 00000000 12004400  ....(.........D.
 07c0 d0070000 000b009d 00000000 12004400  ..............D.
 07d0 e2070000 280a009d 00000000 12004400  ....(.........D.
 07e0 ef070000 000b009d 00000000 12004400  ..............D.
 07f0 01080000 280a009d 00000000 12004400  ....(.........D.
 0800 0f080000 000b009d 00000000 12004400  ..............D.
 0810 22080000 280a009d 00000000 12004400  "...(.........D.
 0820 30080000 000b009d 00000000 12004400  0.............D.
 0830 43080000 280a009d 00000000 12004400  C...(.........D.
 0840 51080000 000b009d 00000000 12004400  Q.............D.
 0850 64080000 280a009d 00000000 12004400  d...(.........D.
 0860 72080000 000b009d 00000000 12004400  r.............D.
 0870 85080000 280a009d 00000000 12004400  ....(.........D.
 0880 93080000 000b009d 00000000 12004400  ..............D.
 0890 a6080000 280a009d 00000000 12004400  ....(.........D.
 08a0 b4080000 000b009d 00000000 12004400  ..............D.
 08b0 c7080000 280a009d 00000000 12004400  ....(.........D.
 08c0 d5080000 000b009d 00000000 12004400  ..............D.
 08d0 e8080000 280a009d 00000000 12004400  ....(.........D.
 08e0 f6080000 000b009d 00000000 12004400  ..............D.
 08f0 09090000 280a009d 00000000 12004400  ....(.........D.
 0900 17090000 000b009d 00000000 12004400  ..............D.
 0910 2a090000 280a009d 00000000 12004400  *...(.........D.
 0920 38090000 000b009d 00000000 12004400  8.............D.
 0930 4b090000 280a009d 00000000 12004400  K...(.........D.
 0940 59090000 000b009d 00000000 12004400  Y.............D.
 0950 6c090000 280a009d 00000000 12004400  l...(.........D.
 0960 7a090000 000b009d 00000000 12004400  z.............D.
 0970 8d090000 280a009d 00000000 12004400  ....(.........D.
 0980 9b090000 000b009d 00000000 12004400  ..............D.
 0990 ae090000 280a009d 00000000 12004400  ....(.........D.
 09a0 bc090000 000b009d 00000000 12004400  ..............D.
 09b0 cf090000 280a009d 00000000 12004400  ....(.........D.
 09c0 dd090000 000b009d 00000000 12004400  ..............D.
 09d0 f0090000 280a009d 00000000 12004400  ....(.........D.
 09e0 fe090000 000b009d 00000000 12004400  ..............D.
 09f0 110a0000 280a009d 00000000 12004400  ....(.........D.
 0a00 1f0a0000 000b009d 00000000 12004400  ..............D.
 0a10 320a0000 280a009d 00000000 12004400  2...(.........D.
 0a20 400a0000 000b009d 00000000 12004400  @.............D.
 0a30 530a0000 280a009d 00000000 12004400  S...(.........D.
 0a40 610a0000 000b009d 00000000 12004400  a.............D.
 0a50 740a0000 280a009d 00000000 12004400  t...(.........D.
 0a60 820a0000 000b009d 00000000 12004400  ..............D.
 0a70 950a0000 280a009d 00000000 12004400  ....(.........D.
 0a80 a30a0000 000b009d 00000000 12004400  ..............D.
 0a90 b60a0000 280a009d 00000000 12004400  ....(.........D.
 0aa0 c40a0000 000b009d 00000000 12004400  ..............D.
 0ab0 d70a0000 280a009d 00000000 12004400  ....(.........D.
 0ac0 e50a0000 000b009d 00000000 12004400  ..............D.
 0ad0 f80a0000 280a009d 00000000 12004400  ....(.........D.
 0ae0 060b0000 000b009d 00000000 12004400  ..............D.
 0af0 190b0000 280a009d 00000000 12004400  ....(.........D.
 0b00 270b0000 000b009d 00000000 12004400  '.............D.
 0b10 3a0b0000 280a009d 00000000 12004400  :...(.........D.
 0b20 480b0000 000b009d 00000000 12004400  H.............D.
 0b30 5b0b0000 280a009d 00000000 12004400  [...(.........D.
 0b40 690b0000 000b009d 00000000 12004400  i.............D.
 0b50 7c0b0000 280a009d 00000000 12004400  |...(.........D.
 0b60 8a0b0000 000b009d 00000000 12004400  ..............D.
 0b70 9d0b0000 280a009d 00000000 12004400  ....(.........D.
 0b80 ab0b0000 000b009d 00000000 12004400  ..............D.
 0b90 be0b0000 280a009d 00000000 12004400  ....(.........D.
 0ba0 cc0b0000 000b009d 00000000 12004400  ..............D.
 0bb0 df0b0000 280a009d 00000000 12004400  ....(.........D.
 0bc0 ed0b0000 000b009d 00000000 12004400  ..............D.
 0bd0 000c0000 280a009d 00000000 12004400  ....(.........D.
 0be0 0e0c0000 000b009d 00000000 12004400  ..............D.
 0bf0 210c0000 280a009d 00000000 12004400  !...(.........D.
 0c00 2f0c0000 000b009d 00000000 12004400  /.............D.
 0c10 420c0000 280a009d 00000000 12004400  B...(.........D.
 0c20 500c0000 000b009d 00000000 12004400  P.............D.
 0c30 630c0000 280a009d 00000000 12004400  c...(.........D.
 0c40 710c0000 000b009d 00000000 12004400  q.............D.
 0c50 840c0000 280a009d 00000000 12004400  ....(.........D.
 0c60 920c0000 000b009d 00000000 12004400  ..............D.
 0c70 a50c0000 280a009d 00000000 12004400  ....(.........D.
 0c80 b30c0000 000b009d 00000000 12004400  ..............D.
 0c90 c60c0000 280a009d 00000000 12004400  ....(.........D.
 0ca0 d40c0000 000b009d 00000000 12004400  ..............D.
 0cb0 e70c0000 280a009d 00000000 12004400  ....(.........D.
 0cc0 f50c0000 000b009d 00000000 12004400  ..............D.
 0cd0 080d0000 280a009d 00000000 12004400  ....(.........D.
 0ce0 160d0000 000b009d 00000000 12004400  ..............D.
 0cf0 290d0000 280a009d 00000000 12004400  )...(.........D.
 0d00 370d0000 000b009d 00000000 12004400  7.............D.
 0d10 4a0d0000 280a009d 00000000 12004400  J...(.........D.
 0d20 580d0000 000b009d 00000000 12004400  X.............D.
 0d30 6b0d0000 280a009d 00000000 12004400  k...(.........D.
 0d40 790d0000 000b009d 00000000 12004400  y.............D.
 0d50 8c0d0000 280a009d 00000000 12004400  ....(.........D.
 0d60 9a0d0000 000b009d 00000000 12004400  ..............D.
 0d70 ad0d0000 280a009d 00000000 12004400  ....(.........D.
 0d80 bb0d0000 000b009d 00000000 12004400  ..............D.
 0d90 ce0d0000 280a009d 00000000 12004400  ....(.........D.
 0da0 dc0d0000 000b009d 00000000 12004400  ..............D.
 0db0 ef0d0000 280a009d 00000000 12004400  ....(.........D.
 0dc0 fd0d0000 000b009d 00000000 12004400  ..............D.
 0dd0 100e0000 280a009d 00000000 12004400  ....(.........D.
 0de0 1e0e0000 000b009d 00000000 12004400  ..............D.
 0df0 310e0000 280a009d 00000000 12004400  1...(.........D.
 0e00 3f0e0000 000b009d 00000000 12004400  ?.............D.
 0e10 520e0000 280a009d 00000000 12004400  R...(.........D.
 0e20 600e0000 000b009d 00000000 12004400  `.............D.
 0e30 730e0000 280a009d 00000000 12004400  s...(.........D.
 0e40 810e0000 000b009d 00000000 12004400  ..............D.
 0e50 940e0000 280a009d 00000000 12004400  ....(.........D.
 0e60 a20e0000 000b009d 00000000 12004400  ..............D.
 0e70 b50e0000 280a009d 00000000 12004400  ....(.........D.
 0e80 c30e0000 000b009d 00000000 12004400  ..............D.
 0e90 d60e0000 280a009d 00000000 12004400  ....(.........D.
 0ea0 e40e0000 000b009d 00000000 12004400  ..............D.
 0eb0 f70e0000 280a009d 00000000 12004400  ....(.........D.
 0ec0 020f0000 000b009d 00000000 12004400  ..............D.
 0ed0 150f0000 280a009d 00000000 12004400  ....(.........D.
 0ee0 250f0000 000b009d 00000000 12004400  %.............D.
 0ef0 3d0f0000 280a009d 00000000 12004400  =...(.........D.
 0f00 4d0f0000 000b009d 00000000 12004400  M.............D.
 0f10 650f0000 280a009d 00000000 12004400  e...(.........D.
 0f20 700f0000 000b009d 00000000 12004400  p.............D.
 0f30 830f0000 280a009d 00000000 12004400  ....(.........D.
 0f40 8b0f0000 000b009d 00000000 12004400  ..............D.
 0f50 9b0f0000 280a009d 00000000 12004400  ....(.........D.
 0f60 b10f0000 000b009d 00000000 12004400  ..............D.
 0f70 cf0f0000 280a009d 00000000 12004400  ....(.........D.
 0f80 df0f0000 000b009d 00000000 12004400  ..............D.
 0f90 f70f0000 280a009d 00000000 12004400  ....(.........D.
 0fa0 08100000 000b009d 00000000 12004400  ..............D.
 0fb0 21100000 280a009d 00000000 12004400  !...(.........D.
 0fc0 2c100000 000b009d 00000000 12004400  ,.............D.
 0fd0 3f100000 280a009d 00000000 12004400  ?...(.........D.
 0fe0 47100000 000b009d 00000000 12004400  G.............D.
 0ff0 57100000 280a009d 00000000 12004400  W...(.........D.
 1000 6d100000 000b009d 00000000 12004400  m.............D.
 1010 8b100000 280a009d 00000000 12004400  ....(.........D.
 1020 9b100000 000b009d 00000000 12004400  ..............D.
 1030 b3100000 280a009d 00000000 12004400  ....(.........D.
 1040 c4100000 000b009d 00000000 12004400  ..............D.
 1050 dd100000 280a009d 00000000 12004400  ....(.........D.
 1060 e8100000 000b009d 00000000 12004400  ..............D.
 1070 fb100000 280a009d 00000000 12004400  ....(.........D.
 1080 03110000 000b009d 00000000 12004400  ..............D.
 1090 13110000 280a009d 00000000 12004400  ....(.........D.
 10a0 29110000 000b009d 00000000 12004400  ).............D.
 10b0 47110000 280a009d 00000000 12004400  G...(.........D.
 10c0 57110000 000b009d 00000000 12004400  W.............D.
 10d0 6f110000 280a009d 00000000 12004400  o...(.........D.
 10e0 80110000 000b009d 00000000 12004400  ..............D.
 10f0 99110000 280a009d 00000000 12004400  ....(.........D.
 1100 a4110000 000b009d 00000000 12004400  ..............D.
 1110 b7110000 280a009d 00000000 12004400  ....(.........D.
 1120 bf110000 000b009d 00000000 12004400  ..............D.
 1130 cf110000 280a009d 00000000 12004400  ....(.........D.
 1140 e5110000 000b009d 00000000 12004400  ..............D.
 1150 03120000 280a009d 00000000 12004400  ....(.........D.
 1160 13120000 000b009d 00000000 12004400  ..............D.
 1170 2b120000 280a009d 00000000 12004400  +...(.........D.
 1180 3c120000 000b009d 00000000 12004400  <.............D.
 1190 55120000 280a009d 00000000 12004400  U...(.........D.
 11a0 60120000 000b009d 00000000 12004400  `.............D.
 11b0 73120000 280a009d 00000000 12004400  s...(.........D.
 11c0 7b120000 000b009d 00000000 12004400  {.............D.
 11d0 8b120000 280a009d 00000000 12004400  ....(.........D.
 11e0 a1120000 000b009d 00000000 12004400  ..............D.
 11f0 bf120000 280a009d 00000000 12004400  ....(.........D.
 1200 cf120000 000b009d 00000000 12004400  ..............D.
 1210 e7120000 280a009d 00000000 12004400  ....(.........D.
 1220 f8120000 000b009d 00000000 12004400  ..............D.
 1230 11130000 280a009d 00000000 12004400  ....(.........D.
 1240 19130000 000b009d 00000000 12004400  ..............D.
 1250 29130000 280a009d 00000000 12004400  )...(.........D.
 1260 3f130000 000b009d 00000000 12004400  ?.............D.
 1270 5d130000 280a009d 00000000 12004400  ]...(.........D.
 1280 6d130000 000b009d 00000000 12004400  m.............D.
 1290 85130000 280a009d 00000000 12004400  ....(.........D.
 12a0 96130000 000b009d 00000000 12004400  ..............D.
 12b0 af130000 280a009d 00000000 12004400  ....(.........D.
 12c0 b7130000 000b009d 00000000 12004400  ..............D.
 12d0 c7130000 280a009d 00000000 12004400  ....(.........D.
 12e0 dd130000 000b009d 00000000 12004400  ..............D.
 12f0 fb130000 280a009d 00000000 12004400  ....(.........D.
 1300 0b140000 000b009d 00000000 12004400  ..............D.
 1310 23140000 280a009d 00000000 12004400  #...(.........D.
 1320 34140000 000b009d 00000000 12004400  4.............D.
 1330 4d140000 280a009d 00000000 12004400  M...(.........D.
 1340 55140000 000b009d 00000000 12004400  U.............D.
 1350 65140000 280a009d 00000000 12004400  e...(.........D.
 1360 7b140000 000b009d 00000000 12004400  {.............D.
 1370 99140000 280a009d 00000000 12004400  ....(.........D.
 1380 a9140000 000b009d 00000000 12004400  ..............D.
 1390 c1140000 280a009d 00000000 12004400  ....(.........D.
 13a0 d2140000 000b009d 00000000 12004400  ..............D.
 13b0 eb140000 280a009d 00000000 12004400  ....(.........D.
 13c0 f3140000 000b009d 00000000 12004400  ..............D.
 13d0 03150000 280a009d 00000000 12004400  ....(.........D.
 13e0 19150000 000b009d 00000000 12004400  ..............D.
 13f0 37150000 280a009d 00000000 12004400  7...(.........D.
 1400 47150000 000b009d 00000000 12004400  G.............D.
 1410 5f150000 280a009d 00000000 12004400  _...(.........D.
 1420 70150000 000b009d 00000000 12004400  p.............D.
 1430 89150000 280a009d 00000000 12004400  ....(.........D.
 1440 8d150000 000b009d 00000000 12004400  ..............D.
 1450 99150000 280a009d 00000000 12004400  ....(.........D.
 1460 a2150000 000b009d 00000000 12004400  ..............D.
 1470 b3150000 280a009d 00000000 12004400  ....(.........D.
 1480 bb150000 000b009d 00000000 12004400  ..............D.
 1490 cb150000 280a009d 00000000 12004400  ....(.........D.
 14a0 d3150000 000b009d 00000000 12004400  ..............D.
 14b0 e3150000 280a009d 00000000 12004400  ....(.........D.
 14c0 eb150000 000b009d 00000000 12004400  ..............D.
 14d0 fb150000 280a009d 00000000 12004400  ....(.........D.
 14e0 03160000 000b009d 00000000 12004400  ..............D.
 14f0 13160000 280a009d 00000000 12004400  ....(.........D.
 1500 1b160000 000b009d 00000000 12004400  ..............D.
 1510 2b160000 280a009d 00000000 12004400  +...(.........D.
 1520 33160000 000b009d 00000000 12004400  3.............D.
 1530 43160000 280a009d 00000000 12004400  C...(.........D.
 1540 4b160000 000b009d 00000000 12004400  K.............D.
 1550 5b160000 280a009d 00000000 12004400  [...(.........D.
 1560 63160000 000b009d 00000000 12004400  c.............D.
 1570 73160000 280a009d 00000000 12004400  s...(.........D.
 1580 7b160000 000b009d 00000000 12004400  {.............D.
 1590 8b160000 280a009d 00000000 12004400  ....(.........D.
 15a0 93160000 000b009d 00000000 12004400  ..............D.
 15b0 a3160000 280a009d 00000000 12004400  ....(.........D.
 15c0 ab160000 000b009d 00000000 12004400  ..............D.
 15d0 bb160000 280a009d 00000000 12004400  ....(.........D.
 15e0 c3160000 000b009d 00000000 12004400  ..............D.
 15f0 d3160000 280a009d 00000000 12004400  ....(.........D.
 1600 dd160000 000b009d 00000000 12004400  ..............D.
 1610 ef160000 280a009d 00000000 12004400  ....(.........D.
 1620 f9160000 000b009d 00000000 12004400  ..............D.
 1630 0b170000 280a009d 00000000 12004400  ....(.........D.
 1640 15170000 000b009d 00000000 12004400  ..............D.
 1650 27170000 280a009d 00000000 12004400  '...(.........D.
 1660 31170000 000b009d 00000000 12004400  1.............D.
 1670 43170000 280a009d 00000000 12004400  C...(.........D.
 1680 4d170000 000b009d 00000000 12004400  M.............D.
 1690 5f170000 280a009d 00000000 12004400  _...(.........D.
 16a0 69170000 000b009d 00000000 12004400  i.............D.
 16b0 7b170000 0000009d 00000000 1000f1ff  {...............
 16c0 8a170000 01000000 00000000 1000f1ff  ................
 16d0 9a170000 04000080 00000000 10004800  ..............H.
 16e0 a4170000 00000880 00000000 1000f1ff  ................
 16f0 ab170000 200a009d 00000000 12004400  .... .........D.
 1700 b6170000 00000080 00000000 10004700  ..............G.
 1710 bd170000 04000080 00000000 10004700  ..............G.
 1720 c4170000 000c009d 00000000 1000f1ff  ................
 1730 cd170000 00000080 00000000 10004600  ..............F.
 1740 d5170000 00000080 00000000 10004600  ..............F.
 1750 dd170000 04000080 00000000 10004800  ..............H.
Contents of section .shstrtab:
 0000 002e636f 6e666967 73667273 002e7265  ..configsfrs..re
 0010 73657400 2e617070 5f657863 7074002e  set..app_excpt..
 0020 76656374 6f725f30 002e7665 63746f72  vector_0..vector
 0030 5f31002e 76656374 6f725f32 002e7665  _1..vector_2..ve
 0040 63746f72 5f33002e 76656374 6f725f34  ctor_3..vector_4
 0050 002e7665 63746f72 5f35002e 76656374  ..vector_5..vect
 0060 6f725f36 002e7665 63746f72 5f37002e  or_6..vector_7..
 0070 76656374 6f725f38 002e7665 63746f72  vector_8..vector
 0080 5f39002e 76656374 6f725f31 30002e76  _9..vector_10..v
 0090 6563746f 725f3131 002e7665 63746f72  ector_11..vector
 00a0 5f313200 2e766563 746f725f 3133002e  _12..vector_13..
 00b0 76656374 6f725f31 34002e76 6563746f  vector_14..vecto
 00c0 725f3135 002e7665 63746f72 5f313600  r_15..vector_16.
 00d0 2e766563 746f725f 3137002e 76656374  .vector_17..vect
 00e0 6f725f31 38002e76 6563746f 725f3139  or_18..vector_19
 00f0 002e7665 63746f72 5f323000 2e766563  ..vector_20..vec
 0100 746f725f 3231002e 76656374 6f725f32  tor_21..vector_2
 0110 32002e76 6563746f 725f3233 002e7665  2..vector_23..ve
 0120 63746f72 5f323400 2e766563 746f725f  ctor_24..vector_
 0130 3235002e 76656374 6f725f32 36002e76  25..vector_26..v
 0140 6563746f 725f3237 002e7665 63746f72  ector_27..vector
 0150 5f323800 2e766563 746f725f 3239002e  _28..vector_29..
 0160 76656374 6f725f33 30002e76 6563746f  vector_30..vecto
 0170 725f3331 002e7665 63746f72 5f333200  r_31..vector_32.
 0180 2e766563 746f725f 3333002e 76656374  .vector_33..vect
 0190 6f725f33 34002e76 6563746f 725f3335  or_34..vector_35
 01a0 002e7665 63746f72 5f333600 2e766563  ..vector_36..vec
 01b0 746f725f 3337002e 76656374 6f725f33  tor_37..vector_3
 01c0 38002e76 6563746f 725f3339 002e7665  8..vector_39..ve
 01d0 63746f72 5f343000 2e766563 746f725f  ctor_40..vector_
 01e0 3431002e 76656374 6f725f34 32002e76  41..vector_42..v
 01f0 6563746f 725f3433 002e7665 63746f72  ector_43..vector
 0200 5f343400 2e766563 746f725f 3435002e  _44..vector_45..
 0210 76656374 6f725f34 36002e76 6563746f  vector_46..vecto
 0220 725f3437 002e7665 63746f72 5f343800  r_47..vector_48.
 0230 2e766563 746f725f 3439002e 76656374  .vector_49..vect
 0240 6f725f35 30002e76 6563746f 725f3531  or_50..vector_51
 0250 002e7665 63746f72 5f353200 2e766563  ..vector_52..vec
 0260 746f725f 3533002e 76656374 6f725f35  tor_53..vector_5
 0270 34002e76 6563746f 725f3535 002e7665  4..vector_55..ve
 0280 63746f72 5f353600 2e766563 746f725f  ctor_56..vector_
 0290 3537002e 76656374 6f725f35 38002e76  57..vector_58..v
 02a0 6563746f 725f3539 002e7665 63746f72  ector_59..vector
 02b0 5f363000 2e766563 746f725f 3631002e  _60..vector_61..
 02c0 76656374 6f725f36 32002e76 6563746f  vector_62..vecto
 02d0 725f3633 002e7465 7874002e 726f6461  r_63..text..roda
 02e0 7461002e 64617461 002e6273 73002e75  ta..data..bss..u
 02f0 6e696e69 74002e6d 64656275 672e6162  ninit..mdebug.ab
 0300 69333200 2e706472 002e636f 6d6d656e  i32..pdr..commen
 0310 74002e73 796d7461 62002e73 68737472  t..symtab..shstr
 0320 74616200 2e737472 74616200           tab..strtab.
Contents of section .strtab:
 0000 00706963 33326d7a 5f626c69 6e6b792e  .pic32mz_blinky.
 0010 64373839 65633263 61386331 32326634  d789ec2ca8c122f4
 0020 2d636775 2e30005f 5a4e3134 70696333  -cgu.0._ZN14pic3
 0030 326d7a5f 626c696e 6b793130 434f4e46  2mz_blinky10CONF
 0040 49475346 52533137 68623935 31663131  IGSFRS17hb951f11
 0050 37303233 35633139 65450070 69633332  70235c19eE.pic32
 0060 6d7a3230 34386566 6d313434 5f706163  mz2048efm144_pac
 0070 2e333938 38383435 30653032 61613265  .39888450e02aa2e
 0080 352d6367 752e3000 70616e69 635f6861  5-cgu.0.panic_ha
 0090 6c742e62 63346535 63366431 37356237  lt.bc4e5c6d175b7
 00a0 3734622d 6367752e 30006d69 70735f72  74b-cgu.0.mips_r
 00b0 742e6630 35363534 33633166 32306534  t.f056543c1f20e4
 00c0 63382d63 67752e30 00636f72 652e6439  c8-cgu.0.core.d9
 00d0 38313131 34326631 65326133 34652d63  811142f1e2a34e-c
 00e0 67752e30 3200636f 72652e64 39383131  gu.02.core.d9811
 00f0 31343266 31653261 3334652d 6367752e  142f1e2a34e-cgu.
 0100 30310063 6f72652e 64393831 31313432  01.core.d9811142
 0110 66316532 61333465 2d636775 2e303600  f1e2a34e-cgu.06.
 0120 636f7265 2e643938 31313134 32663165  core.d9811142f1e
 0130 32613334 652d6367 752e3037 00636f72  2a34e-cgu.07.cor
 0140 652e6439 38313131 34326631 65326133  e.d9811142f1e2a3
 0150 34652d63 67752e30 3800636f 72652e64  4e-cgu.08.core.d
 0160 39383131 31343266 31653261 3334652d  9811142f1e2a34e-
 0170 6367752e 30340063 6f72652e 64393831  cgu.04.core.d981
 0180 31313432 66316532 61333465 2d636775  1142f1e2a34e-cgu
 0190 2e303000 636f7265 2e643938 31313134  .00.core.d981114
 01a0 32663165 32613334 652d6367 752e3039  2f1e2a34e-cgu.09
 01b0 00636f72 652e6439 38313131 34326631  .core.d9811142f1
 01c0 65326133 34652d63 67752e31 3000636f  e2a34e-cgu.10.co
 01d0 72652e64 39383131 31343266 31653261  re.d9811142f1e2a
 01e0 3334652d 6367752e 31310063 6f72652e  34e-cgu.11.core.
 01f0 64393831 31313432 66316532 61333465  d9811142f1e2a34e
 0200 2d636775 2e313200 636f7265 2e643938  -cgu.12.core.d98
 0210 31313134 32663165 32613334 652d6367  11142f1e2a34e-cg
 0220 752e3133 00636f72 652e6439 38313131  u.13.core.d98111
 0230 34326631 65326133 34652d63 67752e31  42f1e2a34e-cgu.1
 0240 3400636f 72652e64 39383131 31343266  4.core.d9811142f
 0250 31653261 3334652d 6367752e 31350063  1e2a34e-cgu.15.c
 0260 6f72652e 64393831 31313432 66316532  ore.d9811142f1e2
 0270 61333465 2d636775 2e303500 636f6d70  a34e-cgu.05.comp
 0280 696c6572 5f627569 6c74696e 732e3532  iler_builtins.52
 0290 30393461 33613335 62336538 30302d63  094a3a35b3e800-c
 02a0 67752e30 00636f6d 70696c65 725f6275  gu.0.compiler_bu
 02b0 696c7469 6e732e35 32303934 61336133  iltins.52094a3a3
 02c0 35623365 3830302d 6367752e 3100636f  5b3e800-cgu.1.co
 02d0 6d70696c 65725f62 75696c74 696e732e  mpiler_builtins.
 02e0 35323039 34613361 33356233 65383030  52094a3a35b3e800
 02f0 2d636775 2e320063 6f6d7069 6c65725f  -cgu.2.compiler_
 0300 6275696c 74696e73 2e353230 39346133  builtins.52094a3
 0310 61333562 33653830 302d6367 752e3300  a35b3e800-cgu.3.
 0320 636f6d70 696c6572 5f627569 6c74696e  compiler_builtin
 0330 732e3532 30393461 33613335 62336538  s.52094a3a35b3e8
 0340 30302d63 67752e34 005f7665 63746f72  00-cgu.4._vector
 0350 5f30005f 76656374 6f725f31 005f7665  _0._vector_1._ve
 0360 63746f72 5f32005f 76656374 6f725f33  ctor_2._vector_3
 0370 005f7665 63746f72 5f34005f 76656374  ._vector_4._vect
 0380 6f725f35 005f7665 63746f72 5f36005f  or_5._vector_6._
 0390 76656374 6f725f37 005f7665 63746f72  vector_7._vector
 03a0 5f38005f 76656374 6f725f39 005f7665  _8._vector_9._ve
 03b0 63746f72 5f313000 5f766563 746f725f  ctor_10._vector_
 03c0 3131005f 76656374 6f725f31 32005f76  11._vector_12._v
 03d0 6563746f 725f3133 005f7665 63746f72  ector_13._vector
 03e0 5f313400 5f766563 746f725f 3135005f  _14._vector_15._
 03f0 76656374 6f725f31 36005f76 6563746f  vector_16._vecto
 0400 725f3137 005f7665 63746f72 5f313800  r_17._vector_18.
 0410 5f766563 746f725f 3139005f 76656374  _vector_19._vect
 0420 6f725f32 30005f76 6563746f 725f3231  or_20._vector_21
 0430 005f7665 63746f72 5f323200 5f766563  ._vector_22._vec
 0440 746f725f 3233005f 76656374 6f725f32  tor_23._vector_2
 0450 34005f76 6563746f 725f3235 005f7665  4._vector_25._ve
 0460 63746f72 5f323600 5f766563 746f725f  ctor_26._vector_
 0470 3237005f 76656374 6f725f32 38005f76  27._vector_28._v
 0480 6563746f 725f3239 005f7665 63746f72  ector_29._vector
 0490 5f333000 5f766563 746f725f 3331005f  _30._vector_31._
 04a0 76656374 6f725f33 32005f76 6563746f  vector_32._vecto
 04b0 725f3333 005f7665 63746f72 5f333400  r_33._vector_34.
 04c0 5f766563 746f725f 3335005f 76656374  _vector_35._vect
 04d0 6f725f33 36005f76 6563746f 725f3337  or_36._vector_37
 04e0 005f7665 63746f72 5f333800 5f766563  ._vector_38._vec
 04f0 746f725f 3339005f 76656374 6f725f34  tor_39._vector_4
 0500 30005f76 6563746f 725f3431 005f7665  0._vector_41._ve
 0510 63746f72 5f343200 5f766563 746f725f  ctor_42._vector_
 0520 3433005f 76656374 6f725f34 34005f76  43._vector_44._v
 0530 6563746f 725f3435 005f7665 63746f72  ector_45._vector
 0540 5f343600 5f766563 746f725f 3437005f  _46._vector_47._
 0550 76656374 6f725f34 38005f76 6563746f  vector_48._vecto
 0560 725f3439 005f7665 63746f72 5f353000  r_49._vector_50.
 0570 5f766563 746f725f 3531005f 76656374  _vector_51._vect
 0580 6f725f35 32005f76 6563746f 725f3533  or_52._vector_53
 0590 005f7665 63746f72 5f353400 5f766563  ._vector_54._vec
 05a0 746f725f 3535005f 76656374 6f725f35  tor_55._vector_5
 05b0 36005f76 6563746f 725f3537 005f7665  6._vector_57._ve
 05c0 63746f72 5f353800 5f766563 746f725f  ctor_58._vector_
 05d0 3539005f 76656374 6f725f36 30005f76  59._vector_60._v
 05e0 6563746f 725f3631 005f7665 63746f72  ector_61._vector
 05f0 5f363200 5f766563 746f725f 3633005f  _62._vector_63._
 0600 6e6f5f6e 6d69005f 6273735f 636f6e64  no_nmi._bss_cond
 0610 005f6273 735f6c70 005f6461 74615f63  ._bss_lp._data_c
 0620 6f6e6400 5f646174 615f6c70 005f6d61  ond._data_lp._ma
 0630 696e5f65 6c006d61 696e0044 65666175  in_el.main.Defau
 0640 6c745072 65496e69 74004445 56494345  ltPreInit.DEVICE
 0650 5f504552 49504845 52414c53 005f7265  _PERIPHERALS._re
 0660 73657400 5f697372 5f636f6e 74657874  set._isr_context
 0670 005f6465 6661756c 745f6973 725f666e  ._default_isr_fn
 0680 005f6765 6e657261 6c5f6578 63657074  ._general_except
 0690 696f6e5f 68616e64 6c657200 5f6e6d69  ion_handler._nmi
 06a0 5f68616e 646c6572 005f6765 6e5f6578  _handler._gen_ex
 06b0 63657074 696f6e00 5f657863 65707469  ception._excepti
 06c0 6f6e5f63 6f6e7465 7874005f 76656374  on_context._vect
 06d0 6f725f30 5f666e00 5f766563 746f725f  or_0_fn._vector_
 06e0 305f636f 6e746578 74005f76 6563746f  0_context._vecto
 06f0 725f315f 666e005f 76656374 6f725f31  r_1_fn._vector_1
 0700 5f636f6e 74657874 005f7665 63746f72  _context._vector
 0710 5f325f66 6e005f76 6563746f 725f325f  _2_fn._vector_2_
 0720 636f6e74 65787400 5f766563 746f725f  context._vector_
 0730 335f666e 005f7665 63746f72 5f335f63  3_fn._vector_3_c
 0740 6f6e7465 7874005f 76656374 6f725f34  ontext._vector_4
 0750 5f666e00 5f766563 746f725f 345f636f  _fn._vector_4_co
 0760 6e746578 74005f76 6563746f 725f355f  ntext._vector_5_
 0770 666e005f 76656374 6f725f35 5f636f6e  fn._vector_5_con
 0780 74657874 005f7665 63746f72 5f365f66  text._vector_6_f
 0790 6e005f76 6563746f 725f365f 636f6e74  n._vector_6_cont
 07a0 65787400 5f766563 746f725f 375f666e  ext._vector_7_fn
 07b0 005f7665 63746f72 5f375f63 6f6e7465  ._vector_7_conte
 07c0 7874005f 76656374 6f725f38 5f666e00  xt._vector_8_fn.
 07d0 5f766563 746f725f 385f636f 6e746578  _vector_8_contex
 07e0 74005f76 6563746f 725f395f 666e005f  t._vector_9_fn._
 07f0 76656374 6f725f39 5f636f6e 74657874  vector_9_context
 0800 005f7665 63746f72 5f31305f 666e005f  ._vector_10_fn._
 0810 76656374 6f725f31 305f636f 6e746578  vector_10_contex
 0820 74005f76 6563746f 725f3131 5f666e00  t._vector_11_fn.
 0830 5f766563 746f725f 31315f63 6f6e7465  _vector_11_conte
 0840 7874005f 76656374 6f725f31 325f666e  xt._vector_12_fn
 0850 005f7665 63746f72 5f31325f 636f6e74  ._vector_12_cont
 0860 65787400 5f766563 746f725f 31335f66  ext._vector_13_f
 0870 6e005f76 6563746f 725f3133 5f636f6e  n._vector_13_con
 0880 74657874 005f7665 63746f72 5f31345f  text._vector_14_
 0890 666e005f 76656374 6f725f31 345f636f  fn._vector_14_co
 08a0 6e746578 74005f76 6563746f 725f3135  ntext._vector_15
 08b0 5f666e00 5f766563 746f725f 31355f63  _fn._vector_15_c
 08c0 6f6e7465 7874005f 76656374 6f725f31  ontext._vector_1
 08d0 365f666e 005f7665 63746f72 5f31365f  6_fn._vector_16_
 08e0 636f6e74 65787400 5f766563 746f725f  context._vector_
 08f0 31375f66 6e005f76 6563746f 725f3137  17_fn._vector_17
 0900 5f636f6e 74657874 005f7665 63746f72  _context._vector
 0910 5f31385f 666e005f 76656374 6f725f31  _18_fn._vector_1
 0920 385f636f 6e746578 74005f76 6563746f  8_context._vecto
 0930 725f3139 5f666e00 5f766563 746f725f  r_19_fn._vector_
 0940 31395f63 6f6e7465 7874005f 76656374  19_context._vect
 0950 6f725f32 305f666e 005f7665 63746f72  or_20_fn._vector
 0960 5f32305f 636f6e74 65787400 5f766563  _20_context._vec
 0970 746f725f 32315f66 6e005f76 6563746f  tor_21_fn._vecto
 0980 725f3231 5f636f6e 74657874 005f7665  r_21_context._ve
 0990 63746f72 5f32325f 666e005f 76656374  ctor_22_fn._vect
 09a0 6f725f32 325f636f 6e746578 74005f76  or_22_context._v
 09b0 6563746f 725f3233 5f666e00 5f766563  ector_23_fn._vec
 09c0 746f725f 32335f63 6f6e7465 7874005f  tor_23_context._
 09d0 76656374 6f725f32 345f666e 005f7665  vector_24_fn._ve
 09e0 63746f72 5f32345f 636f6e74 65787400  ctor_24_context.
 09f0 5f766563 746f725f 32355f66 6e005f76  _vector_25_fn._v
 0a00 6563746f 725f3235 5f636f6e 74657874  ector_25_context
 0a10 005f7665 63746f72 5f32365f 666e005f  ._vector_26_fn._
 0a20 76656374 6f725f32 365f636f 6e746578  vector_26_contex
 0a30 74005f76 6563746f 725f3237 5f666e00  t._vector_27_fn.
 0a40 5f766563 746f725f 32375f63 6f6e7465  _vector_27_conte
 0a50 7874005f 76656374 6f725f32 385f666e  xt._vector_28_fn
 0a60 005f7665 63746f72 5f32385f 636f6e74  ._vector_28_cont
 0a70 65787400 5f766563 746f725f 32395f66  ext._vector_29_f
 0a80 6e005f76 6563746f 725f3239 5f636f6e  n._vector_29_con
 0a90 74657874 005f7665 63746f72 5f33305f  text._vector_30_
 0aa0 666e005f 76656374 6f725f33 305f636f  fn._vector_30_co
 0ab0 6e746578 74005f76 6563746f 725f3331  ntext._vector_31
 0ac0 5f666e00 5f766563 746f725f 33315f63  _fn._vector_31_c
 0ad0 6f6e7465 7874005f 76656374 6f725f33  ontext._vector_3
 0ae0 325f666e 005f7665 63746f72 5f33325f  2_fn._vector_32_
 0af0 636f6e74 65787400 5f766563 746f725f  context._vector_
 0b00 33335f66 6e005f76 6563746f 725f3333  33_fn._vector_33
 0b10 5f636f6e 74657874 005f7665 63746f72  _context._vector
 0b20 5f33345f 666e005f 76656374 6f725f33  _34_fn._vector_3
 0b30 345f636f 6e746578 74005f76 6563746f  4_context._vecto
 0b40 725f3335 5f666e00 5f766563 746f725f  r_35_fn._vector_
 0b50 33355f63 6f6e7465 7874005f 76656374  35_context._vect
 0b60 6f725f33 365f666e 005f7665 63746f72  or_36_fn._vector
 0b70 5f33365f 636f6e74 65787400 5f766563  _36_context._vec
 0b80 746f725f 33375f66 6e005f76 6563746f  tor_37_fn._vecto
 0b90 725f3337 5f636f6e 74657874 005f7665  r_37_context._ve
 0ba0 63746f72 5f33385f 666e005f 76656374  ctor_38_fn._vect
 0bb0 6f725f33 385f636f 6e746578 74005f76  or_38_context._v
 0bc0 6563746f 725f3339 5f666e00 5f766563  ector_39_fn._vec
 0bd0 746f725f 33395f63 6f6e7465 7874005f  tor_39_context._
 0be0 76656374 6f725f34 305f666e 005f7665  vector_40_fn._ve
 0bf0 63746f72 5f34305f 636f6e74 65787400  ctor_40_context.
 0c00 5f766563 746f725f 34315f66 6e005f76  _vector_41_fn._v
 0c10 6563746f 725f3431 5f636f6e 74657874  ector_41_context
 0c20 005f7665 63746f72 5f34325f 666e005f  ._vector_42_fn._
 0c30 76656374 6f725f34 325f636f 6e746578  vector_42_contex
 0c40 74005f76 6563746f 725f3433 5f666e00  t._vector_43_fn.
 0c50 5f766563 746f725f 34335f63 6f6e7465  _vector_43_conte
 0c60 7874005f 76656374 6f725f34 345f666e  xt._vector_44_fn
 0c70 005f7665 63746f72 5f34345f 636f6e74  ._vector_44_cont
 0c80 65787400 5f766563 746f725f 34355f66  ext._vector_45_f
 0c90 6e005f76 6563746f 725f3435 5f636f6e  n._vector_45_con
 0ca0 74657874 005f7665 63746f72 5f34365f  text._vector_46_
 0cb0 666e005f 76656374 6f725f34 365f636f  fn._vector_46_co
 0cc0 6e746578 74005f76 6563746f 725f3437  ntext._vector_47
 0cd0 5f666e00 5f766563 746f725f 34375f63  _fn._vector_47_c
 0ce0 6f6e7465 7874005f 76656374 6f725f34  ontext._vector_4
 0cf0 385f666e 005f7665 63746f72 5f34385f  8_fn._vector_48_
 0d00 636f6e74 65787400 5f766563 746f725f  context._vector_
 0d10 34395f66 6e005f76 6563746f 725f3439  49_fn._vector_49
 0d20 5f636f6e 74657874 005f7665 63746f72  _context._vector
 0d30 5f35305f 666e005f 76656374 6f725f35  _50_fn._vector_5
 0d40 305f636f 6e746578 74005f76 6563746f  0_context._vecto
 0d50 725f3531 5f666e00 5f766563 746f725f  r_51_fn._vector_
 0d60 35315f63 6f6e7465 7874005f 76656374  51_context._vect
 0d70 6f725f35 325f666e 005f7665 63746f72  or_52_fn._vector
 0d80 5f35325f 636f6e74 65787400 5f766563  _52_context._vec
 0d90 746f725f 35335f66 6e005f76 6563746f  tor_53_fn._vecto
 0da0 725f3533 5f636f6e 74657874 005f7665  r_53_context._ve
 0db0 63746f72 5f35345f 666e005f 76656374  ctor_54_fn._vect
 0dc0 6f725f35 345f636f 6e746578 74005f76  or_54_context._v
 0dd0 6563746f 725f3535 5f666e00 5f766563  ector_55_fn._vec
 0de0 746f725f 35355f63 6f6e7465 7874005f  tor_55_context._
 0df0 76656374 6f725f35 365f666e 005f7665  vector_56_fn._ve
 0e00 63746f72 5f35365f 636f6e74 65787400  ctor_56_context.
 0e10 5f766563 746f725f 35375f66 6e005f76  _vector_57_fn._v
 0e20 6563746f 725f3537 5f636f6e 74657874  ector_57_context
 0e30 005f7665 63746f72 5f35385f 666e005f  ._vector_58_fn._
 0e40 76656374 6f725f35 385f636f 6e746578  vector_58_contex
 0e50 74005f76 6563746f 725f3539 5f666e00  t._vector_59_fn.
 0e60 5f766563 746f725f 35395f63 6f6e7465  _vector_59_conte
 0e70 7874005f 76656374 6f725f36 305f666e  xt._vector_60_fn
 0e80 005f7665 63746f72 5f36305f 636f6e74  ._vector_60_cont
 0e90 65787400 5f766563 746f725f 36315f66  ext._vector_61_f
 0ea0 6e005f76 6563746f 725f3631 5f636f6e  n._vector_61_con
 0eb0 74657874 005f7665 63746f72 5f36325f  text._vector_62_
 0ec0 666e005f 76656374 6f725f36 325f636f  fn._vector_62_co
 0ed0 6e746578 74005f76 6563746f 725f3633  ntext._vector_63
 0ee0 5f666e00 5f766563 746f725f 36335f63  _fn._vector_63_c
 0ef0 6f6e7465 78740043 4f52455f 54494d45  ontext.CORE_TIME
 0f00 5200434f 52455f54 494d4552 5f434f4e  R.CORE_TIMER_CON
 0f10 54455854 00434f52 455f534f 46545741  TEXT.CORE_SOFTWA
 0f20 52455f30 00434f52 455f534f 46545741  RE_0.CORE_SOFTWA
 0f30 52455f30 5f434f4e 54455854 00434f52  RE_0_CONTEXT.COR
 0f40 455f534f 46545741 52455f31 00434f52  E_SOFTWARE_1.COR
 0f50 455f534f 46545741 52455f31 5f434f4e  E_SOFTWARE_1_CON
 0f60 54455854 00455854 45524e41 4c5f3000  TEXT.EXTERNAL_0.
 0f70 45585445 524e414c 5f305f43 4f4e5445  EXTERNAL_0_CONTE
 0f80 58540054 494d4552 5f310054 494d4552  XT.TIMER_1.TIMER
 0f90 5f315f43 4f4e5445 58540049 4e505554  _1_CONTEXT.INPUT
 0fa0 5f434150 54555245 5f315f45 52524f52  _CAPTURE_1_ERROR
 0fb0 00494e50 55545f43 41505455 52455f31  .INPUT_CAPTURE_1
 0fc0 5f455252 4f525f43 4f4e5445 58540049  _ERROR_CONTEXT.I
 0fd0 4e505554 5f434150 54555245 5f310049  NPUT_CAPTURE_1.I
 0fe0 4e505554 5f434150 54555245 5f315f43  NPUT_CAPTURE_1_C
 0ff0 4f4e5445 5854004f 55545055 545f434f  ONTEXT.OUTPUT_CO
 1000 4d504152 455f3100 4f555450 55545f43  MPARE_1.OUTPUT_C
 1010 4f4d5041 52455f31 5f434f4e 54455854  OMPARE_1_CONTEXT
 1020 00455854 45524e41 4c5f3100 45585445  .EXTERNAL_1.EXTE
 1030 524e414c 5f315f43 4f4e5445 58540054  RNAL_1_CONTEXT.T
 1040 494d4552 5f320054 494d4552 5f325f43  IMER_2.TIMER_2_C
 1050 4f4e5445 58540049 4e505554 5f434150  ONTEXT.INPUT_CAP
 1060 54555245 5f325f45 52524f52 00494e50  TURE_2_ERROR.INP
 1070 55545f43 41505455 52455f32 5f455252  UT_CAPTURE_2_ERR
 1080 4f525f43 4f4e5445 58540049 4e505554  OR_CONTEXT.INPUT
 1090 5f434150 54555245 5f320049 4e505554  _CAPTURE_2.INPUT
 10a0 5f434150 54555245 5f325f43 4f4e5445  _CAPTURE_2_CONTE
 10b0 5854004f 55545055 545f434f 4d504152  XT.OUTPUT_COMPAR
 10c0 455f3200 4f555450 55545f43 4f4d5041  E_2.OUTPUT_COMPA
 10d0 52455f32 5f434f4e 54455854 00455854  RE_2_CONTEXT.EXT
 10e0 45524e41 4c5f3200 45585445 524e414c  ERNAL_2.EXTERNAL
 10f0 5f325f43 4f4e5445 58540054 494d4552  _2_CONTEXT.TIMER
 1100 5f330054 494d4552 5f335f43 4f4e5445  _3.TIMER_3_CONTE
 1110 58540049 4e505554 5f434150 54555245  XT.INPUT_CAPTURE
 1120 5f335f45 52524f52 00494e50 55545f43  _3_ERROR.INPUT_C
 1130 41505455 52455f33 5f455252 4f525f43  APTURE_3_ERROR_C
 1140 4f4e5445 58540049 4e505554 5f434150  ONTEXT.INPUT_CAP
 1150 54555245 5f330049 4e505554 5f434150  TURE_3.INPUT_CAP
 1160 54555245 5f335f43 4f4e5445 5854004f  TURE_3_CONTEXT.O
 1170 55545055 545f434f 4d504152 455f3300  UTPUT_COMPARE_3.
 1180 4f555450 55545f43 4f4d5041 52455f33  OUTPUT_COMPARE_3
 1190 5f434f4e 54455854 00455854 45524e41  _CONTEXT.EXTERNA
 11a0 4c5f3300 45585445 524e414c 5f335f43  L_3.EXTERNAL_3_C
 11b0 4f4e5445 58540054 494d4552 5f340054  ONTEXT.TIMER_4.T
 11c0 494d4552 5f345f43 4f4e5445 58540049  IMER_4_CONTEXT.I
 11d0 4e505554 5f434150 54555245 5f345f45  NPUT_CAPTURE_4_E
 11e0 52524f52 00494e50 55545f43 41505455  RROR.INPUT_CAPTU
 11f0 52455f34 5f455252 4f525f43 4f4e5445  RE_4_ERROR_CONTE
 1200 58540049 4e505554 5f434150 54555245  XT.INPUT_CAPTURE
 1210 5f340049 4e505554 5f434150 54555245  _4.INPUT_CAPTURE
 1220 5f345f43 4f4e5445 5854004f 55545055  _4_CONTEXT.OUTPU
 1230 545f434f 4d504152 455f3400 4f555450  T_COMPARE_4.OUTP
 1240 55545f43 4f4d5041 52455f34 5f434f4e  UT_COMPARE_4_CON
 1250 54455854 00455854 45524e41 4c5f3400  TEXT.EXTERNAL_4.
 1260 45585445 524e414c 5f345f43 4f4e5445  EXTERNAL_4_CONTE
 1270 58540054 494d4552 5f350054 494d4552  XT.TIMER_5.TIMER
 1280 5f355f43 4f4e5445 58540049 4e505554  _5_CONTEXT.INPUT
 1290 5f434150 54555245 5f355f45 52524f52  _CAPTURE_5_ERROR
 12a0 00494e50 55545f43 41505455 52455f35  .INPUT_CAPTURE_5
 12b0 5f455252 4f525f43 4f4e5445 58540049  _ERROR_CONTEXT.I
 12c0 4e505554 5f434150 54555245 5f350049  NPUT_CAPTURE_5.I
 12d0 4e505554 5f434150 54555245 5f355f43  NPUT_CAPTURE_5_C
 12e0 4f4e5445 5854004f 55545055 545f434f  ONTEXT.OUTPUT_CO
 12f0 4d504152 455f3500 4f555450 55545f43  MPARE_5.OUTPUT_C
 1300 4f4d5041 52455f35 5f434f4e 54455854  OMPARE_5_CONTEXT
 1310 0054494d 45525f36 0054494d 45525f36  .TIMER_6.TIMER_6
 1320 5f434f4e 54455854 00494e50 55545f43  _CONTEXT.INPUT_C
 1330 41505455 52455f36 5f455252 4f520049  APTURE_6_ERROR.I
 1340 4e505554 5f434150 54555245 5f365f45  NPUT_CAPTURE_6_E
 1350 52524f52 5f434f4e 54455854 00494e50  RROR_CONTEXT.INP
 1360 55545f43 41505455 52455f36 00494e50  UT_CAPTURE_6.INP
 1370 55545f43 41505455 52455f36 5f434f4e  UT_CAPTURE_6_CON
 1380 54455854 004f5554 5055545f 434f4d50  TEXT.OUTPUT_COMP
 1390 4152455f 36004f55 54505554 5f434f4d  ARE_6.OUTPUT_COM
 13a0 50415245 5f365f43 4f4e5445 58540054  PARE_6_CONTEXT.T
 13b0 494d4552 5f370054 494d4552 5f375f43  IMER_7.TIMER_7_C
 13c0 4f4e5445 58540049 4e505554 5f434150  ONTEXT.INPUT_CAP
 13d0 54555245 5f375f45 52524f52 00494e50  TURE_7_ERROR.INP
 13e0 55545f43 41505455 52455f37 5f455252  UT_CAPTURE_7_ERR
 13f0 4f525f43 4f4e5445 58540049 4e505554  OR_CONTEXT.INPUT
 1400 5f434150 54555245 5f370049 4e505554  _CAPTURE_7.INPUT
 1410 5f434150 54555245 5f375f43 4f4e5445  _CAPTURE_7_CONTE
 1420 5854004f 55545055 545f434f 4d504152  XT.OUTPUT_COMPAR
 1430 455f3700 4f555450 55545f43 4f4d5041  E_7.OUTPUT_COMPA
 1440 52455f37 5f434f4e 54455854 0054494d  RE_7_CONTEXT.TIM
 1450 45525f38 0054494d 45525f38 5f434f4e  ER_8.TIMER_8_CON
 1460 54455854 00494e50 55545f43 41505455  TEXT.INPUT_CAPTU
 1470 52455f38 5f455252 4f520049 4e505554  RE_8_ERROR.INPUT
 1480 5f434150 54555245 5f385f45 52524f52  _CAPTURE_8_ERROR
 1490 5f434f4e 54455854 00494e50 55545f43  _CONTEXT.INPUT_C
 14a0 41505455 52455f38 00494e50 55545f43  APTURE_8.INPUT_C
 14b0 41505455 52455f38 5f434f4e 54455854  APTURE_8_CONTEXT
 14c0 004f5554 5055545f 434f4d50 4152455f  .OUTPUT_COMPARE_
 14d0 38004f55 54505554 5f434f4d 50415245  8.OUTPUT_COMPARE
 14e0 5f385f43 4f4e5445 58540054 494d4552  _8_CONTEXT.TIMER
 14f0 5f390054 494d4552 5f395f43 4f4e5445  _9.TIMER_9_CONTE
 1500 58540049 4e505554 5f434150 54555245  XT.INPUT_CAPTURE
 1510 5f395f45 52524f52 00494e50 55545f43  _9_ERROR.INPUT_C
 1520 41505455 52455f39 5f455252 4f525f43  APTURE_9_ERROR_C
 1530 4f4e5445 58540049 4e505554 5f434150  ONTEXT.INPUT_CAP
 1540 54555245 5f390049 4e505554 5f434150  TURE_9.INPUT_CAP
 1550 54555245 5f395f43 4f4e5445 5854004f  TURE_9_CONTEXT.O
 1560 55545055 545f434f 4d504152 455f3900  UTPUT_COMPARE_9.
 1570 4f555450 55545f43 4f4d5041 52455f39  OUTPUT_COMPARE_9
 1580 5f434f4e 54455854 00414443 00414443  _CONTEXT.ADC.ADC
 1590 5f434f4e 54455854 00414443 5f464946  _CONTEXT.ADC_FIF
 15a0 4f004144 435f4649 464f5f43 4f4e5445  O.ADC_FIFO_CONTE
 15b0 58540041 44435f44 43310041 44435f44  XT.ADC_DC1.ADC_D
 15c0 43315f43 4f4e5445 58540041 44435f44  C1_CONTEXT.ADC_D
 15d0 43320041 44435f44 43325f43 4f4e5445  C2.ADC_DC2_CONTE
 15e0 58540041 44435f44 43330041 44435f44  XT.ADC_DC3.ADC_D
 15f0 43335f43 4f4e5445 58540041 44435f44  C3_CONTEXT.ADC_D
 1600 43340041 44435f44 43345f43 4f4e5445  C4.ADC_DC4_CONTE
 1610 58540041 44435f44 43350041 44435f44  XT.ADC_DC5.ADC_D
 1620 43355f43 4f4e5445 58540041 44435f44  C5_CONTEXT.ADC_D
 1630 43360041 44435f44 43365f43 4f4e5445  C6.ADC_DC6_CONTE
 1640 58540041 44435f44 46310041 44435f44  XT.ADC_DF1.ADC_D
 1650 46315f43 4f4e5445 58540041 44435f44  F1_CONTEXT.ADC_D
 1660 46320041 44435f44 46325f43 4f4e5445  F2.ADC_DF2_CONTE
 1670 58540041 44435f44 46330041 44435f44  XT.ADC_DF3.ADC_D
 1680 46335f43 4f4e5445 58540041 44435f44  F3_CONTEXT.ADC_D
 1690 46340041 44435f44 46345f43 4f4e5445  F4.ADC_DF4_CONTE
 16a0 58540041 44435f44 46350041 44435f44  XT.ADC_DF5.ADC_D
 16b0 46355f43 4f4e5445 58540041 44435f44  F5_CONTEXT.ADC_D
 16c0 46360041 44435f44 46365f43 4f4e5445  F6.ADC_DF6_CONTE
 16d0 58540041 44435f46 41554c54 00414443  XT.ADC_FAULT.ADC
 16e0 5f464155 4c545f43 4f4e5445 58540041  _FAULT_CONTEXT.A
 16f0 44435f44 41544130 00414443 5f444154  DC_DATA0.ADC_DAT
 1700 41305f43 4f4e5445 58540041 44435f44  A0_CONTEXT.ADC_D
 1710 41544131 00414443 5f444154 41315f43  ATA1.ADC_DATA1_C
 1720 4f4e5445 58540041 44435f44 41544132  ONTEXT.ADC_DATA2
 1730 00414443 5f444154 41325f43 4f4e5445  .ADC_DATA2_CONTE
 1740 58540041 44435f44 41544133 00414443  XT.ADC_DATA3.ADC
 1750 5f444154 41335f43 4f4e5445 58540041  _DATA3_CONTEXT.A
 1760 44435f44 41544134 00414443 5f444154  DC_DATA4.ADC_DAT
 1770 41345f43 4f4e5445 5854005f 65626173  A4_CONTEXT._ebas
 1780 655f6164 64726573 73005f76 6563746f  e_address._vecto
 1790 725f7370 6163696e 67005f5f 65756e69  r_spacing.__euni
 17a0 6e697400 5f737461 636b005f 5f707265  nit._stack.__pre
 17b0 5f696e69 74005f5f 73627373 005f5f65  _init.__sbss.__e
 17c0 62737300 5f5f7369 64617461 005f5f73  bss.__sidata.__s
 17d0 64617461 005f5f65 64617461 005f5f73  data.__edata.__s
 17e0 756e696e 6974005f 677000             uninit._gp.

Disassembly of section .configsfrs:

bfc4ff40 <pic32mz_blinky::CONFIGSFRS::hb951f1170235c19e>:
bfc4ff40: ff ff ff 0f  	jal	0xffffffc <pic32mz_blinky::CONFIGSFRS::hb951f1170235c19e+0x3b00bc>
bfc4ff44: d9 ff f9 ff  	<unknown>
bfc4ff48: d9 cf 7f ff  	<unknown>
bfc4ff4c: fb ff ff 7f  	<unknown>
bfc4ff50: ff ff ff ff  	<unknown>
bfc4ff54: ff ff ff ff  	<unknown>
bfc4ff58: ff ff ff ff  	<unknown>
bfc4ff5c: ff ff ff ff  	<unknown>
bfc4ff60: ff ff ff ff  	<unknown>
bfc4ff64: ff ff ff ff  	<unknown>
bfc4ff68: ff ff ff ff  	<unknown>
bfc4ff6c: ff ff ff ff  	<unknown>
bfc4ff70: ff ff ff ff  	<unknown>
bfc4ff74: ff ff ff ff  	<unknown>
bfc4ff78: ff ff ff ff  	<unknown>
bfc4ff7c: ff ff ff ff  	<unknown>
bfc4ff80: ff ff ff ff  	<unknown>
bfc4ff84: ff ff ff ff  	<unknown>
bfc4ff88: ff ff ff ff  	<unknown>
bfc4ff8c: ff ff ff ff  	<unknown>
bfc4ff90: ff ff ff ff  	<unknown>
bfc4ff94: ff ff ff ff  	<unknown>
bfc4ff98: ff ff ff ff  	<unknown>
bfc4ff9c: ff ff ff ff  	<unknown>
bfc4ffa0: ff ff ff ff  	<unknown>
bfc4ffa4: ff ff ff ff  	<unknown>
bfc4ffa8: ff ff ff ff  	<unknown>
bfc4ffac: ff ff ff ff  	<unknown>
bfc4ffb0: ff ff ff ff  	<unknown>
bfc4ffb4: ff ff ff ff  	<unknown>
bfc4ffb8: ff ff ff ff  	<unknown>
bfc4ffbc: ff ff ff ff  	<unknown>
bfc4ffc0: ff ff ff ff  	<unknown>
bfc4ffc4: ff ff ff ff  	<unknown>
bfc4ffc8: ff ff ff ff  	<unknown>
bfc4ffcc: ff ff ff ff  	<unknown>
bfc4ffd0: ff ff ff ff  	<unknown>
bfc4ffd4: ff ff ff ff  	<unknown>
bfc4ffd8: ff ff ff ff  	<unknown>
bfc4ffdc: ff ff ff ff  	<unknown>
bfc4ffe0: ff ff ff ff  	<unknown>
bfc4ffe4: ff ff ff ff  	<unknown>
bfc4ffe8: ff ff ff ff  	<unknown>
bfc4ffec: ff ff ff ff  	<unknown>
bfc4fff0: ff ff ff ff  	<unknown>
bfc4fff4: ff ff ff ff  	<unknown>
bfc4fff8: ff ff ff ff  	<unknown>
bfc4fffc: 00 00 ff ff  	<unknown>

Disassembly of section .reset:

bfc00000 <_reset>:
bfc00000: 00 60 1a 40  	mfc0	$26, $12, 0x0 <__sidata+0x12fff400>
bfc00004: c0 04 5b 7f  	ext	$27, $26, 0x13, 0x1 <__sidata+0x12fff401>
bfc00008: 07 00 60 13  	beqz	$27, 0xbfc00028 <_no_nmi>
bfc0000c: 00 00 00 00  	nop <__sidata+0x12fff400>
bfc00010: 84 b5 1a 7c  	ins	$26, $zero, 0x16, 0x1
bfc00014: 00 60 9a 40  	mtc0	$26, $12, 0x0 <__sidata+0x12fff400>
bfc00018: 00 9d 1a 3c  	lui	$26, 0x9d00 <__sidata+0x13009100>
bfc0001c: 28 0a 5a 27  	addiu	$26, $26, 0xa28 <__sidata+0x12fffe28>
bfc00020: 8c 02 40 0b  	j	0xd000a30 <__sidata+0x1ffffe30>
bfc00024: 00 00 00 00  	nop <__sidata+0x12fff400>

bfc00028 <_no_nmi>:
bfc00028: 08 80 1d 3c  	lui	$sp, 0x8008 <__sidata+0x13007408>
bfc0002c: 00 00 bd 27  	addiu	$sp, $sp, 0x0 <__sidata+0x12fff400>
bfc00030: 00 00 00 00  	nop <__sidata+0x12fff400>
bfc00034: 00 48 80 40  	mtc0	$zero, $9, 0x0 <__sidata+0x12fff400>
bfc00038: ff ff 0a 24  	addiu	$10, $zero, -0x1 <__sidata+0x12fff3ff>
bfc0003c: 00 58 8a 40  	mtc0	$10, $11, 0x0 <__sidata+0x12fff400>
bfc00040: 40 00 08 3c  	lui	$8, 0x40 <__sidata+0x12fff440>
bfc00044: 00 60 0a 40  	mfc0	$10, $12, 0x0 <__sidata+0x12fff400>
bfc00048: 25 50 0a 01  	or	$10, $8, $10
bfc0004c: 00 60 8a 40  	mtc0	$10, $12, 0x0 <__sidata+0x12fff400>
bfc00050: 00 9d 09 3c  	lui	$9, 0x9d00 <__sidata+0x13009100>
bfc00054: 00 00 29 25  	addiu	$9, $9, 0x0 <__sidata+0x12fff400>
bfc00058: c0 00 00 00  	ehb
bfc0005c: 01 78 89 40  	mtc0	$9, $15, 0x1 <__sidata+0x12fff401>
bfc00060: 00 00 09 3c  	lui	$9, 0x0 <__sidata+0x12fff400>
bfc00064: 01 00 29 25  	addiu	$9, $9, 0x1 <__sidata+0x12fff401>
bfc00068: 00 00 0a 24  	addiu	$10, $zero, 0x0 <__sidata+0x12fff400>
bfc0006c: 44 49 2a 7d  	ins	$10, $9, 0x5, 0x5
bfc00070: 01 60 8a 40  	mtc0	$10, $12, 0x1 <__sidata+0x12fff401>
bfc00074: 80 00 09 3c  	lui	$9, 0x80 <__sidata+0x12fff480>
bfc00078: 00 68 89 40  	mtc0	$9, $13, 0x0 <__sidata+0x12fff400>
bfc0007c: 00 80 08 40  	mfc0	$8, $16, 0x0 <__sidata+0x12fff400>
bfc00080: 80 05 09 7d  	ext	$9, $8, 0x16, 0x1 <__sidata+0x12fff401>
bfc00084: 40 4c 09 00  	sll	$9, $9, 0x11 <__sidata+0x12fff411>
bfc00088: 00 60 08 40  	mfc0	$8, $12, 0x0 <__sidata+0x12fff400>
bfc0008c: 58 00 01 3c  	lui	$1, 0x58 <__sidata+0x12fff458>
bfc00090: 24 40 01 01  	and	$8, $8, $1
bfc00094: 25 40 28 01  	or	$8, $9, $8
bfc00098: 00 60 88 40  	mtc0	$8, $12, 0x0 <__sidata+0x12fff400>
bfc0009c: c0 00 00 00  	ehb
bfc000a0: 00 00 00 00  	nop <__sidata+0x12fff400>
bfc000a4: 00 60 08 40  	mfc0	$8, $12, 0x0 <__sidata+0x12fff400>
bfc000a8: bf ff 01 3c  	lui	$1, 0xffbf <__sidata+0x1300f3bf>
bfc000ac: ff ff 21 34  	ori	$1, $1, 0xffff <__sidata+0x1300f3ff>
bfc000b0: 24 40 01 01  	and	$8, $8, $1
bfc000b4: 00 60 88 40  	mtc0	$8, $12, 0x0 <__sidata+0x12fff400>
bfc000b8: 00 9d 08 3c  	lui	$8, 0x9d00 <__sidata+0x13009100>
bfc000bc: 20 0a 08 25  	addiu	$8, $8, 0xa20 <__sidata+0x12fffe20>
bfc000c0: 09 f8 00 01  	jalr	$8
bfc000c4: 00 00 00 00  	nop <__sidata+0x12fff400>
bfc000c8: 00 80 08 3c  	lui	$8, 0x8000 <__sidata+0x13007400>
bfc000cc: 00 00 08 25  	addiu	$8, $8, 0x0 <__sidata+0x12fff400>
bfc000d0: 00 80 09 3c  	lui	$9, 0x8000 <__sidata+0x13007400>
bfc000d4: 04 00 29 25  	addiu	$9, $9, 0x4 <__sidata+0x12fff404>
bfc000d8: 03 00 00 10  	b	0xbfc000e8 <_bss_cond>
bfc000dc: 00 00 00 00  	nop <__sidata+0x12fff400>

bfc000e0 <_bss_lp>:
bfc000e0: 00 00 00 ad  	sw	$zero, 0x0($8)
bfc000e4: 04 00 08 25  	addiu	$8, $8, 0x4 <__sidata+0x12fff404>

bfc000e8 <_bss_cond>:
bfc000e8: 2b 08 09 01  	sltu	$1, $8, $9
bfc000ec: fc ff 20 14  	bnez	$1, 0xbfc000e0 <_bss_lp>
bfc000f0: 00 00 00 00  	nop <__sidata+0x12fff400>
bfc000f4: 00 9d 08 3c  	lui	$8, 0x9d00 <__sidata+0x13009100>
bfc000f8: 00 0c 08 25  	addiu	$8, $8, 0xc00 <__sidata+0x13000000>
bfc000fc: 00 80 09 3c  	lui	$9, 0x8000 <__sidata+0x13007400>
bfc00100: 00 00 29 25  	addiu	$9, $9, 0x0 <__sidata+0x12fff400>
bfc00104: 00 80 0a 3c  	lui	$10, 0x8000 <__sidata+0x13007400>
bfc00108: 00 00 4a 25  	addiu	$10, $10, 0x0 <__sidata+0x12fff400>
bfc0010c: 05 00 00 10  	b	0xbfc00124 <_data_cond>
bfc00110: 00 00 00 00  	nop <__sidata+0x12fff400>

bfc00114 <_data_lp>:
bfc00114: 00 00 0b 8d  	lw	$11, 0x0($8)
bfc00118: 00 00 2b ad  	sw	$11, 0x0($9)
bfc0011c: 04 00 08 25  	addiu	$8, $8, 0x4 <__sidata+0x12fff404>
bfc00120: 04 00 29 25  	addiu	$9, $9, 0x4 <__sidata+0x12fff404>

bfc00124 <_data_cond>:
bfc00124: 2b 08 2a 01  	sltu	$1, $9, $10
bfc00128: fa ff 20 14  	bnez	$1, 0xbfc00114 <_data_lp>
bfc0012c: 00 00 00 00  	nop <__sidata+0x12fff400>
bfc00130: 00 9d 08 3c  	lui	$8, 0x9d00 <__sidata+0x13009100>
bfc00134: f0 09 08 25  	addiu	$8, $8, 0x9f0 <__sidata+0x12fffdf0>
bfc00138: 09 f8 00 01  	jalr	$8
bfc0013c: 00 00 00 00  	nop <__sidata+0x12fff400>

bfc00140 <_main_el>:
bfc00140: ff ff 00 10  	b	0xbfc00140 <_main_el>
bfc00144: 00 00 00 00  	nop <__sidata+0x12fff400>

Disassembly of section .app_excpt:

9d000180 <_gen_exception>:
9d000180: 00 9d 1a 3c  	lui	$26, 0x9d00 <__suninit+0x10009cfc>
9d000184: 28 0a 5a 27  	addiu	$26, $26, 0xa28 <__suninit+0x10000a24>
9d000188: 8c 02 40 0b  	j	0xd000a30 <_exception_context>
9d00018c: 00 00 00 00  	nop <__suninit+0xffffffc>

Disassembly of section .vector_0:

9d000200 <_vector_0>:
9d000200: 00 9d 1a 3c  	lui	$26, 0x9d00 <__suninit+0x10009cfc>
9d000204: 28 0a 5a 27  	addiu	$26, $26, 0xa28 <__suninit+0x10000a24>
9d000208: c0 02 40 0b  	j	0xd000b00 <_vector_9_context>
9d00020c: 00 00 00 00  	nop <__suninit+0xffffffc>

Disassembly of section .vector_1:

9d000220 <_vector_1>:
9d000220: 00 9d 1a 3c  	lui	$26, 0x9d00 <__suninit+0x10009cfc>
9d000224: 28 0a 5a 27  	addiu	$26, $26, 0xa28 <__suninit+0x10000a24>
9d000228: c0 02 40 0b  	j	0xd000b00 <_vector_9_context>
9d00022c: 00 00 00 00  	nop <__suninit+0xffffffc>

Disassembly of section .vector_2:

9d000240 <_vector_2>:
9d000240: 00 9d 1a 3c  	lui	$26, 0x9d00 <__suninit+0x10009cfc>
9d000244: 28 0a 5a 27  	addiu	$26, $26, 0xa28 <__suninit+0x10000a24>
9d000248: c0 02 40 0b  	j	0xd000b00 <_vector_9_context>
9d00024c: 00 00 00 00  	nop <__suninit+0xffffffc>

Disassembly of section .vector_3:

9d000260 <_vector_3>:
9d000260: 00 9d 1a 3c  	lui	$26, 0x9d00 <__suninit+0x10009cfc>
9d000264: 28 0a 5a 27  	addiu	$26, $26, 0xa28 <__suninit+0x10000a24>
9d000268: c0 02 40 0b  	j	0xd000b00 <_vector_9_context>
9d00026c: 00 00 00 00  	nop <__suninit+0xffffffc>

Disassembly of section .vector_4:

9d000280 <_vector_4>:
9d000280: 00 9d 1a 3c  	lui	$26, 0x9d00 <__suninit+0x10009cfc>
9d000284: 28 0a 5a 27  	addiu	$26, $26, 0xa28 <__suninit+0x10000a24>
9d000288: c0 02 40 0b  	j	0xd000b00 <_vector_9_context>
9d00028c: 00 00 00 00  	nop <__suninit+0xffffffc>

Disassembly of section .vector_5:

9d0002a0 <_vector_5>:
9d0002a0: 00 9d 1a 3c  	lui	$26, 0x9d00 <__suninit+0x10009cfc>
9d0002a4: 28 0a 5a 27  	addiu	$26, $26, 0xa28 <__suninit+0x10000a24>
9d0002a8: c0 02 40 0b  	j	0xd000b00 <_vector_9_context>
9d0002ac: 00 00 00 00  	nop <__suninit+0xffffffc>

Disassembly of section .vector_6:

9d0002c0 <_vector_6>:
9d0002c0: 00 9d 1a 3c  	lui	$26, 0x9d00 <__suninit+0x10009cfc>
9d0002c4: 28 0a 5a 27  	addiu	$26, $26, 0xa28 <__suninit+0x10000a24>
9d0002c8: c0 02 40 0b  	j	0xd000b00 <_vector_9_context>
9d0002cc: 00 00 00 00  	nop <__suninit+0xffffffc>

Disassembly of section .vector_7:

9d0002e0 <_vector_7>:
9d0002e0: 00 9d 1a 3c  	lui	$26, 0x9d00 <__suninit+0x10009cfc>
9d0002e4: 28 0a 5a 27  	addiu	$26, $26, 0xa28 <__suninit+0x10000a24>
9d0002e8: c0 02 40 0b  	j	0xd000b00 <_vector_9_context>
9d0002ec: 00 00 00 00  	nop <__suninit+0xffffffc>

Disassembly of section .vector_8:

9d000300 <_vector_8>:
9d000300: 00 9d 1a 3c  	lui	$26, 0x9d00 <__suninit+0x10009cfc>
9d000304: 28 0a 5a 27  	addiu	$26, $26, 0xa28 <__suninit+0x10000a24>
9d000308: c0 02 40 0b  	j	0xd000b00 <_vector_9_context>
9d00030c: 00 00 00 00  	nop <__suninit+0xffffffc>

Disassembly of section .vector_9:

9d000320 <_vector_9>:
9d000320: 00 9d 1a 3c  	lui	$26, 0x9d00 <__suninit+0x10009cfc>
9d000324: 28 0a 5a 27  	addiu	$26, $26, 0xa28 <__suninit+0x10000a24>
9d000328: c0 02 40 0b  	j	0xd000b00 <_vector_9_context>
9d00032c: 00 00 00 00  	nop <__suninit+0xffffffc>

Disassembly of section .vector_10:

9d000340 <_vector_10>:
9d000340: 00 9d 1a 3c  	lui	$26, 0x9d00 <__suninit+0x10009cfc>
9d000344: 28 0a 5a 27  	addiu	$26, $26, 0xa28 <__suninit+0x10000a24>
9d000348: c0 02 40 0b  	j	0xd000b00 <_vector_9_context>
9d00034c: 00 00 00 00  	nop <__suninit+0xffffffc>

Disassembly of section .vector_11:

9d000360 <_vector_11>:
9d000360: 00 9d 1a 3c  	lui	$26, 0x9d00 <__suninit+0x10009cfc>
9d000364: 28 0a 5a 27  	addiu	$26, $26, 0xa28 <__suninit+0x10000a24>
9d000368: c0 02 40 0b  	j	0xd000b00 <_vector_9_context>
9d00036c: 00 00 00 00  	nop <__suninit+0xffffffc>

Disassembly of section .vector_12:

9d000380 <_vector_12>:
9d000380: 00 9d 1a 3c  	lui	$26, 0x9d00 <__suninit+0x10009cfc>
9d000384: 28 0a 5a 27  	addiu	$26, $26, 0xa28 <__suninit+0x10000a24>
9d000388: c0 02 40 0b  	j	0xd000b00 <_vector_9_context>
9d00038c: 00 00 00 00  	nop <__suninit+0xffffffc>

Disassembly of section .vector_13:

9d0003a0 <_vector_13>:
9d0003a0: 00 9d 1a 3c  	lui	$26, 0x9d00 <__suninit+0x10009cfc>
9d0003a4: 28 0a 5a 27  	addiu	$26, $26, 0xa28 <__suninit+0x10000a24>
9d0003a8: c0 02 40 0b  	j	0xd000b00 <_vector_9_context>
9d0003ac: 00 00 00 00  	nop <__suninit+0xffffffc>

Disassembly of section .vector_14:

9d0003c0 <_vector_14>:
9d0003c0: 00 9d 1a 3c  	lui	$26, 0x9d00 <__suninit+0x10009cfc>
9d0003c4: 28 0a 5a 27  	addiu	$26, $26, 0xa28 <__suninit+0x10000a24>
9d0003c8: c0 02 40 0b  	j	0xd000b00 <_vector_9_context>
9d0003cc: 00 00 00 00  	nop <__suninit+0xffffffc>

Disassembly of section .vector_15:

9d0003e0 <_vector_15>:
9d0003e0: 00 9d 1a 3c  	lui	$26, 0x9d00 <__suninit+0x10009cfc>
9d0003e4: 28 0a 5a 27  	addiu	$26, $26, 0xa28 <__suninit+0x10000a24>
9d0003e8: c0 02 40 0b  	j	0xd000b00 <_vector_9_context>
9d0003ec: 00 00 00 00  	nop <__suninit+0xffffffc>

Disassembly of section .vector_16:

9d000400 <_vector_16>:
9d000400: 00 9d 1a 3c  	lui	$26, 0x9d00 <__suninit+0x10009cfc>
9d000404: 28 0a 5a 27  	addiu	$26, $26, 0xa28 <__suninit+0x10000a24>
9d000408: c0 02 40 0b  	j	0xd000b00 <_vector_9_context>
9d00040c: 00 00 00 00  	nop <__suninit+0xffffffc>

Disassembly of section .vector_17:

9d000420 <_vector_17>:
9d000420: 00 9d 1a 3c  	lui	$26, 0x9d00 <__suninit+0x10009cfc>
9d000424: 28 0a 5a 27  	addiu	$26, $26, 0xa28 <__suninit+0x10000a24>
9d000428: c0 02 40 0b  	j	0xd000b00 <_vector_9_context>
9d00042c: 00 00 00 00  	nop <__suninit+0xffffffc>

Disassembly of section .vector_18:

9d000440 <_vector_18>:
9d000440: 00 9d 1a 3c  	lui	$26, 0x9d00 <__suninit+0x10009cfc>
9d000444: 28 0a 5a 27  	addiu	$26, $26, 0xa28 <__suninit+0x10000a24>
9d000448: c0 02 40 0b  	j	0xd000b00 <_vector_9_context>
9d00044c: 00 00 00 00  	nop <__suninit+0xffffffc>

Disassembly of section .vector_19:

9d000460 <_vector_19>:
9d000460: 00 9d 1a 3c  	lui	$26, 0x9d00 <__suninit+0x10009cfc>
9d000464: 28 0a 5a 27  	addiu	$26, $26, 0xa28 <__suninit+0x10000a24>
9d000468: c0 02 40 0b  	j	0xd000b00 <_vector_9_context>
9d00046c: 00 00 00 00  	nop <__suninit+0xffffffc>

Disassembly of section .vector_20:

9d000480 <_vector_20>:
9d000480: 00 9d 1a 3c  	lui	$26, 0x9d00 <__suninit+0x10009cfc>
9d000484: 28 0a 5a 27  	addiu	$26, $26, 0xa28 <__suninit+0x10000a24>
9d000488: c0 02 40 0b  	j	0xd000b00 <_vector_9_context>
9d00048c: 00 00 00 00  	nop <__suninit+0xffffffc>

Disassembly of section .vector_21:

9d0004a0 <_vector_21>:
9d0004a0: 00 9d 1a 3c  	lui	$26, 0x9d00 <__suninit+0x10009cfc>
9d0004a4: 28 0a 5a 27  	addiu	$26, $26, 0xa28 <__suninit+0x10000a24>
9d0004a8: c0 02 40 0b  	j	0xd000b00 <_vector_9_context>
9d0004ac: 00 00 00 00  	nop <__suninit+0xffffffc>

Disassembly of section .vector_22:

9d0004c0 <_vector_22>:
9d0004c0: 00 9d 1a 3c  	lui	$26, 0x9d00 <__suninit+0x10009cfc>
9d0004c4: 28 0a 5a 27  	addiu	$26, $26, 0xa28 <__suninit+0x10000a24>
9d0004c8: c0 02 40 0b  	j	0xd000b00 <_vector_9_context>
9d0004cc: 00 00 00 00  	nop <__suninit+0xffffffc>

Disassembly of section .vector_23:

9d0004e0 <_vector_23>:
9d0004e0: 00 9d 1a 3c  	lui	$26, 0x9d00 <__suninit+0x10009cfc>
9d0004e4: 28 0a 5a 27  	addiu	$26, $26, 0xa28 <__suninit+0x10000a24>
9d0004e8: c0 02 40 0b  	j	0xd000b00 <_vector_9_context>
9d0004ec: 00 00 00 00  	nop <__suninit+0xffffffc>

Disassembly of section .vector_24:

9d000500 <_vector_24>:
9d000500: 00 9d 1a 3c  	lui	$26, 0x9d00 <__suninit+0x10009cfc>
9d000504: 28 0a 5a 27  	addiu	$26, $26, 0xa28 <__suninit+0x10000a24>
9d000508: c0 02 40 0b  	j	0xd000b00 <_vector_9_context>
9d00050c: 00 00 00 00  	nop <__suninit+0xffffffc>

Disassembly of section .vector_25:

9d000520 <_vector_25>:
9d000520: 00 9d 1a 3c  	lui	$26, 0x9d00 <__suninit+0x10009cfc>
9d000524: 28 0a 5a 27  	addiu	$26, $26, 0xa28 <__suninit+0x10000a24>
9d000528: c0 02 40 0b  	j	0xd000b00 <_vector_9_context>
9d00052c: 00 00 00 00  	nop <__suninit+0xffffffc>

Disassembly of section .vector_26:

9d000540 <_vector_26>:
9d000540: 00 9d 1a 3c  	lui	$26, 0x9d00 <__suninit+0x10009cfc>
9d000544: 28 0a 5a 27  	addiu	$26, $26, 0xa28 <__suninit+0x10000a24>
9d000548: c0 02 40 0b  	j	0xd000b00 <_vector_9_context>
9d00054c: 00 00 00 00  	nop <__suninit+0xffffffc>

Disassembly of section .vector_27:

9d000560 <_vector_27>:
9d000560: 00 9d 1a 3c  	lui	$26, 0x9d00 <__suninit+0x10009cfc>
9d000564: 28 0a 5a 27  	addiu	$26, $26, 0xa28 <__suninit+0x10000a24>
9d000568: c0 02 40 0b  	j	0xd000b00 <_vector_9_context>
9d00056c: 00 00 00 00  	nop <__suninit+0xffffffc>

Disassembly of section .vector_28:

9d000580 <_vector_28>:
9d000580: 00 9d 1a 3c  	lui	$26, 0x9d00 <__suninit+0x10009cfc>
9d000584: 28 0a 5a 27  	addiu	$26, $26, 0xa28 <__suninit+0x10000a24>
9d000588: c0 02 40 0b  	j	0xd000b00 <_vector_9_context>
9d00058c: 00 00 00 00  	nop <__suninit+0xffffffc>

Disassembly of section .vector_29:

9d0005a0 <_vector_29>:
9d0005a0: 00 9d 1a 3c  	lui	$26, 0x9d00 <__suninit+0x10009cfc>
9d0005a4: 28 0a 5a 27  	addiu	$26, $26, 0xa28 <__suninit+0x10000a24>
9d0005a8: c0 02 40 0b  	j	0xd000b00 <_vector_9_context>
9d0005ac: 00 00 00 00  	nop <__suninit+0xffffffc>

Disassembly of section .vector_30:

9d0005c0 <_vector_30>:
9d0005c0: 00 9d 1a 3c  	lui	$26, 0x9d00 <__suninit+0x10009cfc>
9d0005c4: 28 0a 5a 27  	addiu	$26, $26, 0xa28 <__suninit+0x10000a24>
9d0005c8: c0 02 40 0b  	j	0xd000b00 <_vector_9_context>
9d0005cc: 00 00 00 00  	nop <__suninit+0xffffffc>

Disassembly of section .vector_31:

9d0005e0 <_vector_31>:
9d0005e0: 00 9d 1a 3c  	lui	$26, 0x9d00 <__suninit+0x10009cfc>
9d0005e4: 28 0a 5a 27  	addiu	$26, $26, 0xa28 <__suninit+0x10000a24>
9d0005e8: c0 02 40 0b  	j	0xd000b00 <_vector_9_context>
9d0005ec: 00 00 00 00  	nop <__suninit+0xffffffc>

Disassembly of section .vector_32:

9d000600 <_vector_32>:
9d000600: 00 9d 1a 3c  	lui	$26, 0x9d00 <__suninit+0x10009cfc>
9d000604: 28 0a 5a 27  	addiu	$26, $26, 0xa28 <__suninit+0x10000a24>
9d000608: c0 02 40 0b  	j	0xd000b00 <_vector_9_context>
9d00060c: 00 00 00 00  	nop <__suninit+0xffffffc>

Disassembly of section .vector_33:

9d000620 <_vector_33>:
9d000620: 00 9d 1a 3c  	lui	$26, 0x9d00 <__suninit+0x10009cfc>
9d000624: 28 0a 5a 27  	addiu	$26, $26, 0xa28 <__suninit+0x10000a24>
9d000628: c0 02 40 0b  	j	0xd000b00 <_vector_9_context>
9d00062c: 00 00 00 00  	nop <__suninit+0xffffffc>

Disassembly of section .vector_34:

9d000640 <_vector_34>:
9d000640: 00 9d 1a 3c  	lui	$26, 0x9d00 <__suninit+0x10009cfc>
9d000644: 28 0a 5a 27  	addiu	$26, $26, 0xa28 <__suninit+0x10000a24>
9d000648: c0 02 40 0b  	j	0xd000b00 <_vector_9_context>
9d00064c: 00 00 00 00  	nop <__suninit+0xffffffc>

Disassembly of section .vector_35:

9d000660 <_vector_35>:
9d000660: 00 9d 1a 3c  	lui	$26, 0x9d00 <__suninit+0x10009cfc>
9d000664: 28 0a 5a 27  	addiu	$26, $26, 0xa28 <__suninit+0x10000a24>
9d000668: c0 02 40 0b  	j	0xd000b00 <_vector_9_context>
9d00066c: 00 00 00 00  	nop <__suninit+0xffffffc>

Disassembly of section .vector_36:

9d000680 <_vector_36>:
9d000680: 00 9d 1a 3c  	lui	$26, 0x9d00 <__suninit+0x10009cfc>
9d000684: 28 0a 5a 27  	addiu	$26, $26, 0xa28 <__suninit+0x10000a24>
9d000688: c0 02 40 0b  	j	0xd000b00 <_vector_9_context>
9d00068c: 00 00 00 00  	nop <__suninit+0xffffffc>

Disassembly of section .vector_37:

9d0006a0 <_vector_37>:
9d0006a0: 00 9d 1a 3c  	lui	$26, 0x9d00 <__suninit+0x10009cfc>
9d0006a4: 28 0a 5a 27  	addiu	$26, $26, 0xa28 <__suninit+0x10000a24>
9d0006a8: c0 02 40 0b  	j	0xd000b00 <_vector_9_context>
9d0006ac: 00 00 00 00  	nop <__suninit+0xffffffc>

Disassembly of section .vector_38:

9d0006c0 <_vector_38>:
9d0006c0: 00 9d 1a 3c  	lui	$26, 0x9d00 <__suninit+0x10009cfc>
9d0006c4: 28 0a 5a 27  	addiu	$26, $26, 0xa28 <__suninit+0x10000a24>
9d0006c8: c0 02 40 0b  	j	0xd000b00 <_vector_9_context>
9d0006cc: 00 00 00 00  	nop <__suninit+0xffffffc>

Disassembly of section .vector_39:

9d0006e0 <_vector_39>:
9d0006e0: 00 9d 1a 3c  	lui	$26, 0x9d00 <__suninit+0x10009cfc>
9d0006e4: 28 0a 5a 27  	addiu	$26, $26, 0xa28 <__suninit+0x10000a24>
9d0006e8: c0 02 40 0b  	j	0xd000b00 <_vector_9_context>
9d0006ec: 00 00 00 00  	nop <__suninit+0xffffffc>

Disassembly of section .vector_40:

9d000700 <_vector_40>:
9d000700: 00 9d 1a 3c  	lui	$26, 0x9d00 <__suninit+0x10009cfc>
9d000704: 28 0a 5a 27  	addiu	$26, $26, 0xa28 <__suninit+0x10000a24>
9d000708: c0 02 40 0b  	j	0xd000b00 <_vector_9_context>
9d00070c: 00 00 00 00  	nop <__suninit+0xffffffc>

Disassembly of section .vector_41:

9d000720 <_vector_41>:
9d000720: 00 9d 1a 3c  	lui	$26, 0x9d00 <__suninit+0x10009cfc>
9d000724: 28 0a 5a 27  	addiu	$26, $26, 0xa28 <__suninit+0x10000a24>
9d000728: c0 02 40 0b  	j	0xd000b00 <_vector_9_context>
9d00072c: 00 00 00 00  	nop <__suninit+0xffffffc>

Disassembly of section .vector_42:

9d000740 <_vector_42>:
9d000740: 00 9d 1a 3c  	lui	$26, 0x9d00 <__suninit+0x10009cfc>
9d000744: 28 0a 5a 27  	addiu	$26, $26, 0xa28 <__suninit+0x10000a24>
9d000748: c0 02 40 0b  	j	0xd000b00 <_vector_9_context>
9d00074c: 00 00 00 00  	nop <__suninit+0xffffffc>

Disassembly of section .vector_43:

9d000760 <_vector_43>:
9d000760: 00 9d 1a 3c  	lui	$26, 0x9d00 <__suninit+0x10009cfc>
9d000764: 28 0a 5a 27  	addiu	$26, $26, 0xa28 <__suninit+0x10000a24>
9d000768: c0 02 40 0b  	j	0xd000b00 <_vector_9_context>
9d00076c: 00 00 00 00  	nop <__suninit+0xffffffc>

Disassembly of section .vector_44:

9d000780 <_vector_44>:
9d000780: 00 9d 1a 3c  	lui	$26, 0x9d00 <__suninit+0x10009cfc>
9d000784: 28 0a 5a 27  	addiu	$26, $26, 0xa28 <__suninit+0x10000a24>
9d000788: c0 02 40 0b  	j	0xd000b00 <_vector_9_context>
9d00078c: 00 00 00 00  	nop <__suninit+0xffffffc>

Disassembly of section .vector_45:

9d0007a0 <_vector_45>:
9d0007a0: 00 9d 1a 3c  	lui	$26, 0x9d00 <__suninit+0x10009cfc>
9d0007a4: 28 0a 5a 27  	addiu	$26, $26, 0xa28 <__suninit+0x10000a24>
9d0007a8: c0 02 40 0b  	j	0xd000b00 <_vector_9_context>
9d0007ac: 00 00 00 00  	nop <__suninit+0xffffffc>

Disassembly of section .vector_46:

9d0007c0 <_vector_46>:
9d0007c0: 00 9d 1a 3c  	lui	$26, 0x9d00 <__suninit+0x10009cfc>
9d0007c4: 28 0a 5a 27  	addiu	$26, $26, 0xa28 <__suninit+0x10000a24>
9d0007c8: c0 02 40 0b  	j	0xd000b00 <_vector_9_context>
9d0007cc: 00 00 00 00  	nop <__suninit+0xffffffc>

Disassembly of section .vector_47:

9d0007e0 <_vector_47>:
9d0007e0: 00 9d 1a 3c  	lui	$26, 0x9d00 <__suninit+0x10009cfc>
9d0007e4: 28 0a 5a 27  	addiu	$26, $26, 0xa28 <__suninit+0x10000a24>
9d0007e8: c0 02 40 0b  	j	0xd000b00 <_vector_9_context>
9d0007ec: 00 00 00 00  	nop <__suninit+0xffffffc>

Disassembly of section .vector_48:

9d000800 <_vector_48>:
9d000800: 00 9d 1a 3c  	lui	$26, 0x9d00 <__suninit+0x10009cfc>
9d000804: 28 0a 5a 27  	addiu	$26, $26, 0xa28 <__suninit+0x10000a24>
9d000808: c0 02 40 0b  	j	0xd000b00 <_vector_9_context>
9d00080c: 00 00 00 00  	nop <__suninit+0xffffffc>

Disassembly of section .vector_49:

9d000820 <_vector_49>:
9d000820: 00 9d 1a 3c  	lui	$26, 0x9d00 <__suninit+0x10009cfc>
9d000824: 28 0a 5a 27  	addiu	$26, $26, 0xa28 <__suninit+0x10000a24>
9d000828: c0 02 40 0b  	j	0xd000b00 <_vector_9_context>
9d00082c: 00 00 00 00  	nop <__suninit+0xffffffc>

Disassembly of section .vector_50:

9d000840 <_vector_50>:
9d000840: 00 9d 1a 3c  	lui	$26, 0x9d00 <__suninit+0x10009cfc>
9d000844: 28 0a 5a 27  	addiu	$26, $26, 0xa28 <__suninit+0x10000a24>
9d000848: c0 02 40 0b  	j	0xd000b00 <_vector_9_context>
9d00084c: 00 00 00 00  	nop <__suninit+0xffffffc>

Disassembly of section .vector_51:

9d000860 <_vector_51>:
9d000860: 00 9d 1a 3c  	lui	$26, 0x9d00 <__suninit+0x10009cfc>
9d000864: 28 0a 5a 27  	addiu	$26, $26, 0xa28 <__suninit+0x10000a24>
9d000868: c0 02 40 0b  	j	0xd000b00 <_vector_9_context>
9d00086c: 00 00 00 00  	nop <__suninit+0xffffffc>

Disassembly of section .vector_52:

9d000880 <_vector_52>:
9d000880: 00 9d 1a 3c  	lui	$26, 0x9d00 <__suninit+0x10009cfc>
9d000884: 28 0a 5a 27  	addiu	$26, $26, 0xa28 <__suninit+0x10000a24>
9d000888: c0 02 40 0b  	j	0xd000b00 <_vector_9_context>
9d00088c: 00 00 00 00  	nop <__suninit+0xffffffc>

Disassembly of section .vector_53:

9d0008a0 <_vector_53>:
9d0008a0: 00 9d 1a 3c  	lui	$26, 0x9d00 <__suninit+0x10009cfc>
9d0008a4: 28 0a 5a 27  	addiu	$26, $26, 0xa28 <__suninit+0x10000a24>
9d0008a8: c0 02 40 0b  	j	0xd000b00 <_vector_9_context>
9d0008ac: 00 00 00 00  	nop <__suninit+0xffffffc>

Disassembly of section .vector_54:

9d0008c0 <_vector_54>:
9d0008c0: 00 9d 1a 3c  	lui	$26, 0x9d00 <__suninit+0x10009cfc>
9d0008c4: 28 0a 5a 27  	addiu	$26, $26, 0xa28 <__suninit+0x10000a24>
9d0008c8: c0 02 40 0b  	j	0xd000b00 <_vector_9_context>
9d0008cc: 00 00 00 00  	nop <__suninit+0xffffffc>

Disassembly of section .vector_55:

9d0008e0 <_vector_55>:
9d0008e0: 00 9d 1a 3c  	lui	$26, 0x9d00 <__suninit+0x10009cfc>
9d0008e4: 28 0a 5a 27  	addiu	$26, $26, 0xa28 <__suninit+0x10000a24>
9d0008e8: c0 02 40 0b  	j	0xd000b00 <_vector_9_context>
9d0008ec: 00 00 00 00  	nop <__suninit+0xffffffc>

Disassembly of section .vector_56:

9d000900 <_vector_56>:
9d000900: 00 9d 1a 3c  	lui	$26, 0x9d00 <__suninit+0x10009cfc>
9d000904: 28 0a 5a 27  	addiu	$26, $26, 0xa28 <__suninit+0x10000a24>
9d000908: c0 02 40 0b  	j	0xd000b00 <_vector_9_context>
9d00090c: 00 00 00 00  	nop <__suninit+0xffffffc>

Disassembly of section .vector_57:

9d000920 <_vector_57>:
9d000920: 00 9d 1a 3c  	lui	$26, 0x9d00 <__suninit+0x10009cfc>
9d000924: 28 0a 5a 27  	addiu	$26, $26, 0xa28 <__suninit+0x10000a24>
9d000928: c0 02 40 0b  	j	0xd000b00 <_vector_9_context>
9d00092c: 00 00 00 00  	nop <__suninit+0xffffffc>

Disassembly of section .vector_58:

9d000940 <_vector_58>:
9d000940: 00 9d 1a 3c  	lui	$26, 0x9d00 <__suninit+0x10009cfc>
9d000944: 28 0a 5a 27  	addiu	$26, $26, 0xa28 <__suninit+0x10000a24>
9d000948: c0 02 40 0b  	j	0xd000b00 <_vector_9_context>
9d00094c: 00 00 00 00  	nop <__suninit+0xffffffc>

Disassembly of section .vector_59:

9d000960 <_vector_59>:
9d000960: 00 9d 1a 3c  	lui	$26, 0x9d00 <__suninit+0x10009cfc>
9d000964: 28 0a 5a 27  	addiu	$26, $26, 0xa28 <__suninit+0x10000a24>
9d000968: c0 02 40 0b  	j	0xd000b00 <_vector_9_context>
9d00096c: 00 00 00 00  	nop <__suninit+0xffffffc>

Disassembly of section .vector_60:

9d000980 <_vector_60>:
9d000980: 00 9d 1a 3c  	lui	$26, 0x9d00 <__suninit+0x10009cfc>
9d000984: 28 0a 5a 27  	addiu	$26, $26, 0xa28 <__suninit+0x10000a24>
9d000988: c0 02 40 0b  	j	0xd000b00 <_vector_9_context>
9d00098c: 00 00 00 00  	nop <__suninit+0xffffffc>

Disassembly of section .vector_61:

9d0009a0 <_vector_61>:
9d0009a0: 00 9d 1a 3c  	lui	$26, 0x9d00 <__suninit+0x10009cfc>
9d0009a4: 28 0a 5a 27  	addiu	$26, $26, 0xa28 <__suninit+0x10000a24>
9d0009a8: c0 02 40 0b  	j	0xd000b00 <_vector_9_context>
9d0009ac: 00 00 00 00  	nop <__suninit+0xffffffc>

Disassembly of section .vector_62:

9d0009c0 <_vector_62>:
9d0009c0: 00 9d 1a 3c  	lui	$26, 0x9d00 <__suninit+0x10009cfc>
9d0009c4: 28 0a 5a 27  	addiu	$26, $26, 0xa28 <__suninit+0x10000a24>
9d0009c8: c0 02 40 0b  	j	0xd000b00 <_vector_9_context>
9d0009cc: 00 00 00 00  	nop <__suninit+0xffffffc>

Disassembly of section .vector_63:

9d0009e0 <_vector_63>:
9d0009e0: 00 9d 1a 3c  	lui	$26, 0x9d00 <__suninit+0x10009cfc>
9d0009e4: 28 0a 5a 27  	addiu	$26, $26, 0xa28 <__suninit+0x10000a24>
9d0009e8: c0 02 40 0b  	j	0xd000b00 <_vector_9_context>
9d0009ec: 00 00 00 00  	nop <__suninit+0xffffffc>

Disassembly of section .text:

9d0009f0 <main>:
9d0009f0: 00 80 01 3c  	lui	$1, 0x8000 <__suninit+0x10007ffc>
9d0009f4: 01 00 02 24  	addiu	$2, $zero, 0x1 <__suninit+0xffffffd>
9d0009f8: 00 00 22 a0  	sb	$2, 0x0($1)
9d0009fc: 86 bf 01 3c  	lui	$1, 0xbf86 <__suninit+0x1000bf82>
9d000a00: 08 01 23 34  	ori	$3, $1, 0x108 <__suninit+0x10000104>
9d000a04: 00 00 60 ac  	sw	$zero, 0x0($3)
9d000a08: 14 01 23 34  	ori	$3, $1, 0x114 <__suninit+0x10000110>
9d000a0c: 38 01 21 34  	ori	$1, $1, 0x138 <__suninit+0x10000134>
9d000a10: 00 00 62 ac  	sw	$2, 0x0($3)
9d000a14: 00 00 22 ac  	sw	$2, 0x0($1)
9d000a18: 86 02 40 0b  	j	0xd000a18 <main+0x28>
9d000a1c: 00 00 00 00  	nop <__suninit+0xffffffc>

9d000a20 <__pre_init>:
9d000a20: 08 00 e0 03  	jr	$ra
9d000a24: 00 00 00 00  	nop <__suninit+0xffffffc>

9d000a28 <_vector_9_fn>:
9d000a28: 08 00 e0 03  	jr	$ra
9d000a2c: 00 00 00 00  	nop <__suninit+0xffffffc>

9d000a30 <_exception_context>:
9d000a30: a8 ff bd 27  	addiu	$sp, $sp, -0x58 <__suninit+0xfffffa4>
9d000a34: 04 00 a1 af  	sw	$1, 0x4($sp)
9d000a38: 08 00 a2 af  	sw	$2, 0x8($sp)
9d000a3c: 0c 00 a3 af  	sw	$3, 0xc($sp)
9d000a40: 10 00 a4 af  	sw	$4, 0x10($sp)
9d000a44: 14 00 a5 af  	sw	$5, 0x14($sp)
9d000a48: 18 00 a6 af  	sw	$6, 0x18($sp)
9d000a4c: 1c 00 a7 af  	sw	$7, 0x1c($sp)
9d000a50: 20 00 a8 af  	sw	$8, 0x20($sp)
9d000a54: 24 00 a9 af  	sw	$9, 0x24($sp)
9d000a58: 28 00 aa af  	sw	$10, 0x28($sp)
9d000a5c: 2c 00 ab af  	sw	$11, 0x2c($sp)
9d000a60: 30 00 ac af  	sw	$12, 0x30($sp)
9d000a64: 34 00 ad af  	sw	$13, 0x34($sp)
9d000a68: 38 00 ae af  	sw	$14, 0x38($sp)
9d000a6c: 3c 00 af af  	sw	$15, 0x3c($sp)
9d000a70: 40 00 b8 af  	sw	$24, 0x40($sp)
9d000a74: 44 00 b9 af  	sw	$25, 0x44($sp)
9d000a78: 48 00 bf af  	sw	$ra, 0x48($sp)
9d000a7c: 12 40 00 00  	mflo	$8
9d000a80: 4c 00 a8 af  	sw	$8, 0x4c($sp)
9d000a84: 10 40 00 00  	mfhi	$8
9d000a88: 50 00 a8 af  	sw	$8, 0x50($sp)
9d000a8c: 00 68 04 40  	mfc0	$4, $13, 0x0 <__suninit+0xffffffc>
9d000a90: 00 60 05 40  	mfc0	$5, $12, 0x0 <__suninit+0xffffffc>
9d000a94: 09 f8 40 03  	jalr	$26
9d000a98: 00 00 00 00  	nop <__suninit+0xffffffc>
9d000a9c: 50 00 a8 8f  	lw	$8, 0x50($sp)
9d000aa0: 11 00 00 01  	mthi	$8
9d000aa4: 4c 00 a8 8f  	lw	$8, 0x4c($sp)
9d000aa8: 13 00 00 01  	mtlo	$8
9d000aac: 04 00 a1 8f  	lw	$1, 0x4($sp)
9d000ab0: 08 00 a2 8f  	lw	$2, 0x8($sp)
9d000ab4: 0c 00 a3 8f  	lw	$3, 0xc($sp)
9d000ab8: 10 00 a4 8f  	lw	$4, 0x10($sp)
9d000abc: 14 00 a5 8f  	lw	$5, 0x14($sp)
9d000ac0: 18 00 a6 8f  	lw	$6, 0x18($sp)
9d000ac4: 1c 00 a7 8f  	lw	$7, 0x1c($sp)
9d000ac8: 20 00 a8 8f  	lw	$8, 0x20($sp)
9d000acc: 24 00 a9 8f  	lw	$9, 0x24($sp)
9d000ad0: 28 00 aa 8f  	lw	$10, 0x28($sp)
9d000ad4: 2c 00 ab 8f  	lw	$11, 0x2c($sp)
9d000ad8: 30 00 ac 8f  	lw	$12, 0x30($sp)
9d000adc: 34 00 ad 8f  	lw	$13, 0x34($sp)
9d000ae0: 38 00 ae 8f  	lw	$14, 0x38($sp)
9d000ae4: 3c 00 af 8f  	lw	$15, 0x3c($sp)
9d000ae8: 40 00 b8 8f  	lw	$24, 0x40($sp)
9d000aec: 44 00 b9 8f  	lw	$25, 0x44($sp)
9d000af0: 48 00 bf 8f  	lw	$ra, 0x48($sp)
9d000af4: 58 00 bd 27  	addiu	$sp, $sp, 0x58 <__suninit+0x10000054>
9d000af8: c0 00 00 00  	ehb
9d000afc: 18 00 00 42  	eret

9d000b00 <_vector_9_context>:
9d000b00: a0 ff bd 27  	addiu	$sp, $sp, -0x60 <__suninit+0xfffff9c>
9d000b04: 00 70 1b 40  	mfc0	$27, $14, 0x0 <__suninit+0xffffffc>
9d000b08: 54 00 bb af  	sw	$27, 0x54($sp)
9d000b0c: 20 00 a8 af  	sw	$8, 0x20($sp)
9d000b10: 00 68 1b 40  	mfc0	$27, $13, 0x0 <__suninit+0xffffffc>
9d000b14: 00 60 08 40  	mfc0	$8, $12, 0x0 <__suninit+0xffffffc>
9d000b18: 58 00 a8 af  	sw	$8, 0x58($sp)
9d000b1c: 82 da 1b 00  	srl	$27, $27, 0xa <__suninit+0x10000006>
9d000b20: 84 7a 68 7f  	ins	$8, $27, 0xa, 0x6
9d000b24: 44 20 08 7c  	ins	$8, $zero, 0x1, 0x4
9d000b28: 00 60 88 40  	mtc0	$8, $12, 0x0 <__suninit+0xffffffc>
9d000b2c: 04 00 a1 af  	sw	$1, 0x4($sp)
9d000b30: 08 00 a2 af  	sw	$2, 0x8($sp)
9d000b34: 0c 00 a3 af  	sw	$3, 0xc($sp)
9d000b38: 10 00 a4 af  	sw	$4, 0x10($sp)
9d000b3c: 14 00 a5 af  	sw	$5, 0x14($sp)
9d000b40: 18 00 a6 af  	sw	$6, 0x18($sp)
9d000b44: 1c 00 a7 af  	sw	$7, 0x1c($sp)
9d000b48: 24 00 a9 af  	sw	$9, 0x24($sp)
9d000b4c: 28 00 aa af  	sw	$10, 0x28($sp)
9d000b50: 2c 00 ab af  	sw	$11, 0x2c($sp)
9d000b54: 30 00 ac af  	sw	$12, 0x30($sp)
9d000b58: 34 00 ad af  	sw	$13, 0x34($sp)
9d000b5c: 38 00 ae af  	sw	$14, 0x38($sp)
9d000b60: 3c 00 af af  	sw	$15, 0x3c($sp)
9d000b64: 40 00 b8 af  	sw	$24, 0x40($sp)
9d000b68: 44 00 b9 af  	sw	$25, 0x44($sp)
9d000b6c: 48 00 bf af  	sw	$ra, 0x48($sp)
9d000b70: 12 40 00 00  	mflo	$8
9d000b74: 4c 00 a8 af  	sw	$8, 0x4c($sp)
9d000b78: 10 40 00 00  	mfhi	$8
9d000b7c: 50 00 a8 af  	sw	$8, 0x50($sp)
9d000b80: 09 f8 40 03  	jalr	$26
9d000b84: 00 00 00 00  	nop <__suninit+0xffffffc>
9d000b88: 50 00 a8 8f  	lw	$8, 0x50($sp)
9d000b8c: 11 00 00 01  	mthi	$8
9d000b90: 4c 00 a8 8f  	lw	$8, 0x4c($sp)
9d000b94: 13 00 00 01  	mtlo	$8
9d000b98: 04 00 a1 8f  	lw	$1, 0x4($sp)
9d000b9c: 08 00 a2 8f  	lw	$2, 0x8($sp)
9d000ba0: 0c 00 a3 8f  	lw	$3, 0xc($sp)
9d000ba4: 10 00 a4 8f  	lw	$4, 0x10($sp)
9d000ba8: 14 00 a5 8f  	lw	$5, 0x14($sp)
9d000bac: 18 00 a6 8f  	lw	$6, 0x18($sp)
9d000bb0: 1c 00 a7 8f  	lw	$7, 0x1c($sp)
9d000bb4: 20 00 a8 8f  	lw	$8, 0x20($sp)
9d000bb8: 24 00 a9 8f  	lw	$9, 0x24($sp)
9d000bbc: 28 00 aa 8f  	lw	$10, 0x28($sp)
9d000bc0: 2c 00 ab 8f  	lw	$11, 0x2c($sp)
9d000bc4: 30 00 ac 8f  	lw	$12, 0x30($sp)
9d000bc8: 34 00 ad 8f  	lw	$13, 0x34($sp)
9d000bcc: 38 00 ae 8f  	lw	$14, 0x38($sp)
9d000bd0: 3c 00 af 8f  	lw	$15, 0x3c($sp)
9d000bd4: 40 00 b8 8f  	lw	$24, 0x40($sp)
9d000bd8: 44 00 b9 8f  	lw	$25, 0x44($sp)
9d000bdc: 48 00 bf 8f  	lw	$ra, 0x48($sp)
9d000be0: 00 60 60 41  	di
9d000be4: c0 00 00 00  	ehb
9d000be8: 54 00 bb 8f  	lw	$27, 0x54($sp)
9d000bec: 00 70 9b 40  	mtc0	$27, $14, 0x0 <__suninit+0xffffffc>
9d000bf0: 58 00 bb 8f  	lw	$27, 0x58($sp)
9d000bf4: 00 60 9b 40  	mtc0	$27, $12, 0x0 <__suninit+0xffffffc>
9d000bf8: 60 00 bd 27  	addiu	$sp, $sp, 0x60 <__suninit+0x1000005c>
9d000bfc: 18 00 00 42  	eret

Disassembly of section .bss:

80000000 <__sbss>:
...

Disassembly of section .pdr:

00000000 <.pdr>:
       0: f0 09 00 9d  	<unknown>
		...
      18: 1d 00 00 00  	<unknown>
      1c: 1f 00 00 00  	<unknown>
      20: 00 00 00 00  	nop <.pdr>
      24: 00 00 01 80  	lb	$1, 0x0($zero)
      28: fc ff ff ff  	<unknown>
		...
      34: 20 00 00 00  	add	$zero, $zero, $zero
      38: 1d 00 00 00  	<unknown>
      3c: 1f 00 00 00  	<unknown>
      40: 00 00 00 00  	nop <.pdr>
      44: 00 00 01 80  	lb	$1, 0x0($zero)
      48: fc ff ff ff  	<unknown>
		...
      54: 20 00 00 00  	add	$zero, $zero, $zero
      58: 1d 00 00 00  	<unknown>
      5c: 1f 00 00 00  	<unknown>
      60: 00 00 00 00  	nop <.pdr>
      64: 00 00 01 80  	lb	$1, 0x0($zero)
      68: fc ff ff ff  	<unknown>
		...
      74: 20 00 00 00  	add	$zero, $zero, $zero
      78: 1d 00 00 00  	<unknown>
      7c: 1f 00 00 00  	<unknown>
      80: 00 00 00 00  	nop <.pdr>
      84: 00 00 01 80  	lb	$1, 0x0($zero)
      88: fc ff ff ff  	<unknown>
		...
      94: 20 00 00 00  	add	$zero, $zero, $zero
      98: 1d 00 00 00  	<unknown>
      9c: 1f 00 00 00  	<unknown>
      a0: 00 00 00 00  	nop <.pdr>
      a4: 00 00 01 80  	lb	$1, 0x0($zero)
      a8: fc ff ff ff  	<unknown>
		...
      b4: 20 00 00 00  	add	$zero, $zero, $zero
      b8: 1d 00 00 00  	<unknown>
      bc: 1f 00 00 00  	<unknown>
      c0: 00 00 00 00  	nop <.pdr>
      c4: 00 00 01 80  	lb	$1, 0x0($zero)
      c8: fc ff ff ff  	<unknown>
		...
      d4: 20 00 00 00  	add	$zero, $zero, $zero
      d8: 1d 00 00 00  	<unknown>
      dc: 1f 00 00 00  	<unknown>
      e0: 00 00 00 00  	nop <.pdr>
      e4: 00 00 01 80  	lb	$1, 0x0($zero)
      e8: fc ff ff ff  	<unknown>
		...
      f4: 20 00 00 00  	add	$zero, $zero, $zero
      f8: 1d 00 00 00  	<unknown>
      fc: 1f 00 00 00  	<unknown>
     100: 00 00 00 00  	nop <.pdr>
     104: 00 00 01 80  	lb	$1, 0x0($zero)
     108: fc ff ff ff  	<unknown>
		...
     114: 20 00 00 00  	add	$zero, $zero, $zero
     118: 1d 00 00 00  	<unknown>
     11c: 1f 00 00 00  	<unknown>
     120: 00 00 00 00  	nop <.pdr>
     124: 00 00 01 80  	lb	$1, 0x0($zero)
     128: fc ff ff ff  	<unknown>
		...
     134: 20 00 00 00  	add	$zero, $zero, $zero
     138: 1d 00 00 00  	<unknown>
     13c: 1f 00 00 00  	<unknown>
     140: 00 00 00 00  	nop <.pdr>
     144: 00 00 01 80  	lb	$1, 0x0($zero)
     148: fc ff ff ff  	<unknown>
		...
     154: 20 00 00 00  	add	$zero, $zero, $zero
     158: 1d 00 00 00  	<unknown>
     15c: 1f 00 00 00  	<unknown>
     160: 00 00 00 00  	nop <.pdr>
     164: 00 00 01 80  	lb	$1, 0x0($zero)
     168: fc ff ff ff  	<unknown>
		...
     174: 20 00 00 00  	add	$zero, $zero, $zero
     178: 1d 00 00 00  	<unknown>
     17c: 1f 00 00 00  	<unknown>
     180: 00 00 00 00  	nop <.pdr>
     184: 00 00 01 80  	lb	$1, 0x0($zero)
     188: fc ff ff ff  	<unknown>
		...
     194: 20 00 00 00  	add	$zero, $zero, $zero
     198: 1d 00 00 00  	<unknown>
     19c: 1f 00 00 00  	<unknown>
     1a0: 00 00 00 00  	nop <.pdr>
     1a4: 00 00 01 80  	lb	$1, 0x0($zero)
     1a8: fc ff ff ff  	<unknown>
		...
     1b4: 20 00 00 00  	add	$zero, $zero, $zero
     1b8: 1d 00 00 00  	<unknown>
     1bc: 1f 00 00 00  	<unknown>
     1c0: 00 00 00 00  	nop <.pdr>
     1c4: 00 00 01 80  	lb	$1, 0x0($zero)
     1c8: fc ff ff ff  	<unknown>
		...
     1d4: 20 00 00 00  	add	$zero, $zero, $zero
     1d8: 1d 00 00 00  	<unknown>
     1dc: 1f 00 00 00  	<unknown>
     1e0: 00 00 00 00  	nop <.pdr>
     1e4: 00 00 01 80  	lb	$1, 0x0($zero)
     1e8: fc ff ff ff  	<unknown>
		...
     1f4: 20 00 00 00  	add	$zero, $zero, $zero
     1f8: 1d 00 00 00  	<unknown>
     1fc: 1f 00 00 00  	<unknown>
     200: 00 00 00 00  	nop <.pdr>
     204: 00 00 01 80  	lb	$1, 0x0($zero)
     208: fc ff ff ff  	<unknown>
		...
     214: 20 00 00 00  	add	$zero, $zero, $zero
     218: 1d 00 00 00  	<unknown>
     21c: 1f 00 00 00  	<unknown>
     220: 00 00 00 00  	nop <.pdr>
     224: 00 00 01 80  	lb	$1, 0x0($zero)
     228: fc ff ff ff  	<unknown>
		...
     234: 20 00 00 00  	add	$zero, $zero, $zero
     238: 1d 00 00 00  	<unknown>
     23c: 1f 00 00 00  	<unknown>
     240: 00 00 00 00  	nop <.pdr>
     244: 00 00 01 80  	lb	$1, 0x0($zero)
     248: fc ff ff ff  	<unknown>
		...
     254: 20 00 00 00  	add	$zero, $zero, $zero
     258: 1d 00 00 00  	<unknown>
     25c: 1f 00 00 00  	<unknown>
     260: 00 00 00 00  	nop <.pdr>
     264: 00 00 01 80  	lb	$1, 0x0($zero)
     268: fc ff ff ff  	<unknown>
		...
     274: 20 00 00 00  	add	$zero, $zero, $zero
     278: 1d 00 00 00  	<unknown>
     27c: 1f 00 00 00  	<unknown>
     280: 00 00 00 00  	nop <.pdr>
     284: 00 00 01 80  	lb	$1, 0x0($zero)
     288: fc ff ff ff  	<unknown>
		...
     294: 20 00 00 00  	add	$zero, $zero, $zero
     298: 1d 00 00 00  	<unknown>
     29c: 1f 00 00 00  	<unknown>
     2a0: 00 00 00 00  	nop <.pdr>
     2a4: 00 00 01 80  	lb	$1, 0x0($zero)
     2a8: fc ff ff ff  	<unknown>
		...
     2b4: 20 00 00 00  	add	$zero, $zero, $zero
     2b8: 1d 00 00 00  	<unknown>
     2bc: 1f 00 00 00  	<unknown>
     2c0: 00 00 00 00  	nop <.pdr>
     2c4: 00 00 01 80  	lb	$1, 0x0($zero)
     2c8: fc ff ff ff  	<unknown>
		...
     2d4: 20 00 00 00  	add	$zero, $zero, $zero
     2d8: 1d 00 00 00  	<unknown>
     2dc: 1f 00 00 00  	<unknown>
     2e0: 00 00 00 00  	nop <.pdr>
     2e4: 00 00 01 80  	lb	$1, 0x0($zero)
     2e8: fc ff ff ff  	<unknown>
		...
     2f4: 20 00 00 00  	add	$zero, $zero, $zero
     2f8: 1d 00 00 00  	<unknown>
     2fc: 1f 00 00 00  	<unknown>
     300: 00 00 00 00  	nop <.pdr>
     304: 00 00 01 80  	lb	$1, 0x0($zero)
     308: fc ff ff ff  	<unknown>
		...
     314: 20 00 00 00  	add	$zero, $zero, $zero
     318: 1d 00 00 00  	<unknown>
     31c: 1f 00 00 00  	<unknown>
     320: 00 00 00 00  	nop <.pdr>
     324: 00 00 01 80  	lb	$1, 0x0($zero)
     328: fc ff ff ff  	<unknown>
		...
     334: 20 00 00 00  	add	$zero, $zero, $zero
     338: 1d 00 00 00  	<unknown>
     33c: 1f 00 00 00  	<unknown>
     340: 00 00 00 00  	nop <.pdr>
     344: 00 00 01 80  	lb	$1, 0x0($zero)
     348: fc ff ff ff  	<unknown>
		...
     354: 20 00 00 00  	add	$zero, $zero, $zero
     358: 1d 00 00 00  	<unknown>
     35c: 1f 00 00 00  	<unknown>
     360: 00 00 00 00  	nop <.pdr>
     364: 00 00 01 80  	lb	$1, 0x0($zero)
     368: fc ff ff ff  	<unknown>
		...
     374: 20 00 00 00  	add	$zero, $zero, $zero
     378: 1d 00 00 00  	<unknown>
     37c: 1f 00 00 00  	<unknown>
     380: 00 00 00 00  	nop <.pdr>
     384: 00 00 01 80  	lb	$1, 0x0($zero)
     388: fc ff ff ff  	<unknown>
		...
     394: 20 00 00 00  	add	$zero, $zero, $zero
     398: 1d 00 00 00  	<unknown>
     39c: 1f 00 00 00  	<unknown>
     3a0: 00 00 00 00  	nop <.pdr>
     3a4: 00 00 01 80  	lb	$1, 0x0($zero)
     3a8: fc ff ff ff  	<unknown>
		...
     3b4: 20 00 00 00  	add	$zero, $zero, $zero
     3b8: 1d 00 00 00  	<unknown>
     3bc: 1f 00 00 00  	<unknown>
     3c0: 00 00 00 00  	nop <.pdr>
     3c4: 00 00 01 80  	lb	$1, 0x0($zero)
     3c8: fc ff ff ff  	<unknown>
		...
     3d4: 20 00 00 00  	add	$zero, $zero, $zero
     3d8: 1d 00 00 00  	<unknown>
     3dc: 1f 00 00 00  	<unknown>
     3e0: 00 00 00 00  	nop <.pdr>
     3e4: 00 00 01 80  	lb	$1, 0x0($zero)
     3e8: fc ff ff ff  	<unknown>
		...
     3f4: 20 00 00 00  	add	$zero, $zero, $zero
     3f8: 1d 00 00 00  	<unknown>
     3fc: 1f 00 00 00  	<unknown>
     400: 00 00 00 00  	nop <.pdr>
     404: 00 00 01 80  	lb	$1, 0x0($zero)
     408: fc ff ff ff  	<unknown>
		...
     414: 20 00 00 00  	add	$zero, $zero, $zero
     418: 1d 00 00 00  	<unknown>
     41c: 1f 00 00 00  	<unknown>
     420: 00 00 00 00  	nop <.pdr>
     424: 00 00 01 80  	lb	$1, 0x0($zero)
     428: fc ff ff ff  	<unknown>
		...
     434: 20 00 00 00  	add	$zero, $zero, $zero
     438: 1d 00 00 00  	<unknown>
     43c: 1f 00 00 00  	<unknown>
     440: 00 00 00 00  	nop <.pdr>
     444: 00 00 01 80  	lb	$1, 0x0($zero)
     448: fc ff ff ff  	<unknown>
		...
     454: 20 00 00 00  	add	$zero, $zero, $zero
     458: 1d 00 00 00  	<unknown>
     45c: 1f 00 00 00  	<unknown>
     460: 00 00 00 00  	nop <.pdr>
     464: 00 00 01 80  	lb	$1, 0x0($zero)
     468: fc ff ff ff  	<unknown>
		...
     474: 20 00 00 00  	add	$zero, $zero, $zero
     478: 1d 00 00 00  	<unknown>
     47c: 1f 00 00 00  	<unknown>
     480: 00 00 00 00  	nop <.pdr>
     484: 00 00 01 80  	lb	$1, 0x0($zero)
     488: fc ff ff ff  	<unknown>
		...
     494: 20 00 00 00  	add	$zero, $zero, $zero
     498: 1d 00 00 00  	<unknown>
     49c: 1f 00 00 00  	<unknown>
     4a0: 00 00 00 00  	nop <.pdr>
     4a4: 00 00 01 80  	lb	$1, 0x0($zero)
     4a8: fc ff ff ff  	<unknown>
		...
     4b4: 20 00 00 00  	add	$zero, $zero, $zero
     4b8: 1d 00 00 00  	<unknown>
     4bc: 1f 00 00 00  	<unknown>
     4c0: 00 00 00 00  	nop <.pdr>
     4c4: 00 00 01 80  	lb	$1, 0x0($zero)
     4c8: fc ff ff ff  	<unknown>
		...
     4d4: 20 00 00 00  	add	$zero, $zero, $zero
     4d8: 1d 00 00 00  	<unknown>
     4dc: 1f 00 00 00  	<unknown>
     4e0: 00 00 00 00  	nop <.pdr>
     4e4: 00 00 01 80  	lb	$1, 0x0($zero)
     4e8: fc ff ff ff  	<unknown>
		...
     4f4: 20 00 00 00  	add	$zero, $zero, $zero
     4f8: 1d 00 00 00  	<unknown>
     4fc: 1f 00 00 00  	<unknown>
     500: 00 00 00 00  	nop <.pdr>
     504: 00 00 01 80  	lb	$1, 0x0($zero)
     508: fc ff ff ff  	<unknown>
		...
     514: 20 00 00 00  	add	$zero, $zero, $zero
     518: 1d 00 00 00  	<unknown>
     51c: 1f 00 00 00  	<unknown>
     520: 00 00 00 00  	nop <.pdr>
     524: 00 00 01 80  	lb	$1, 0x0($zero)
     528: fc ff ff ff  	<unknown>
		...
     534: 20 00 00 00  	add	$zero, $zero, $zero
     538: 1d 00 00 00  	<unknown>
     53c: 1f 00 00 00  	<unknown>
     540: 00 00 00 00  	nop <.pdr>
     544: 00 00 01 80  	lb	$1, 0x0($zero)
     548: fc ff ff ff  	<unknown>
		...
     554: 20 00 00 00  	add	$zero, $zero, $zero
     558: 1d 00 00 00  	<unknown>
     55c: 1f 00 00 00  	<unknown>
     560: 00 00 00 00  	nop <.pdr>
     564: 00 00 01 80  	lb	$1, 0x0($zero)
     568: fc ff ff ff  	<unknown>
		...
     574: 20 00 00 00  	add	$zero, $zero, $zero
     578: 1d 00 00 00  	<unknown>
     57c: 1f 00 00 00  	<unknown>
     580: 00 00 00 00  	nop <.pdr>
     584: 00 00 01 80  	lb	$1, 0x0($zero)
     588: fc ff ff ff  	<unknown>
		...
     594: 20 00 00 00  	add	$zero, $zero, $zero
     598: 1d 00 00 00  	<unknown>
     59c: 1f 00 00 00  	<unknown>
     5a0: 00 00 00 00  	nop <.pdr>
     5a4: 00 00 01 80  	lb	$1, 0x0($zero)
     5a8: fc ff ff ff  	<unknown>
		...
     5b4: 20 00 00 00  	add	$zero, $zero, $zero
     5b8: 1d 00 00 00  	<unknown>
     5bc: 1f 00 00 00  	<unknown>
     5c0: 00 00 00 00  	nop <.pdr>
     5c4: 00 00 01 80  	lb	$1, 0x0($zero)
     5c8: fc ff ff ff  	<unknown>
		...
     5d4: 20 00 00 00  	add	$zero, $zero, $zero
     5d8: 1d 00 00 00  	<unknown>
     5dc: 1f 00 00 00  	<unknown>
     5e0: 00 00 00 00  	nop <.pdr>
     5e4: 00 00 01 80  	lb	$1, 0x0($zero)
     5e8: fc ff ff ff  	<unknown>
		...
     5f4: 20 00 00 00  	add	$zero, $zero, $zero
     5f8: 1d 00 00 00  	<unknown>
     5fc: 1f 00 00 00  	<unknown>
     600: 00 00 00 00  	nop <.pdr>
     604: 00 00 01 80  	lb	$1, 0x0($zero)
     608: fc ff ff ff  	<unknown>
		...
     614: 20 00 00 00  	add	$zero, $zero, $zero
     618: 1d 00 00 00  	<unknown>
     61c: 1f 00 00 00  	<unknown>
     620: 00 00 00 00  	nop <.pdr>
     624: 00 00 01 80  	lb	$1, 0x0($zero)
     628: fc ff ff ff  	<unknown>
		...
     634: 20 00 00 00  	add	$zero, $zero, $zero
     638: 1d 00 00 00  	<unknown>
     63c: 1f 00 00 00  	<unknown>
     640: 00 00 00 00  	nop <.pdr>
     644: 00 00 01 80  	lb	$1, 0x0($zero)
     648: fc ff ff ff  	<unknown>
		...
     654: 20 00 00 00  	add	$zero, $zero, $zero
     658: 1d 00 00 00  	<unknown>
     65c: 1f 00 00 00  	<unknown>
     660: 00 00 00 00  	nop <.pdr>
     664: 00 00 01 80  	lb	$1, 0x0($zero)
     668: fc ff ff ff  	<unknown>
		...
     674: 20 00 00 00  	add	$zero, $zero, $zero
     678: 1d 00 00 00  	<unknown>
     67c: 1f 00 00 00  	<unknown>
     680: 00 00 00 00  	nop <.pdr>
     684: 00 00 01 80  	lb	$1, 0x0($zero)
     688: fc ff ff ff  	<unknown>
		...
     694: 20 00 00 00  	add	$zero, $zero, $zero
     698: 1d 00 00 00  	<unknown>
     69c: 1f 00 00 00  	<unknown>
     6a0: 00 00 00 00  	nop <.pdr>
     6a4: 00 00 01 80  	lb	$1, 0x0($zero)
     6a8: fc ff ff ff  	<unknown>
		...
     6b4: 20 00 00 00  	add	$zero, $zero, $zero
     6b8: 1d 00 00 00  	<unknown>
     6bc: 1f 00 00 00  	<unknown>
     6c0: 00 00 00 00  	nop <.pdr>
     6c4: 00 00 01 80  	lb	$1, 0x0($zero)
     6c8: fc ff ff ff  	<unknown>
		...
     6d4: 20 00 00 00  	add	$zero, $zero, $zero
     6d8: 1d 00 00 00  	<unknown>
     6dc: 1f 00 00 00  	<unknown>
     6e0: 00 00 00 00  	nop <.pdr>
     6e4: 00 00 01 80  	lb	$1, 0x0($zero)
     6e8: fc ff ff ff  	<unknown>
		...
     6f4: 20 00 00 00  	add	$zero, $zero, $zero
     6f8: 1d 00 00 00  	<unknown>
     6fc: 1f 00 00 00  	<unknown>
     700: 00 00 00 00  	nop <.pdr>
     704: 00 00 01 80  	lb	$1, 0x0($zero)
     708: fc ff ff ff  	<unknown>
		...
     714: 20 00 00 00  	add	$zero, $zero, $zero
     718: 1d 00 00 00  	<unknown>
     71c: 1f 00 00 00  	<unknown>
     720: 00 00 00 00  	nop <.pdr>
     724: 00 00 01 80  	lb	$1, 0x0($zero)
     728: fc ff ff ff  	<unknown>
		...
     734: 20 00 00 00  	add	$zero, $zero, $zero
     738: 1d 00 00 00  	<unknown>
     73c: 1f 00 00 00  	<unknown>
     740: 00 00 00 00  	nop <.pdr>
     744: 00 00 01 80  	lb	$1, 0x0($zero)
     748: fc ff ff ff  	<unknown>
		...
     754: 20 00 00 00  	add	$zero, $zero, $zero
     758: 1d 00 00 00  	<unknown>
     75c: 1f 00 00 00  	<unknown>
     760: 00 00 00 00  	nop <.pdr>
     764: 00 00 01 80  	lb	$1, 0x0($zero)
     768: fc ff ff ff  	<unknown>
		...
     774: 20 00 00 00  	add	$zero, $zero, $zero
     778: 1d 00 00 00  	<unknown>
     77c: 1f 00 00 00  	<unknown>
     780: 00 00 00 00  	nop <.pdr>
     784: 00 00 01 80  	lb	$1, 0x0($zero)
     788: fc ff ff ff  	<unknown>
		...
     794: 20 00 00 00  	add	$zero, $zero, $zero
     798: 1d 00 00 00  	<unknown>
     79c: 1f 00 00 00  	<unknown>
     7a0: 00 00 00 00  	nop <.pdr>
     7a4: 00 00 01 80  	lb	$1, 0x0($zero)
     7a8: fc ff ff ff  	<unknown>
		...
     7b4: 20 00 00 00  	add	$zero, $zero, $zero
     7b8: 1d 00 00 00  	<unknown>
     7bc: 1f 00 00 00  	<unknown>
     7c0: 00 00 00 00  	nop <.pdr>
     7c4: 00 00 01 80  	lb	$1, 0x0($zero)
     7c8: fc ff ff ff  	<unknown>
		...
     7d4: 20 00 00 00  	add	$zero, $zero, $zero
     7d8: 1d 00 00 00  	<unknown>
     7dc: 1f 00 00 00  	<unknown>
     7e0: 00 00 00 00  	nop <.pdr>
     7e4: 00 00 01 80  	lb	$1, 0x0($zero)
     7e8: fc ff ff ff  	<unknown>
		...
     7f4: 20 00 00 00  	add	$zero, $zero, $zero
     7f8: 1d 00 00 00  	<unknown>
     7fc: 1f 00 00 00  	<unknown>
     800: 00 00 00 00  	nop <.pdr>
     804: 00 00 01 80  	lb	$1, 0x0($zero)
     808: fc ff ff ff  	<unknown>
		...
     814: 20 00 00 00  	add	$zero, $zero, $zero
     818: 1d 00 00 00  	<unknown>
     81c: 1f 00 00 00  	<unknown>
     820: 00 00 00 00  	nop <.pdr>
     824: 00 00 01 80  	lb	$1, 0x0($zero)
     828: fc ff ff ff  	<unknown>
		...
     834: 20 00 00 00  	add	$zero, $zero, $zero
     838: 1d 00 00 00  	<unknown>
     83c: 1f 00 00 00  	<unknown>
     840: 00 00 00 00  	nop <.pdr>
     844: 00 00 01 80  	lb	$1, 0x0($zero)
     848: fc ff ff ff  	<unknown>
		...
     854: 20 00 00 00  	add	$zero, $zero, $zero
     858: 1d 00 00 00  	<unknown>
     85c: 1f 00 00 00  	<unknown>
     860: 00 00 00 00  	nop <.pdr>
     864: 00 00 01 80  	lb	$1, 0x0($zero)
     868: fc ff ff ff  	<unknown>
		...
     874: 20 00 00 00  	add	$zero, $zero, $zero
     878: 1d 00 00 00  	<unknown>
     87c: 1f 00 00 00  	<unknown>
     880: 00 00 00 00  	nop <.pdr>
     884: 00 00 01 80  	lb	$1, 0x0($zero)
     888: fc ff ff ff  	<unknown>
		...
     894: 20 00 00 00  	add	$zero, $zero, $zero
     898: 1d 00 00 00  	<unknown>
     89c: 1f 00 00 00  	<unknown>
     8a0: 00 00 00 00  	nop <.pdr>
     8a4: 00 00 01 80  	lb	$1, 0x0($zero)
     8a8: fc ff ff ff  	<unknown>
		...
     8b4: 20 00 00 00  	add	$zero, $zero, $zero
     8b8: 1d 00 00 00  	<unknown>
     8bc: 1f 00 00 00  	<unknown>
     8c0: 00 00 00 00  	nop <.pdr>
     8c4: 00 00 01 80  	lb	$1, 0x0($zero)
     8c8: fc ff ff ff  	<unknown>
		...
     8d4: 20 00 00 00  	add	$zero, $zero, $zero
     8d8: 1d 00 00 00  	<unknown>
     8dc: 1f 00 00 00  	<unknown>
     8e0: 00 00 00 00  	nop <.pdr>
     8e4: 00 00 01 80  	lb	$1, 0x0($zero)
     8e8: fc ff ff ff  	<unknown>
		...
     8f4: 20 00 00 00  	add	$zero, $zero, $zero
     8f8: 1d 00 00 00  	<unknown>
     8fc: 1f 00 00 00  	<unknown>
     900: 00 00 00 00  	nop <.pdr>
     904: 00 00 01 80  	lb	$1, 0x0($zero)
     908: fc ff ff ff  	<unknown>
		...
     914: 20 00 00 00  	add	$zero, $zero, $zero
     918: 1d 00 00 00  	<unknown>
     91c: 1f 00 00 00  	<unknown>
     920: 00 00 00 00  	nop <.pdr>
     924: 00 00 01 80  	lb	$1, 0x0($zero)
     928: fc ff ff ff  	<unknown>
		...
     934: 20 00 00 00  	add	$zero, $zero, $zero
     938: 1d 00 00 00  	<unknown>
     93c: 1f 00 00 00  	<unknown>
     940: 00 00 00 00  	nop <.pdr>
     944: 00 00 01 80  	lb	$1, 0x0($zero)
     948: fc ff ff ff  	<unknown>
		...
     954: 20 00 00 00  	add	$zero, $zero, $zero
     958: 1d 00 00 00  	<unknown>
     95c: 1f 00 00 00  	<unknown>
     960: 00 00 00 00  	nop <.pdr>
     964: 00 00 01 80  	lb	$1, 0x0($zero)
     968: fc ff ff ff  	<unknown>
		...
     974: 20 00 00 00  	add	$zero, $zero, $zero
     978: 1d 00 00 00  	<unknown>
     97c: 1f 00 00 00  	<unknown>
     980: 00 00 00 00  	nop <.pdr>
     984: 00 00 01 80  	lb	$1, 0x0($zero)
     988: fc ff ff ff  	<unknown>
		...
     994: 20 00 00 00  	add	$zero, $zero, $zero
     998: 1d 00 00 00  	<unknown>
     99c: 1f 00 00 00  	<unknown>
     9a0: 00 00 00 00  	nop <.pdr>
     9a4: 00 00 01 80  	lb	$1, 0x0($zero)
     9a8: fc ff ff ff  	<unknown>
		...
     9b4: 20 00 00 00  	add	$zero, $zero, $zero
     9b8: 1d 00 00 00  	<unknown>
     9bc: 1f 00 00 00  	<unknown>
     9c0: 00 00 00 00  	nop <.pdr>
     9c4: 00 00 01 80  	lb	$1, 0x0($zero)
     9c8: fc ff ff ff  	<unknown>
		...
     9d4: 20 00 00 00  	add	$zero, $zero, $zero
     9d8: 1d 00 00 00  	<unknown>
     9dc: 1f 00 00 00  	<unknown>
     9e0: 00 00 00 00  	nop <.pdr>
     9e4: 00 00 01 80  	lb	$1, 0x0($zero)
     9e8: fc ff ff ff  	<unknown>
		...
     9f4: 20 00 00 00  	add	$zero, $zero, $zero
     9f8: 1d 00 00 00  	<unknown>
     9fc: 1f 00 00 00  	<unknown>
     a00: 00 00 00 00  	nop <.pdr>
     a04: 00 00 01 80  	lb	$1, 0x0($zero)
     a08: fc ff ff ff  	<unknown>
		...
     a14: 20 00 00 00  	add	$zero, $zero, $zero
     a18: 1d 00 00 00  	<unknown>
     a1c: 1f 00 00 00  	<unknown>
     a20: 00 00 00 00  	nop <.pdr>
     a24: 00 00 01 80  	lb	$1, 0x0($zero)
     a28: fc ff ff ff  	<unknown>
		...
     a34: 20 00 00 00  	add	$zero, $zero, $zero
     a38: 1d 00 00 00  	<unknown>
     a3c: 1f 00 00 00  	<unknown>
     a40: 00 00 00 00  	nop <.pdr>
     a44: 00 00 01 80  	lb	$1, 0x0($zero)
     a48: fc ff ff ff  	<unknown>
		...
     a54: 20 00 00 00  	add	$zero, $zero, $zero
     a58: 1d 00 00 00  	<unknown>
     a5c: 1f 00 00 00  	<unknown>
		...
     a78: 1d 00 00 00  	<unknown>
     a7c: 1f 00 00 00  	<unknown>
     a80: 20 0a 00 9d  	<unknown>
		...
     a98: 1d 00 00 00  	<unknown>
     a9c: 1f 00 00 00  	<unknown>
		...
     ab8: 1d 00 00 00  	<unknown>
     abc: 1f 00 00 00  	<unknown>
     ac0: 00 00 00 00  	nop <.pdr>
     ac4: 00 00 03 80  	lb	$3, 0x0($zero)
     ac8: fc ff ff ff  	<unknown>
		...
     ad4: 30 00 00 00  	tge	$zero, $zero <.pdr>
     ad8: 1d 00 00 00  	<unknown>
     adc: 1f 00 00 00  	<unknown>
     ae0: 00 00 00 00  	nop <.pdr>
     ae4: 00 00 00 80  	lb	$zero, 0x0($zero)
     ae8: fc ff ff ff  	<unknown>
		...
     af4: 18 00 00 00  	mult	$zero, $zero
     af8: 1d 00 00 00  	<unknown>
     afc: 1f 00 00 00  	<unknown>
     b00: 00 00 00 00  	nop <.pdr>
     b04: 00 00 00 80  	lb	$zero, 0x0($zero)
     b08: fc ff ff ff  	<unknown>
		...
     b14: 18 00 00 00  	mult	$zero, $zero
     b18: 1d 00 00 00  	<unknown>
     b1c: 1f 00 00 00  	<unknown>
     b20: 00 00 00 00  	nop <.pdr>
     b24: 00 00 ff c0  	ll	$ra, 0x0($7)
     b28: fc ff ff ff  	<unknown>
		...
     b34: 60 00 00 00  	<unknown>
     b38: 1d 00 00 00  	<unknown>
     b3c: 1f 00 00 00  	<unknown>
     b40: 00 00 00 00  	nop <.pdr>
     b44: 00 00 1f 80  	lb	$ra, 0x0($zero)
     b48: fc ff ff ff  	<unknown>
		...
     b54: 28 00 00 00  	<unknown>
     b58: 1d 00 00 00  	<unknown>
     b5c: 1f 00 00 00  	<unknown>
		...
     b78: 1d 00 00 00  	<unknown>
     b7c: 1f 00 00 00  	<unknown>
     b80: 00 00 00 00  	nop <.pdr>
     b84: 00 00 ff c0  	ll	$ra, 0x0($7)
     b88: fc ff ff ff  	<unknown>
		...
     b94: 48 00 00 00  	<unknown>
     b98: 1d 00 00 00  	<unknown>
     b9c: 1f 00 00 00  	<unknown>
     ba0: 00 00 00 00  	nop <.pdr>
     ba4: 00 00 0f 80  	lb	$15, 0x0($zero)
     ba8: fc ff ff ff  	<unknown>
		...
     bb4: 28 00 00 00  	<unknown>
     bb8: 1d 00 00 00  	<unknown>
     bbc: 1f 00 00 00  	<unknown>
     bc0: 00 00 00 00  	nop <.pdr>
     bc4: 00 00 7f 80  	lb	$ra, 0x0($3)
     bc8: fc ff ff ff  	<unknown>
		...
     bd4: 30 00 00 00  	tge	$zero, $zero <.pdr>
     bd8: 1d 00 00 00  	<unknown>
     bdc: 1f 00 00 00  	<unknown>
     be0: 00 00 00 00  	nop <.pdr>
     be4: 00 00 1f 80  	lb	$ra, 0x0($zero)
     be8: fc ff ff ff  	<unknown>
		...
     bf4: 28 00 00 00  	<unknown>
     bf8: 1d 00 00 00  	<unknown>
     bfc: 1f 00 00 00  	<unknown>
     c00: 00 00 00 00  	nop <.pdr>
     c04: 00 00 ff 80  	lb	$ra, 0x0($7)
     c08: fc ff ff ff  	<unknown>
		...
     c14: 48 00 00 00  	<unknown>
     c18: 1d 00 00 00  	<unknown>
     c1c: 1f 00 00 00  	<unknown>
     c20: 00 00 00 00  	nop <.pdr>
     c24: 00 00 ff c0  	ll	$ra, 0x0($7)
     c28: fc ff ff ff  	<unknown>
		...
     c34: 40 00 00 00  	ssnop
     c38: 1d 00 00 00  	<unknown>
     c3c: 1f 00 00 00  	<unknown>
     c40: 00 00 00 00  	nop <.pdr>
     c44: 00 00 00 80  	lb	$zero, 0x0($zero)
     c48: fc ff ff ff  	<unknown>
		...
     c54: 18 00 00 00  	mult	$zero, $zero
     c58: 1d 00 00 00  	<unknown>
     c5c: 1f 00 00 00  	<unknown>
     c60: 00 00 00 00  	nop <.pdr>
     c64: 00 00 03 80  	lb	$3, 0x0($zero)
     c68: fc ff ff ff  	<unknown>
		...
     c74: 20 00 00 00  	add	$zero, $zero, $zero
     c78: 1d 00 00 00  	<unknown>
     c7c: 1f 00 00 00  	<unknown>
     c80: 00 00 00 00  	nop <.pdr>
     c84: 00 00 1f 80  	lb	$ra, 0x0($zero)
     c88: fc ff ff ff  	<unknown>
		...
     c94: 38 00 00 00  	<unknown>
     c98: 1d 00 00 00  	<unknown>
     c9c: 1f 00 00 00  	<unknown>
     ca0: 00 00 00 00  	nop <.pdr>
     ca4: 00 00 ff c0  	ll	$ra, 0x0($7)
     ca8: fc ff ff ff  	<unknown>
		...
     cb4: 48 00 00 00  	<unknown>
     cb8: 1d 00 00 00  	<unknown>
     cbc: 1f 00 00 00  	<unknown>
     cc0: 00 00 00 00  	nop <.pdr>
     cc4: 00 00 ff c0  	ll	$ra, 0x0($7)
     cc8: fc ff ff ff  	<unknown>
		...
     cd4: 58 00 00 00  	<unknown>
     cd8: 1d 00 00 00  	<unknown>
     cdc: 1f 00 00 00  	<unknown>
     ce0: 00 00 00 00  	nop <.pdr>
     ce4: 00 00 ff c0  	ll	$ra, 0x0($7)
     ce8: fc ff ff ff  	<unknown>
		...
     cf4: 68 00 00 00  	<unknown>
     cf8: 1d 00 00 00  	<unknown>
     cfc: 1f 00 00 00  	<unknown>
     d00: 00 00 00 00  	nop <.pdr>
     d04: 00 00 ff c0  	ll	$ra, 0x0($7)
     d08: fc ff ff ff  	<unknown>
		...
     d14: 78 00 00 00  	<unknown>
     d18: 1d 00 00 00  	<unknown>
     d1c: 1f 00 00 00  	<unknown>
     d20: 00 00 00 00  	nop <.pdr>
     d24: 00 00 1f 80  	lb	$ra, 0x0($zero)
     d28: fc ff ff ff  	<unknown>
		...
     d34: 50 00 00 00  	<unknown>
     d38: 1d 00 00 00  	<unknown>
     d3c: 1f 00 00 00  	<unknown>
     d40: 00 00 00 00  	nop <.pdr>
     d44: 00 00 07 80  	lb	$7, 0x0($zero)
     d48: fc ff ff ff  	<unknown>
		...
     d54: 20 00 00 00  	add	$zero, $zero, $zero
     d58: 1d 00 00 00  	<unknown>
     d5c: 1f 00 00 00  	<unknown>
     d60: 00 00 00 00  	nop <.pdr>
     d64: 00 00 0f 80  	lb	$15, 0x0($zero)
     d68: fc ff ff ff  	<unknown>
		...
     d74: 30 00 00 00  	tge	$zero, $zero <.pdr>
     d78: 1d 00 00 00  	<unknown>
     d7c: 1f 00 00 00  	<unknown>
     d80: 00 00 00 00  	nop <.pdr>
     d84: 00 00 3f 80  	lb	$ra, 0x0($1)
     d88: fc ff ff ff  	<unknown>
		...
     d94: 38 00 00 00  	<unknown>
     d98: 1d 00 00 00  	<unknown>
     d9c: 1f 00 00 00  	<unknown>
     da0: 00 00 00 00  	nop <.pdr>
     da4: 00 00 ff 80  	lb	$ra, 0x0($7)
     da8: fc ff ff ff  	<unknown>
		...
     db4: 40 00 00 00  	ssnop
     db8: 1d 00 00 00  	<unknown>
     dbc: 1f 00 00 00  	<unknown>
     dc0: 00 00 00 00  	nop <.pdr>
     dc4: 00 00 ff c0  	ll	$ra, 0x0($7)
     dc8: fc ff ff ff  	<unknown>
		...
     dd4: 48 00 00 00  	<unknown>
     dd8: 1d 00 00 00  	<unknown>
     ddc: 1f 00 00 00  	<unknown>
     de0: 00 00 00 00  	nop <.pdr>
     de4: 00 00 ff c0  	ll	$ra, 0x0($7)
     de8: fc ff ff ff  	<unknown>
		...
     df4: 50 00 00 00  	<unknown>
     df8: 1d 00 00 00  	<unknown>
     dfc: 1f 00 00 00  	<unknown>
     e00: 00 00 00 00  	nop <.pdr>
     e04: 00 00 0f 80  	lb	$15, 0x0($zero)
     e08: fc ff ff ff  	<unknown>
		...
     e14: 30 00 00 00  	tge	$zero, $zero <.pdr>
     e18: 1d 00 00 00  	<unknown>
     e1c: 1f 00 00 00  	<unknown>
     e20: 00 00 00 00  	nop <.pdr>
     e24: 00 00 03 80  	lb	$3, 0x0($zero)
     e28: fc ff ff ff  	<unknown>
		...
     e34: 20 00 00 00  	add	$zero, $zero, $zero
     e38: 1d 00 00 00  	<unknown>
     e3c: 1f 00 00 00  	<unknown>
     e40: 00 00 00 00  	nop <.pdr>
     e44: 00 00 03 80  	lb	$3, 0x0($zero)
     e48: fc ff ff ff  	<unknown>
		...
     e54: 20 00 00 00  	add	$zero, $zero, $zero
     e58: 1d 00 00 00  	<unknown>
     e5c: 1f 00 00 00  	<unknown>
     e60: 00 00 00 00  	nop <.pdr>
     e64: 00 00 03 80  	lb	$3, 0x0($zero)
     e68: fc ff ff ff  	<unknown>
		...
     e74: 20 00 00 00  	add	$zero, $zero, $zero
     e78: 1d 00 00 00  	<unknown>
     e7c: 1f 00 00 00  	<unknown>
     e80: 00 00 00 00  	nop <.pdr>
     e84: 00 00 00 80  	lb	$zero, 0x0($zero)
     e88: fc ff ff ff  	<unknown>
		...
     e94: 18 00 00 00  	mult	$zero, $zero
     e98: 1d 00 00 00  	<unknown>
     e9c: 1f 00 00 00  	<unknown>
     ea0: 00 00 00 00  	nop <.pdr>
     ea4: 00 00 00 80  	lb	$zero, 0x0($zero)
     ea8: fc ff ff ff  	<unknown>
		...
     eb4: 18 00 00 00  	mult	$zero, $zero
     eb8: 1d 00 00 00  	<unknown>
     ebc: 1f 00 00 00  	<unknown>
     ec0: 00 00 00 00  	nop <.pdr>
     ec4: 00 00 00 80  	lb	$zero, 0x0($zero)
     ec8: fc ff ff ff  	<unknown>
		...
     ed4: 18 00 00 00  	mult	$zero, $zero
     ed8: 1d 00 00 00  	<unknown>
     edc: 1f 00 00 00  	<unknown>
     ee0: 00 00 00 00  	nop <.pdr>
     ee4: 00 00 ff c0  	ll	$ra, 0x0($7)
     ee8: fc ff ff ff  	<unknown>
		...
     ef4: 78 00 00 00  	<unknown>
     ef8: 1d 00 00 00  	<unknown>
     efc: 1f 00 00 00  	<unknown>
     f00: 00 00 00 00  	nop <.pdr>
     f04: 00 00 00 80  	lb	$zero, 0x0($zero)
     f08: fc ff ff ff  	<unknown>
		...
     f14: 18 00 00 00  	mult	$zero, $zero
     f18: 1d 00 00 00  	<unknown>
     f1c: 1f 00 00 00  	<unknown>
     f20: 00 00 00 00  	nop <.pdr>
     f24: 00 00 7f 80  	lb	$ra, 0x0($3)
     f28: fc ff ff ff  	<unknown>
		...
     f34: 40 00 00 00  	ssnop
     f38: 1d 00 00 00  	<unknown>
     f3c: 1f 00 00 00  	<unknown>
     f40: 00 00 00 00  	nop <.pdr>
     f44: 00 00 00 80  	lb	$zero, 0x0($zero)
     f48: fc ff ff ff  	<unknown>
		...
     f54: 18 00 00 00  	mult	$zero, $zero
     f58: 1d 00 00 00  	<unknown>
     f5c: 1f 00 00 00  	<unknown>
     f60: 00 00 00 00  	nop <.pdr>
     f64: 00 00 0f 80  	lb	$15, 0x0($zero)
     f68: fc ff ff ff  	<unknown>
		...
     f74: b0 00 00 00  	tge	$zero, $zero, 0x2 <.pdr+0x2>
     f78: 1d 00 00 00  	<unknown>
     f7c: 1f 00 00 00  	<unknown>
     f80: 00 00 00 00  	nop <.pdr>
     f84: 00 00 0f 80  	lb	$15, 0x0($zero)
     f88: fc ff ff ff  	<unknown>
		...
     f94: b0 00 00 00  	tge	$zero, $zero, 0x2 <.pdr+0x2>
     f98: 1d 00 00 00  	<unknown>
     f9c: 1f 00 00 00  	<unknown>
     fa0: 00 00 00 00  	nop <.pdr>
     fa4: 00 00 00 80  	lb	$zero, 0x0($zero)
     fa8: fc ff ff ff  	<unknown>
		...
     fb4: a0 00 00 00  	<unknown>
     fb8: 1d 00 00 00  	<unknown>
     fbc: 1f 00 00 00  	<unknown>
     fc0: 00 00 00 00  	nop <.pdr>
     fc4: 00 00 00 80  	lb	$zero, 0x0($zero)
     fc8: fc ff ff ff  	<unknown>
		...
     fd4: 18 00 00 00  	mult	$zero, $zero
     fd8: 1d 00 00 00  	<unknown>
     fdc: 1f 00 00 00  	<unknown>
     fe0: 00 00 00 00  	nop <.pdr>
     fe4: 00 00 00 80  	lb	$zero, 0x0($zero)
     fe8: fc ff ff ff  	<unknown>
		...
     ff4: a0 00 00 00  	<unknown>
     ff8: 1d 00 00 00  	<unknown>
     ffc: 1f 00 00 00  	<unknown>
    1000: 00 00 00 00  	nop <.pdr>
    1004: 00 00 00 80  	lb	$zero, 0x0($zero)
    1008: fc ff ff ff  	<unknown>
		...
    1014: 18 00 00 00  	mult	$zero, $zero
    1018: 1d 00 00 00  	<unknown>
    101c: 1f 00 00 00  	<unknown>
    1020: 00 00 00 00  	nop <.pdr>
    1024: 00 00 00 80  	lb	$zero, 0x0($zero)
    1028: fc ff ff ff  	<unknown>
		...
    1034: a0 00 00 00  	<unknown>
    1038: 1d 00 00 00  	<unknown>
    103c: 1f 00 00 00  	<unknown>
    1040: 00 00 00 00  	nop <.pdr>
    1044: 00 00 ff c0  	ll	$ra, 0x0($7)
    1048: fc ff ff ff  	<unknown>
		...
    1054: 60 00 00 00  	<unknown>
    1058: 1d 00 00 00  	<unknown>
    105c: 1f 00 00 00  	<unknown>
    1060: 00 00 00 00  	nop <.pdr>
    1064: 00 00 00 80  	lb	$zero, 0x0($zero)
    1068: fc ff ff ff  	<unknown>
		...
    1074: 08 00 00 00  	jr	$zero
    1078: 1d 00 00 00  	<unknown>
    107c: 1f 00 00 00  	<unknown>
    1080: 00 00 00 00  	nop <.pdr>
    1084: 00 00 00 80  	lb	$zero, 0x0($zero)
    1088: fc ff ff ff  	<unknown>
		...
    1094: 08 00 00 00  	jr	$zero
    1098: 1d 00 00 00  	<unknown>
    109c: 1f 00 00 00  	<unknown>
    10a0: 00 00 00 00  	nop <.pdr>
    10a4: 00 00 ff c0  	ll	$ra, 0x0($7)
    10a8: fc ff ff ff  	<unknown>
		...
    10b4: 88 00 00 00  	<unknown>
    10b8: 1d 00 00 00  	<unknown>
    10bc: 1f 00 00 00  	<unknown>
		...
    10d4: 40 00 00 00  	ssnop
    10d8: 1d 00 00 00  	<unknown>
    10dc: 1f 00 00 00  	<unknown>
		...
    10f4: 40 00 00 00  	ssnop
    10f8: 1d 00 00 00  	<unknown>
    10fc: 1f 00 00 00  	<unknown>
		...
    1114: 40 00 00 00  	ssnop
    1118: 1d 00 00 00  	<unknown>
    111c: 1f 00 00 00  	<unknown>
		...
    1134: 40 00 00 00  	ssnop
    1138: 1d 00 00 00  	<unknown>
    113c: 1f 00 00 00  	<unknown>
    1140: 00 00 00 00  	nop <.pdr>
    1144: 00 00 00 80  	lb	$zero, 0x0($zero)
    1148: fc ff ff ff  	<unknown>
		...
    1154: a0 00 00 00  	<unknown>
    1158: 1d 00 00 00  	<unknown>
    115c: 1f 00 00 00  	<unknown>
    1160: 00 00 00 00  	nop <.pdr>
    1164: 00 00 00 80  	lb	$zero, 0x0($zero)
    1168: fc ff ff ff  	<unknown>
		...
    1174: a0 00 00 00  	<unknown>
    1178: 1d 00 00 00  	<unknown>
    117c: 1f 00 00 00  	<unknown>
    1180: 00 00 00 00  	nop <.pdr>
    1184: 00 00 00 80  	lb	$zero, 0x0($zero)
    1188: fc ff ff ff  	<unknown>
		...
    1194: a0 00 00 00  	<unknown>
    1198: 1d 00 00 00  	<unknown>
    119c: 1f 00 00 00  	<unknown>
    11a0: 00 00 00 00  	nop <.pdr>
    11a4: 00 00 00 80  	lb	$zero, 0x0($zero)
    11a8: fc ff ff ff  	<unknown>
		...
    11b4: a0 00 00 00  	<unknown>
    11b8: 1d 00 00 00  	<unknown>
    11bc: 1f 00 00 00  	<unknown>
    11c0: 00 00 00 00  	nop <.pdr>
    11c4: 00 00 00 80  	lb	$zero, 0x0($zero)
    11c8: fc ff ff ff  	<unknown>
		...
    11d4: a0 00 00 00  	<unknown>
    11d8: 1d 00 00 00  	<unknown>
    11dc: 1f 00 00 00  	<unknown>
    11e0: 00 00 00 00  	nop <.pdr>
    11e4: 00 00 00 80  	lb	$zero, 0x0($zero)
    11e8: fc ff ff ff  	<unknown>
		...
    11f4: a0 00 00 00  	<unknown>
    11f8: 1d 00 00 00  	<unknown>
    11fc: 1f 00 00 00  	<unknown>
    1200: 00 00 00 00  	nop <.pdr>
    1204: 00 00 00 80  	lb	$zero, 0x0($zero)
    1208: fc ff ff ff  	<unknown>
		...
    1214: a0 00 00 00  	<unknown>
    1218: 1d 00 00 00  	<unknown>
    121c: 1f 00 00 00  	<unknown>
    1220: 00 00 00 00  	nop <.pdr>
    1224: 00 00 00 80  	lb	$zero, 0x0($zero)
    1228: fc ff ff ff  	<unknown>
		...
    1234: a0 00 00 00  	<unknown>
    1238: 1d 00 00 00  	<unknown>
    123c: 1f 00 00 00  	<unknown>
    1240: 00 00 00 00  	nop <.pdr>
    1244: 00 00 00 80  	lb	$zero, 0x0($zero)
    1248: fc ff ff ff  	<unknown>
		...
    1254: a0 00 00 00  	<unknown>
    1258: 1d 00 00 00  	<unknown>
    125c: 1f 00 00 00  	<unknown>
    1260: 00 00 00 00  	nop <.pdr>
    1264: 00 00 00 80  	lb	$zero, 0x0($zero)
    1268: fc ff ff ff  	<unknown>
		...
    1274: a0 00 00 00  	<unknown>
    1278: 1d 00 00 00  	<unknown>
    127c: 1f 00 00 00  	<unknown>
    1280: 00 00 00 00  	nop <.pdr>
    1284: 00 00 00 80  	lb	$zero, 0x0($zero)
    1288: fc ff ff ff  	<unknown>
		...
    1294: a0 00 00 00  	<unknown>
    1298: 1d 00 00 00  	<unknown>
    129c: 1f 00 00 00  	<unknown>
    12a0: 00 00 00 00  	nop <.pdr>
    12a4: 00 00 00 80  	lb	$zero, 0x0($zero)
    12a8: fc ff ff ff  	<unknown>
		...
    12b4: a0 00 00 00  	<unknown>
    12b8: 1d 00 00 00  	<unknown>
    12bc: 1f 00 00 00  	<unknown>
    12c0: 00 00 00 00  	nop <.pdr>
    12c4: 00 00 00 80  	lb	$zero, 0x0($zero)
    12c8: fc ff ff ff  	<unknown>
		...
    12d4: a0 00 00 00  	<unknown>
    12d8: 1d 00 00 00  	<unknown>
    12dc: 1f 00 00 00  	<unknown>
    12e0: 00 00 00 00  	nop <.pdr>
    12e4: 00 00 00 80  	lb	$zero, 0x0($zero)
    12e8: fc ff ff ff  	<unknown>
		...
    12f4: a0 00 00 00  	<unknown>
    12f8: 1d 00 00 00  	<unknown>
    12fc: 1f 00 00 00  	<unknown>
    1300: 00 00 00 00  	nop <.pdr>
    1304: 00 00 00 80  	lb	$zero, 0x0($zero)
    1308: fc ff ff ff  	<unknown>
		...
    1314: a0 00 00 00  	<unknown>
    1318: 1d 00 00 00  	<unknown>
    131c: 1f 00 00 00  	<unknown>
    1320: 00 00 00 00  	nop <.pdr>
    1324: 00 00 00 80  	lb	$zero, 0x0($zero)
    1328: fc ff ff ff  	<unknown>
		...
    1334: a0 00 00 00  	<unknown>
    1338: 1d 00 00 00  	<unknown>
    133c: 1f 00 00 00  	<unknown>
    1340: 00 00 00 00  	nop <.pdr>
    1344: 00 00 00 80  	lb	$zero, 0x0($zero)
    1348: fc ff ff ff  	<unknown>
		...
    1354: a0 00 00 00  	<unknown>
    1358: 1d 00 00 00  	<unknown>
    135c: 1f 00 00 00  	<unknown>
    1360: 00 00 00 00  	nop <.pdr>
    1364: 00 00 00 80  	lb	$zero, 0x0($zero)
    1368: fc ff ff ff  	<unknown>
		...
    1374: a0 00 00 00  	<unknown>
    1378: 1d 00 00 00  	<unknown>
    137c: 1f 00 00 00  	<unknown>
    1380: 00 00 00 00  	nop <.pdr>
    1384: 00 00 00 80  	lb	$zero, 0x0($zero)
    1388: fc ff ff ff  	<unknown>
		...
    1394: a0 00 00 00  	<unknown>
    1398: 1d 00 00 00  	<unknown>
    139c: 1f 00 00 00  	<unknown>
    13a0: 00 00 00 00  	nop <.pdr>
    13a4: 00 00 00 80  	lb	$zero, 0x0($zero)
    13a8: fc ff ff ff  	<unknown>
		...
    13b4: a0 00 00 00  	<unknown>
    13b8: 1d 00 00 00  	<unknown>
    13bc: 1f 00 00 00  	<unknown>
    13c0: 00 00 00 00  	nop <.pdr>
    13c4: 00 00 ff c0  	ll	$ra, 0x0($7)
    13c8: fc ff ff ff  	<unknown>
		...
    13d4: d8 00 00 00  	<unknown>
    13d8: 1d 00 00 00  	<unknown>
    13dc: 1f 00 00 00  	<unknown>
    13e0: 00 00 00 00  	nop <.pdr>
    13e4: 00 00 00 80  	lb	$zero, 0x0($zero)
    13e8: fc ff ff ff  	<unknown>
		...
    13f4: 08 00 00 00  	jr	$zero
    13f8: 1d 00 00 00  	<unknown>
    13fc: 1f 00 00 00  	<unknown>
    1400: 00 00 00 00  	nop <.pdr>
    1404: 00 00 00 80  	lb	$zero, 0x0($zero)
    1408: fc ff ff ff  	<unknown>
		...
    1414: 08 00 00 00  	jr	$zero
    1418: 1d 00 00 00  	<unknown>
    141c: 1f 00 00 00  	<unknown>
    1420: 00 00 00 00  	nop <.pdr>
    1424: 00 00 00 80  	lb	$zero, 0x0($zero)
    1428: fc ff ff ff  	<unknown>
		...
    1434: 08 00 00 00  	jr	$zero
    1438: 1d 00 00 00  	<unknown>
    143c: 1f 00 00 00  	<unknown>
    1440: 00 00 00 00  	nop <.pdr>
    1444: 00 00 00 80  	lb	$zero, 0x0($zero)
    1448: fc ff ff ff  	<unknown>
		...
    1454: 08 00 00 00  	jr	$zero
    1458: 1d 00 00 00  	<unknown>
    145c: 1f 00 00 00  	<unknown>
    1460: 00 00 00 00  	nop <.pdr>
    1464: 00 00 ff 00  	<unknown>
    1468: fc ff ff ff  	<unknown>
		...
    1474: 20 00 00 00  	add	$zero, $zero, $zero
    1478: 1d 00 00 00  	<unknown>
    147c: 1f 00 00 00  	<unknown>
    1480: 00 00 00 00  	nop <.pdr>
    1484: 00 00 ff 00  	<unknown>
    1488: fc ff ff ff  	<unknown>
		...
    1494: 20 00 00 00  	add	$zero, $zero, $zero
    1498: 1d 00 00 00  	<unknown>
    149c: 1f 00 00 00  	<unknown>
		...
    14b8: 1d 00 00 00  	<unknown>
    14bc: 1f 00 00 00  	<unknown>
		...
    14d8: 1d 00 00 00  	<unknown>
    14dc: 1f 00 00 00  	<unknown>
    14e0: 00 00 00 00  	nop <.pdr>
    14e4: 00 00 7f 80  	lb	$ra, 0x0($3)
    14e8: fc ff ff ff  	<unknown>
		...
    14f4: 30 00 00 00  	tge	$zero, $zero <.pdr>
    14f8: 1d 00 00 00  	<unknown>
    14fc: 1f 00 00 00  	<unknown>
		...
    1514: 18 00 00 00  	mult	$zero, $zero
    1518: 1d 00 00 00  	<unknown>
    151c: 1f 00 00 00  	<unknown>
		...
    1534: 28 00 00 00  	<unknown>
    1538: 1d 00 00 00  	<unknown>
    153c: 1f 00 00 00  	<unknown>
		...
    1554: 80 00 00 00  	sll	$zero, $zero, 0x2 <.pdr+0x2>
    1558: 1d 00 00 00  	<unknown>
    155c: 1f 00 00 00  	<unknown>
		...
    1578: 1d 00 00 00  	<unknown>
    157c: 1f 00 00 00  	<unknown>
    1580: 00 00 00 00  	nop <.pdr>
    1584: 00 00 3f 80  	lb	$ra, 0x0($1)
    1588: fc ff ff ff  	<unknown>
		...
    1594: 50 00 00 00  	<unknown>
    1598: 1d 00 00 00  	<unknown>
    159c: 1f 00 00 00  	<unknown>
		...
    15b4: 10 00 00 00  	mfhi	$zero
    15b8: 1d 00 00 00  	<unknown>
    15bc: 1f 00 00 00  	<unknown>
    15c0: 00 00 00 00  	nop <.pdr>
    15c4: 00 00 00 80  	lb	$zero, 0x0($zero)
    15c8: fc ff ff ff  	<unknown>
		...
    15d4: 08 00 00 00  	jr	$zero
    15d8: 1d 00 00 00  	<unknown>
    15dc: 1f 00 00 00  	<unknown>
		...
    15f8: 1d 00 00 00  	<unknown>
    15fc: 1f 00 00 00  	<unknown>
		...
    1618: 1d 00 00 00  	<unknown>
    161c: 1f 00 00 00  	<unknown>
		...
    1634: 10 00 00 00  	mfhi	$zero
    1638: 1d 00 00 00  	<unknown>
    163c: 1f 00 00 00  	<unknown>
    1640: 00 00 00 00  	nop <.pdr>
    1644: 00 00 00 80  	lb	$zero, 0x0($zero)
    1648: fc ff ff ff  	<unknown>
		...
    1654: 18 00 00 00  	mult	$zero, $zero
    1658: 1d 00 00 00  	<unknown>
    165c: 1f 00 00 00  	<unknown>
    1660: 00 00 00 00  	nop <.pdr>
    1664: 00 00 3f 80  	lb	$ra, 0x0($1)
    1668: fc ff ff ff  	<unknown>
		...
    1674: 30 00 00 00  	tge	$zero, $zero <.pdr>
    1678: 1d 00 00 00  	<unknown>
    167c: 1f 00 00 00  	<unknown>
		...
    1698: 1d 00 00 00  	<unknown>
    169c: 1f 00 00 00  	<unknown>
		...
    16b4: 10 00 00 00  	mfhi	$zero
    16b8: 1d 00 00 00  	<unknown>
    16bc: 1f 00 00 00  	<unknown>
		...
    16d8: 1d 00 00 00  	<unknown>
    16dc: 1f 00 00 00  	<unknown>
		...
    16f8: 1d 00 00 00  	<unknown>
    16fc: 1f 00 00 00  	<unknown>
		...
    1718: 1d 00 00 00  	<unknown>
    171c: 1f 00 00 00  	<unknown>
		...
    1734: 10 00 00 00  	mfhi	$zero
    1738: 1d 00 00 00  	<unknown>
    173c: 1f 00 00 00  	<unknown>
		...
    1754: 10 00 00 00  	mfhi	$zero
    1758: 1d 00 00 00  	<unknown>
    175c: 1f 00 00 00  	<unknown>
		...
    1774: 10 00 00 00  	mfhi	$zero
    1778: 1d 00 00 00  	<unknown>
    177c: 1f 00 00 00  	<unknown>
		...
    1794: 10 00 00 00  	mfhi	$zero
    1798: 1d 00 00 00  	<unknown>
    179c: 1f 00 00 00  	<unknown>
		...
    17b4: 10 00 00 00  	mfhi	$zero
    17b8: 1d 00 00 00  	<unknown>
    17bc: 1f 00 00 00  	<unknown>
    17c0: 00 00 00 00  	nop <.pdr>
    17c4: 00 00 00 80  	lb	$zero, 0x0($zero)
    17c8: fc ff ff ff  	<unknown>
		...
    17d4: 48 00 00 00  	<unknown>
    17d8: 1d 00 00 00  	<unknown>
    17dc: 1f 00 00 00  	<unknown>
    17e0: 00 00 00 00  	nop <.pdr>
    17e4: 00 00 00 80  	lb	$zero, 0x0($zero)
    17e8: fc ff ff ff  	<unknown>
		...
    17f4: 08 00 00 00  	jr	$zero
    17f8: 1d 00 00 00  	<unknown>
    17fc: 1f 00 00 00  	<unknown>
    1800: 00 00 00 00  	nop <.pdr>
    1804: 00 00 00 80  	lb	$zero, 0x0($zero)
    1808: fc ff ff ff  	<unknown>
		...
    1814: 08 00 00 00  	jr	$zero
    1818: 1d 00 00 00  	<unknown>
    181c: 1f 00 00 00  	<unknown>
    1820: 00 00 00 00  	nop <.pdr>
    1824: 00 00 00 80  	lb	$zero, 0x0($zero)
    1828: fc ff ff ff  	<unknown>
		...
    1834: 08 00 00 00  	jr	$zero
    1838: 1d 00 00 00  	<unknown>
    183c: 1f 00 00 00  	<unknown>
    1840: 00 00 00 00  	nop <.pdr>
    1844: 00 00 00 80  	lb	$zero, 0x0($zero)
    1848: fc ff ff ff  	<unknown>
		...
    1854: 08 00 00 00  	jr	$zero
    1858: 1d 00 00 00  	<unknown>
    185c: 1f 00 00 00  	<unknown>
    1860: 00 00 00 00  	nop <.pdr>
    1864: 00 00 00 80  	lb	$zero, 0x0($zero)
    1868: fc ff ff ff  	<unknown>
		...
    1874: 08 00 00 00  	jr	$zero
    1878: 1d 00 00 00  	<unknown>
    187c: 1f 00 00 00  	<unknown>
    1880: 00 00 00 00  	nop <.pdr>
    1884: 00 00 00 80  	lb	$zero, 0x0($zero)
    1888: fc ff ff ff  	<unknown>
		...
    1894: 08 00 00 00  	jr	$zero
    1898: 1d 00 00 00  	<unknown>
    189c: 1f 00 00 00  	<unknown>
    18a0: 00 00 00 00  	nop <.pdr>
    18a4: 00 00 ff c0  	ll	$ra, 0x0($7)
    18a8: fc ff ff ff  	<unknown>
		...
    18b4: 70 00 00 00  	tge	$zero, $zero, 0x1 <.pdr+0x1>
    18b8: 1d 00 00 00  	<unknown>
    18bc: 1f 00 00 00  	<unknown>
    18c0: 00 00 00 00  	nop <.pdr>
    18c4: 00 00 00 80  	lb	$zero, 0x0($zero)
    18c8: fc ff ff ff  	<unknown>
		...
    18d4: 08 00 00 00  	jr	$zero
    18d8: 1d 00 00 00  	<unknown>
    18dc: 1f 00 00 00  	<unknown>
    18e0: 00 00 00 00  	nop <.pdr>
    18e4: 00 00 00 80  	lb	$zero, 0x0($zero)
    18e8: fc ff ff ff  	<unknown>
		...
    18f4: 08 00 00 00  	jr	$zero
    18f8: 1d 00 00 00  	<unknown>
    18fc: 1f 00 00 00  	<unknown>
    1900: 00 00 00 00  	nop <.pdr>
    1904: 00 00 03 80  	lb	$3, 0x0($zero)
    1908: fc ff ff ff  	<unknown>
		...
    1914: 80 00 00 00  	sll	$zero, $zero, 0x2 <.pdr+0x2>
    1918: 1d 00 00 00  	<unknown>
    191c: 1f 00 00 00  	<unknown>
    1920: 00 00 00 00  	nop <.pdr>
    1924: 00 00 00 80  	lb	$zero, 0x0($zero)
    1928: fc ff ff ff  	<unknown>
		...
    1934: 08 00 00 00  	jr	$zero
    1938: 1d 00 00 00  	<unknown>
    193c: 1f 00 00 00  	<unknown>
    1940: 00 00 00 00  	nop <.pdr>
    1944: 00 00 00 80  	lb	$zero, 0x0($zero)
    1948: fc ff ff ff  	<unknown>
		...
    1954: 08 00 00 00  	jr	$zero
    1958: 1d 00 00 00  	<unknown>
    195c: 1f 00 00 00  	<unknown>
    1960: 00 00 00 00  	nop <.pdr>
    1964: 00 00 00 80  	lb	$zero, 0x0($zero)
    1968: fc ff ff ff  	<unknown>
		...
    1974: 08 00 00 00  	jr	$zero
    1978: 1d 00 00 00  	<unknown>
    197c: 1f 00 00 00  	<unknown>
    1980: 00 00 00 00  	nop <.pdr>
    1984: 00 00 00 80  	lb	$zero, 0x0($zero)
    1988: fc ff ff ff  	<unknown>
		...
    1994: 08 00 00 00  	jr	$zero
    1998: 1d 00 00 00  	<unknown>
    199c: 1f 00 00 00  	<unknown>
    19a0: 00 00 00 00  	nop <.pdr>
    19a4: 00 00 00 80  	lb	$zero, 0x0($zero)
    19a8: fc ff ff ff  	<unknown>
		...
    19b4: 08 00 00 00  	jr	$zero
    19b8: 1d 00 00 00  	<unknown>
    19bc: 1f 00 00 00  	<unknown>
    19c0: 00 00 00 00  	nop <.pdr>
    19c4: 00 00 00 80  	lb	$zero, 0x0($zero)
    19c8: fc ff ff ff  	<unknown>
		...
    19d4: 08 00 00 00  	jr	$zero
    19d8: 1d 00 00 00  	<unknown>
    19dc: 1f 00 00 00  	<unknown>
    19e0: 00 00 00 00  	nop <.pdr>
    19e4: 00 00 00 80  	lb	$zero, 0x0($zero)
    19e8: fc ff ff ff  	<unknown>
		...
    19f4: 08 00 00 00  	jr	$zero
    19f8: 1d 00 00 00  	<unknown>
    19fc: 1f 00 00 00  	<unknown>
    1a00: 00 00 00 00  	nop <.pdr>
    1a04: 00 00 00 80  	lb	$zero, 0x0($zero)
    1a08: fc ff ff ff  	<unknown>
		...
    1a14: 08 00 00 00  	jr	$zero
    1a18: 1d 00 00 00  	<unknown>
    1a1c: 1f 00 00 00  	<unknown>
    1a20: 00 00 00 00  	nop <.pdr>
    1a24: 00 00 00 80  	lb	$zero, 0x0($zero)
    1a28: fc ff ff ff  	<unknown>
		...
    1a34: 08 00 00 00  	jr	$zero
    1a38: 1d 00 00 00  	<unknown>
    1a3c: 1f 00 00 00  	<unknown>
    1a40: 00 00 00 00  	nop <.pdr>
    1a44: 00 00 00 80  	lb	$zero, 0x0($zero)
    1a48: fc ff ff ff  	<unknown>
		...
    1a54: 08 00 00 00  	jr	$zero
    1a58: 1d 00 00 00  	<unknown>
    1a5c: 1f 00 00 00  	<unknown>
    1a60: 00 00 00 00  	nop <.pdr>
    1a64: 00 00 00 80  	lb	$zero, 0x0($zero)
    1a68: fc ff ff ff  	<unknown>
		...
    1a74: 08 00 00 00  	jr	$zero
    1a78: 1d 00 00 00  	<unknown>
    1a7c: 1f 00 00 00  	<unknown>
    1a80: 00 00 00 00  	nop <.pdr>
    1a84: 00 00 00 80  	lb	$zero, 0x0($zero)
    1a88: fc ff ff ff  	<unknown>
		...
    1a94: 08 00 00 00  	jr	$zero
    1a98: 1d 00 00 00  	<unknown>
    1a9c: 1f 00 00 00  	<unknown>
    1aa0: 00 00 00 00  	nop <.pdr>
    1aa4: 00 00 ff c0  	ll	$ra, 0x0($7)
    1aa8: fc ff ff ff  	<unknown>
		...
    1ab4: b8 00 00 00  	<unknown>
    1ab8: 1d 00 00 00  	<unknown>
    1abc: 1f 00 00 00  	<unknown>
    1ac0: 00 00 00 00  	nop <.pdr>
    1ac4: 00 00 00 80  	lb	$zero, 0x0($zero)
    1ac8: fc ff ff ff  	<unknown>
		...
    1ad4: 08 00 00 00  	jr	$zero
    1ad8: 1d 00 00 00  	<unknown>
    1adc: 1f 00 00 00  	<unknown>
    1ae0: 00 00 00 00  	nop <.pdr>
    1ae4: 00 00 00 80  	lb	$zero, 0x0($zero)
    1ae8: fc ff ff ff  	<unknown>
		...
    1af4: 08 00 00 00  	jr	$zero
    1af8: 1d 00 00 00  	<unknown>
    1afc: 1f 00 00 00  	<unknown>
    1b00: 00 00 00 00  	nop <.pdr>
    1b04: 00 00 00 80  	lb	$zero, 0x0($zero)
    1b08: fc ff ff ff  	<unknown>
		...
    1b14: 08 00 00 00  	jr	$zero
    1b18: 1d 00 00 00  	<unknown>
    1b1c: 1f 00 00 00  	<unknown>
    1b20: 00 00 00 00  	nop <.pdr>
    1b24: 00 00 00 80  	lb	$zero, 0x0($zero)
    1b28: fc ff ff ff  	<unknown>
		...
    1b34: 08 00 00 00  	jr	$zero
    1b38: 1d 00 00 00  	<unknown>
    1b3c: 1f 00 00 00  	<unknown>
		...
    1b58: 1d 00 00 00  	<unknown>
    1b5c: 1f 00 00 00  	<unknown>
		...
    1b78: 1d 00 00 00  	<unknown>
    1b7c: 1f 00 00 00  	<unknown>
    1b80: 00 00 00 00  	nop <.pdr>
    1b84: 00 00 07 80  	lb	$7, 0x0($zero)
    1b88: fc ff ff ff  	<unknown>
		...
    1b94: 18 00 00 00  	mult	$zero, $zero
    1b98: 1d 00 00 00  	<unknown>
    1b9c: 1f 00 00 00  	<unknown>
    1ba0: 00 00 00 00  	nop <.pdr>
    1ba4: 00 00 07 80  	lb	$7, 0x0($zero)
    1ba8: fc ff ff ff  	<unknown>
		...
    1bb4: 50 00 00 00  	<unknown>
    1bb8: 1d 00 00 00  	<unknown>
    1bbc: 1f 00 00 00  	<unknown>
    1bc0: 00 00 00 00  	nop <.pdr>
    1bc4: 00 00 07 80  	lb	$7, 0x0($zero)
    1bc8: fc ff ff ff  	<unknown>
		...
    1bd4: 18 00 00 00  	mult	$zero, $zero
    1bd8: 1d 00 00 00  	<unknown>
    1bdc: 1f 00 00 00  	<unknown>
    1be0: 00 00 00 00  	nop <.pdr>
    1be4: 00 00 07 80  	lb	$7, 0x0($zero)
    1be8: fc ff ff ff  	<unknown>
		...
    1bf4: 28 00 00 00  	<unknown>
    1bf8: 1d 00 00 00  	<unknown>
    1bfc: 1f 00 00 00  	<unknown>
    1c00: 00 00 00 00  	nop <.pdr>
    1c04: 00 00 07 80  	lb	$7, 0x0($zero)
    1c08: fc ff ff ff  	<unknown>
		...
    1c14: 40 00 00 00  	ssnop
    1c18: 1d 00 00 00  	<unknown>
    1c1c: 1f 00 00 00  	<unknown>
    1c20: 00 00 00 00  	nop <.pdr>
    1c24: 00 00 07 80  	lb	$7, 0x0($zero)
    1c28: fc ff ff ff  	<unknown>
		...
    1c34: 30 00 00 00  	tge	$zero, $zero <.pdr>
    1c38: 1d 00 00 00  	<unknown>
    1c3c: 1f 00 00 00  	<unknown>
    1c40: 00 00 00 00  	nop <.pdr>
    1c44: 00 00 01 00  	sll	$zero, $1, 0x0 <.pdr>
    1c48: fc ff ff ff  	<unknown>
		...
    1c54: 08 00 00 00  	jr	$zero
    1c58: 1d 00 00 00  	<unknown>
    1c5c: 1f 00 00 00  	<unknown>
    1c60: 00 00 00 00  	nop <.pdr>
    1c64: 00 00 3f 80  	lb	$ra, 0x0($1)
    1c68: fc ff ff ff  	<unknown>
		...
    1c74: 50 00 00 00  	<unknown>
    1c78: 1d 00 00 00  	<unknown>
    1c7c: 1f 00 00 00  	<unknown>
    1c80: 00 00 00 00  	nop <.pdr>
    1c84: 00 00 ff c0  	ll	$ra, 0x0($7)
    1c88: fc ff ff ff  	<unknown>
		...
    1c94: 38 00 00 00  	<unknown>
    1c98: 1d 00 00 00  	<unknown>
    1c9c: 1f 00 00 00  	<unknown>
    1ca0: 00 00 00 00  	nop <.pdr>
    1ca4: 00 00 0f 80  	lb	$15, 0x0($zero)
    1ca8: fc ff ff ff  	<unknown>
		...
    1cb4: 20 00 00 00  	add	$zero, $zero, $zero
    1cb8: 1d 00 00 00  	<unknown>
    1cbc: 1f 00 00 00  	<unknown>
    1cc0: 00 00 00 00  	nop <.pdr>
    1cc4: 00 00 0f 80  	lb	$15, 0x0($zero)
    1cc8: fc ff ff ff  	<unknown>
		...
    1cd4: 38 00 00 00  	<unknown>
    1cd8: 1d 00 00 00  	<unknown>
    1cdc: 1f 00 00 00  	<unknown>
    1ce0: 00 00 00 00  	nop <.pdr>
    1ce4: 00 00 00 80  	lb	$zero, 0x0($zero)
    1ce8: fc ff ff ff  	<unknown>
		...
    1cf4: 18 00 00 00  	mult	$zero, $zero
    1cf8: 1d 00 00 00  	<unknown>
    1cfc: 1f 00 00 00  	<unknown>
		...
    1d14: 28 00 00 00  	<unknown>
    1d18: 1d 00 00 00  	<unknown>
    1d1c: 1f 00 00 00  	<unknown>
		...
    1d34: 40 00 00 00  	ssnop
    1d38: 1d 00 00 00  	<unknown>
    1d3c: 1f 00 00 00  	<unknown>
		...
    1d54: 30 00 00 00  	tge	$zero, $zero <.pdr>
    1d58: 1d 00 00 00  	<unknown>
    1d5c: 1f 00 00 00  	<unknown>
		...
    1d74: 30 00 00 00  	tge	$zero, $zero <.pdr>
    1d78: 1d 00 00 00  	<unknown>
    1d7c: 1f 00 00 00  	<unknown>
		...
    1d94: 30 00 00 00  	tge	$zero, $zero <.pdr>
    1d98: 1d 00 00 00  	<unknown>
    1d9c: 1f 00 00 00  	<unknown>
		...
    1db8: 1d 00 00 00  	<unknown>
    1dbc: 1f 00 00 00  	<unknown>
		...
    1dd4: 30 00 00 00  	tge	$zero, $zero <.pdr>
    1dd8: 1d 00 00 00  	<unknown>
    1ddc: 1f 00 00 00  	<unknown>
		...
    1df4: 40 00 00 00  	ssnop
    1df8: 1d 00 00 00  	<unknown>
    1dfc: 1f 00 00 00  	<unknown>
		...
    1e14: 80 00 00 00  	sll	$zero, $zero, 0x2 <.pdr+0x2>
    1e18: 1d 00 00 00  	<unknown>
    1e1c: 1f 00 00 00  	<unknown>
		...
    1e34: 10 00 00 00  	mfhi	$zero
    1e38: 1d 00 00 00  	<unknown>
    1e3c: 1f 00 00 00  	<unknown>
		...
    1e54: 10 00 00 00  	mfhi	$zero
    1e58: 1d 00 00 00  	<unknown>
    1e5c: 1f 00 00 00  	<unknown>
		...
    1e74: 08 00 00 00  	jr	$zero
    1e78: 1d 00 00 00  	<unknown>
    1e7c: 1f 00 00 00  	<unknown>
		...
    1e94: 28 00 00 00  	<unknown>
    1e98: 1d 00 00 00  	<unknown>
    1e9c: 1f 00 00 00  	<unknown>
		...
    1eb4: 28 00 00 00  	<unknown>
    1eb8: 1d 00 00 00  	<unknown>
    1ebc: 1f 00 00 00  	<unknown>
    1ec0: 00 00 00 00  	nop <.pdr>
    1ec4: 00 00 00 80  	lb	$zero, 0x0($zero)
    1ec8: fc ff ff ff  	<unknown>
		...
    1ed4: 18 00 00 00  	mult	$zero, $zero
    1ed8: 1d 00 00 00  	<unknown>
    1edc: 1f 00 00 00  	<unknown>
		...
    1ef4: 78 00 00 00  	<unknown>
    1ef8: 1d 00 00 00  	<unknown>
    1efc: 1f 00 00 00  	<unknown>
		...
    1f18: 1d 00 00 00  	<unknown>
    1f1c: 1f 00 00 00  	<unknown>
    1f20: 00 00 00 00  	nop <.pdr>
    1f24: 00 00 00 80  	lb	$zero, 0x0($zero)
    1f28: fc ff ff ff  	<unknown>
		...
    1f34: 38 00 00 00  	<unknown>
    1f38: 1d 00 00 00  	<unknown>
    1f3c: 1f 00 00 00  	<unknown>
		...
    1f58: 1d 00 00 00  	<unknown>
    1f5c: 1f 00 00 00  	<unknown>
		...
    1f78: 1d 00 00 00  	<unknown>
    1f7c: 1f 00 00 00  	<unknown>
		...
    1f98: 1d 00 00 00  	<unknown>
    1f9c: 1f 00 00 00  	<unknown>
    1fa0: 00 00 00 00  	nop <.pdr>
    1fa4: 00 00 3f 80  	lb	$ra, 0x0($1)
    1fa8: fc ff ff ff  	<unknown>
		...
    1fb4: 60 00 00 00  	<unknown>
    1fb8: 1d 00 00 00  	<unknown>
    1fbc: 1f 00 00 00  	<unknown>
		...
    1fd4: 10 00 00 00  	mfhi	$zero
    1fd8: 1d 00 00 00  	<unknown>
    1fdc: 1f 00 00 00  	<unknown>
		...
    1ff4: 10 00 00 00  	mfhi	$zero
    1ff8: 1d 00 00 00  	<unknown>
    1ffc: 1f 00 00 00  	<unknown>
		...
    2014: 10 00 00 00  	mfhi	$zero
    2018: 1d 00 00 00  	<unknown>
    201c: 1f 00 00 00  	<unknown>
		...
    2034: 10 00 00 00  	mfhi	$zero
    2038: 1d 00 00 00  	<unknown>
    203c: 1f 00 00 00  	<unknown>
		...
    2054: 10 00 00 00  	mfhi	$zero
    2058: 1d 00 00 00  	<unknown>
    205c: 1f 00 00 00  	<unknown>
		...
    2074: 10 00 00 00  	mfhi	$zero
    2078: 1d 00 00 00  	<unknown>
    207c: 1f 00 00 00  	<unknown>
		...
    2094: 10 00 00 00  	mfhi	$zero
    2098: 1d 00 00 00  	<unknown>
    209c: 1f 00 00 00  	<unknown>
		...
    20b4: 10 00 00 00  	mfhi	$zero
    20b8: 1d 00 00 00  	<unknown>
    20bc: 1f 00 00 00  	<unknown>
		...
    20d4: 10 00 00 00  	mfhi	$zero
    20d8: 1d 00 00 00  	<unknown>
    20dc: 1f 00 00 00  	<unknown>
    20e0: 00 00 00 00  	nop <.pdr>
    20e4: 00 00 0f 80  	lb	$15, 0x0($zero)
    20e8: fc ff ff ff  	<unknown>
		...
    20f4: 28 00 00 00  	<unknown>
    20f8: 1d 00 00 00  	<unknown>
    20fc: 1f 00 00 00  	<unknown>
		...
    2114: 10 00 00 00  	mfhi	$zero
    2118: 1d 00 00 00  	<unknown>
    211c: 1f 00 00 00  	<unknown>
    2120: 00 00 00 00  	nop <.pdr>
    2124: 00 00 0f 00  	sll	$zero, $15, 0x0 <.pdr>
    2128: fc ff ff ff  	<unknown>
		...
    2134: 28 00 00 00  	<unknown>
    2138: 1d 00 00 00  	<unknown>
    213c: 1f 00 00 00  	<unknown>
		...
    2154: 10 00 00 00  	mfhi	$zero
    2158: 1d 00 00 00  	<unknown>
    215c: 1f 00 00 00  	<unknown>
    2160: 00 00 00 00  	nop <.pdr>
    2164: 00 00 ff c0  	ll	$ra, 0x0($7)
    2168: fc ff ff ff  	<unknown>
		...
    2174: 38 00 00 00  	<unknown>
    2178: 1d 00 00 00  	<unknown>
    217c: 1f 00 00 00  	<unknown>
    2180: 00 00 00 00  	nop <.pdr>
    2184: 00 00 00 80  	lb	$zero, 0x0($zero)
    2188: fc ff ff ff  	<unknown>
		...
    2194: 18 00 00 00  	mult	$zero, $zero
    2198: 1d 00 00 00  	<unknown>
    219c: 1f 00 00 00  	<unknown>
		...
    21b4: 10 00 00 00  	mfhi	$zero
    21b8: 1d 00 00 00  	<unknown>
    21bc: 1f 00 00 00  	<unknown>
		...
    21d4: 10 00 00 00  	mfhi	$zero
    21d8: 1d 00 00 00  	<unknown>
    21dc: 1f 00 00 00  	<unknown>
    21e0: 00 00 00 00  	nop <.pdr>
    21e4: 00 00 ff c0  	ll	$ra, 0x0($7)
    21e8: fc ff ff ff  	<unknown>
		...
    21f4: a0 00 00 00  	<unknown>
    21f8: 1d 00 00 00  	<unknown>
    21fc: 1f 00 00 00  	<unknown>
    2200: 00 00 00 00  	nop <.pdr>
    2204: 00 00 00 80  	lb	$zero, 0x0($zero)
    2208: fc ff ff ff  	<unknown>
		...
    2214: 18 00 00 00  	mult	$zero, $zero
    2218: 1d 00 00 00  	<unknown>
    221c: 1f 00 00 00  	<unknown>
    2220: 00 00 00 00  	nop <.pdr>
    2224: 00 00 00 80  	lb	$zero, 0x0($zero)
    2228: fc ff ff ff  	<unknown>
		...
    2234: 18 00 00 00  	mult	$zero, $zero
    2238: 1d 00 00 00  	<unknown>
    223c: 1f 00 00 00  	<unknown>
    2240: 00 00 00 00  	nop <.pdr>
    2244: 00 00 01 80  	lb	$1, 0x0($zero)
    2248: fc ff ff ff  	<unknown>
		...
    2254: 20 00 00 00  	add	$zero, $zero, $zero
    2258: 1d 00 00 00  	<unknown>
    225c: 1f 00 00 00  	<unknown>
    2260: 00 00 00 00  	nop <.pdr>
    2264: 00 00 01 80  	lb	$1, 0x0($zero)
    2268: fc ff ff ff  	<unknown>
		...
    2274: 28 00 00 00  	<unknown>
    2278: 1d 00 00 00  	<unknown>
    227c: 1f 00 00 00  	<unknown>
    2280: 00 00 00 00  	nop <.pdr>
    2284: 00 00 01 80  	lb	$1, 0x0($zero)
    2288: fc ff ff ff  	<unknown>
		...
    2294: 30 00 00 00  	tge	$zero, $zero <.pdr>
    2298: 1d 00 00 00  	<unknown>
    229c: 1f 00 00 00  	<unknown>
    22a0: 00 00 00 00  	nop <.pdr>
    22a4: 00 00 01 80  	lb	$1, 0x0($zero)
    22a8: fc ff ff ff  	<unknown>
		...
    22b4: 20 00 00 00  	add	$zero, $zero, $zero
    22b8: 1d 00 00 00  	<unknown>
    22bc: 1f 00 00 00  	<unknown>
    22c0: 00 00 00 00  	nop <.pdr>
    22c4: 00 00 00 80  	lb	$zero, 0x0($zero)
    22c8: fc ff ff ff  	<unknown>
		...
    22d4: 18 00 00 00  	mult	$zero, $zero
    22d8: 1d 00 00 00  	<unknown>
    22dc: 1f 00 00 00  	<unknown>
    22e0: 00 00 00 00  	nop <.pdr>
    22e4: 00 00 00 80  	lb	$zero, 0x0($zero)
    22e8: fc ff ff ff  	<unknown>
		...
    22f4: 18 00 00 00  	mult	$zero, $zero
    22f8: 1d 00 00 00  	<unknown>
    22fc: 1f 00 00 00  	<unknown>
    2300: 00 00 00 00  	nop <.pdr>
    2304: 00 00 01 80  	lb	$1, 0x0($zero)
    2308: fc ff ff ff  	<unknown>
		...
    2314: 20 00 00 00  	add	$zero, $zero, $zero
    2318: 1d 00 00 00  	<unknown>
    231c: 1f 00 00 00  	<unknown>
    2320: 00 00 00 00  	nop <.pdr>
    2324: 00 00 01 80  	lb	$1, 0x0($zero)
    2328: fc ff ff ff  	<unknown>
		...
    2334: 28 00 00 00  	<unknown>
    2338: 1d 00 00 00  	<unknown>
    233c: 1f 00 00 00  	<unknown>
    2340: 00 00 00 00  	nop <.pdr>
    2344: 00 00 01 80  	lb	$1, 0x0($zero)
    2348: fc ff ff ff  	<unknown>
		...
    2354: 30 00 00 00  	tge	$zero, $zero <.pdr>
    2358: 1d 00 00 00  	<unknown>
    235c: 1f 00 00 00  	<unknown>
    2360: 00 00 00 00  	nop <.pdr>
    2364: 00 00 01 80  	lb	$1, 0x0($zero)
    2368: fc ff ff ff  	<unknown>
		...
    2374: 20 00 00 00  	add	$zero, $zero, $zero
    2378: 1d 00 00 00  	<unknown>
    237c: 1f 00 00 00  	<unknown>
		...
    2394: 10 00 00 00  	mfhi	$zero
    2398: 1d 00 00 00  	<unknown>
    239c: 1f 00 00 00  	<unknown>
		...
    23b4: 48 00 00 00  	<unknown>
    23b8: 1d 00 00 00  	<unknown>
    23bc: 1f 00 00 00  	<unknown>
		...
    23d4: 38 00 00 00  	<unknown>
    23d8: 1d 00 00 00  	<unknown>
    23dc: 1f 00 00 00  	<unknown>
		...
    23f4: 38 00 00 00  	<unknown>
    23f8: 1d 00 00 00  	<unknown>
    23fc: 1f 00 00 00  	<unknown>
    2400: 00 00 00 00  	nop <.pdr>
    2404: 00 00 03 00  	sll	$zero, $3, 0x0 <.pdr>
    2408: fc ff ff ff  	<unknown>
		...
    2414: 50 00 00 00  	<unknown>
    2418: 1d 00 00 00  	<unknown>
    241c: 1f 00 00 00  	<unknown>
		...
    2434: 38 00 00 00  	<unknown>
    2438: 1d 00 00 00  	<unknown>
    243c: 1f 00 00 00  	<unknown>
		...
    2454: 38 00 00 00  	<unknown>
    2458: 1d 00 00 00  	<unknown>
    245c: 1f 00 00 00  	<unknown>
		...
    2474: 38 00 00 00  	<unknown>
    2478: 1d 00 00 00  	<unknown>
    247c: 1f 00 00 00  	<unknown>
		...
    2494: 48 00 00 00  	<unknown>
    2498: 1d 00 00 00  	<unknown>
    249c: 1f 00 00 00  	<unknown>
		...
    24b4: 38 00 00 00  	<unknown>
    24b8: 1d 00 00 00  	<unknown>
    24bc: 1f 00 00 00  	<unknown>
		...
    24d4: 48 00 00 00  	<unknown>
    24d8: 1d 00 00 00  	<unknown>
    24dc: 1f 00 00 00  	<unknown>
    24e0: 00 00 00 00  	nop <.pdr>
    24e4: 00 00 00 80  	lb	$zero, 0x0($zero)
    24e8: fc ff ff ff  	<unknown>
		...
    24f4: 18 00 00 00  	mult	$zero, $zero
    24f8: 1d 00 00 00  	<unknown>
    24fc: 1f 00 00 00  	<unknown>
    2500: 00 00 00 00  	nop <.pdr>
    2504: 00 00 00 80  	lb	$zero, 0x0($zero)
    2508: fc ff ff ff  	<unknown>
		...
    2514: 18 00 00 00  	mult	$zero, $zero
    2518: 1d 00 00 00  	<unknown>
    251c: 1f 00 00 00  	<unknown>
    2520: 00 00 00 00  	nop <.pdr>
    2524: 00 00 01 80  	lb	$1, 0x0($zero)
    2528: fc ff ff ff  	<unknown>
		...
    2534: 18 00 00 00  	mult	$zero, $zero
    2538: 1d 00 00 00  	<unknown>
    253c: 1f 00 00 00  	<unknown>
    2540: 00 00 00 00  	nop <.pdr>
    2544: 00 00 01 80  	lb	$1, 0x0($zero)
    2548: fc ff ff ff  	<unknown>
		...
    2554: 18 00 00 00  	mult	$zero, $zero
    2558: 1d 00 00 00  	<unknown>
    255c: 1f 00 00 00  	<unknown>
    2560: 00 00 00 00  	nop <.pdr>
    2564: 00 00 01 80  	lb	$1, 0x0($zero)
    2568: fc ff ff ff  	<unknown>
		...
    2574: 18 00 00 00  	mult	$zero, $zero
    2578: 1d 00 00 00  	<unknown>
    257c: 1f 00 00 00  	<unknown>
    2580: 00 00 00 00  	nop <.pdr>
    2584: 00 00 00 80  	lb	$zero, 0x0($zero)
    2588: fc ff ff ff  	<unknown>
		...
    2594: 18 00 00 00  	mult	$zero, $zero
    2598: 1d 00 00 00  	<unknown>
    259c: 1f 00 00 00  	<unknown>
    25a0: 00 00 00 00  	nop <.pdr>
    25a4: 00 00 00 80  	lb	$zero, 0x0($zero)
    25a8: fc ff ff ff  	<unknown>
		...
    25b4: 18 00 00 00  	mult	$zero, $zero
    25b8: 1d 00 00 00  	<unknown>
    25bc: 1f 00 00 00  	<unknown>
    25c0: 00 00 00 00  	nop <.pdr>
    25c4: 00 00 01 80  	lb	$1, 0x0($zero)
    25c8: fc ff ff ff  	<unknown>
		...
    25d4: 18 00 00 00  	mult	$zero, $zero
    25d8: 1d 00 00 00  	<unknown>
    25dc: 1f 00 00 00  	<unknown>
    25e0: 00 00 00 00  	nop <.pdr>
    25e4: 00 00 01 80  	lb	$1, 0x0($zero)
    25e8: fc ff ff ff  	<unknown>
		...
    25f4: 18 00 00 00  	mult	$zero, $zero
    25f8: 1d 00 00 00  	<unknown>
    25fc: 1f 00 00 00  	<unknown>
    2600: 00 00 00 00  	nop <.pdr>
    2604: 00 00 01 80  	lb	$1, 0x0($zero)
    2608: fc ff ff ff  	<unknown>
		...
    2614: 18 00 00 00  	mult	$zero, $zero
    2618: 1d 00 00 00  	<unknown>
    261c: 1f 00 00 00  	<unknown>
		...
    2638: 1d 00 00 00  	<unknown>
    263c: 1f 00 00 00  	<unknown>
    2640: 00 00 00 00  	nop <.pdr>
    2644: 00 00 00 80  	lb	$zero, 0x0($zero)
    2648: fc ff ff ff  	<unknown>
		...
    2654: 18 00 00 00  	mult	$zero, $zero
    2658: 1d 00 00 00  	<unknown>
    265c: 1f 00 00 00  	<unknown>
    2660: 00 00 00 00  	nop <.pdr>
    2664: 00 00 01 80  	lb	$1, 0x0($zero)
    2668: fc ff ff ff  	<unknown>
		...
    2674: 18 00 00 00  	mult	$zero, $zero
    2678: 1d 00 00 00  	<unknown>
    267c: 1f 00 00 00  	<unknown>
    2680: 00 00 00 00  	nop <.pdr>
    2684: 00 00 01 80  	lb	$1, 0x0($zero)
    2688: fc ff ff ff  	<unknown>
		...
    2694: 18 00 00 00  	mult	$zero, $zero
    2698: 1d 00 00 00  	<unknown>
    269c: 1f 00 00 00  	<unknown>
    26a0: 00 00 00 00  	nop <.pdr>
    26a4: 00 00 01 80  	lb	$1, 0x0($zero)
    26a8: fc ff ff ff  	<unknown>
		...
    26b4: 18 00 00 00  	mult	$zero, $zero
    26b8: 1d 00 00 00  	<unknown>
    26bc: 1f 00 00 00  	<unknown>
		...
    26d8: 1d 00 00 00  	<unknown>
    26dc: 1f 00 00 00  	<unknown>
		...
    26f8: 1d 00 00 00  	<unknown>
    26fc: 1f 00 00 00  	<unknown>
		...
    2718: 1d 00 00 00  	<unknown>
    271c: 1f 00 00 00  	<unknown>
		...
    2738: 1d 00 00 00  	<unknown>
    273c: 1f 00 00 00  	<unknown>
		...
    2754: 10 00 00 00  	mfhi	$zero
    2758: 1d 00 00 00  	<unknown>
    275c: 1f 00 00 00  	<unknown>
    2760: 00 00 00 00  	nop <.pdr>
    2764: 00 00 03 80  	lb	$3, 0x0($zero)
    2768: fc ff ff ff  	<unknown>
		...
    2774: 38 00 00 00  	<unknown>
    2778: 1d 00 00 00  	<unknown>
    277c: 1f 00 00 00  	<unknown>
		...
    2794: 28 00 00 00  	<unknown>
    2798: 1d 00 00 00  	<unknown>
    279c: 1f 00 00 00  	<unknown>
		...
    27b8: 1d 00 00 00  	<unknown>
    27bc: 1f 00 00 00  	<unknown>
    27c0: 00 00 00 00  	nop <.pdr>
    27c4: 00 00 03 80  	lb	$3, 0x0($zero)
    27c8: fc ff ff ff  	<unknown>
		...
    27d4: 20 00 00 00  	add	$zero, $zero, $zero
    27d8: 1d 00 00 00  	<unknown>
    27dc: 1f 00 00 00  	<unknown>
		...
    27f8: 1d 00 00 00  	<unknown>
    27fc: 1f 00 00 00  	<unknown>
		...
    2818: 1d 00 00 00  	<unknown>
    281c: 1f 00 00 00  	<unknown>
    2820: 00 00 00 00  	nop <.pdr>
    2824: 00 00 03 80  	lb	$3, 0x0($zero)
    2828: fc ff ff ff  	<unknown>
		...
    2834: 20 00 00 00  	add	$zero, $zero, $zero
    2838: 1d 00 00 00  	<unknown>
    283c: 1f 00 00 00  	<unknown>
    2840: 00 00 00 00  	nop <.pdr>
    2844: 00 00 07 80  	lb	$7, 0x0($zero)
    2848: fc ff ff ff  	<unknown>
		...
    2854: 20 00 00 00  	add	$zero, $zero, $zero
    2858: 1d 00 00 00  	<unknown>
    285c: 1f 00 00 00  	<unknown>
    2860: 00 00 00 00  	nop <.pdr>
    2864: 00 00 00 80  	lb	$zero, 0x0($zero)
    2868: fc ff ff ff  	<unknown>
		...
    2874: 18 00 00 00  	mult	$zero, $zero
    2878: 1d 00 00 00  	<unknown>
    287c: 1f 00 00 00  	<unknown>
    2880: 00 00 00 00  	nop <.pdr>
    2884: 00 00 00 80  	lb	$zero, 0x0($zero)
    2888: fc ff ff ff  	<unknown>
		...
    2894: 38 00 00 00  	<unknown>
    2898: 1d 00 00 00  	<unknown>
    289c: 1f 00 00 00  	<unknown>
		...
    28b8: 1d 00 00 00  	<unknown>
    28bc: 1f 00 00 00  	<unknown>
		...
    28d8: 1d 00 00 00  	<unknown>
    28dc: 1f 00 00 00  	<unknown>
		...
    28f8: 1d 00 00 00  	<unknown>
    28fc: 1f 00 00 00  	<unknown>
		...
    2918: 1d 00 00 00  	<unknown>
    291c: 1f 00 00 00  	<unknown>
    2920: 00 00 00 00  	nop <.pdr>
    2924: 00 00 00 80  	lb	$zero, 0x0($zero)
    2928: fc ff ff ff  	<unknown>
		...
    2934: 48 00 00 00  	<unknown>
    2938: 1d 00 00 00  	<unknown>
    293c: 1f 00 00 00  	<unknown>
    2940: 00 00 00 00  	nop <.pdr>
    2944: 00 00 0f 80  	lb	$15, 0x0($zero)
    2948: fc ff ff ff  	<unknown>
		...
    2954: b0 00 00 00  	tge	$zero, $zero, 0x2 <.pdr+0x2>
    2958: 1d 00 00 00  	<unknown>
    295c: 1f 00 00 00  	<unknown>
		...
    2974: 10 00 00 00  	mfhi	$zero
    2978: 1d 00 00 00  	<unknown>
    297c: 1f 00 00 00  	<unknown>
		...
    2994: 10 00 00 00  	mfhi	$zero
    2998: 1d 00 00 00  	<unknown>
    299c: 1f 00 00 00  	<unknown>
    29a0: 00 00 00 00  	nop <.pdr>
    29a4: 00 00 03 80  	lb	$3, 0x0($zero)
    29a8: fc ff ff ff  	<unknown>
		...
    29b4: 20 00 00 00  	add	$zero, $zero, $zero
    29b8: 1d 00 00 00  	<unknown>
    29bc: 1f 00 00 00  	<unknown>
    29c0: 00 00 00 00  	nop <.pdr>
    29c4: 00 00 01 80  	lb	$1, 0x0($zero)
    29c8: fc ff ff ff  	<unknown>
		...
    29d4: 18 00 00 00  	mult	$zero, $zero
    29d8: 1d 00 00 00  	<unknown>
    29dc: 1f 00 00 00  	<unknown>
		...
    29f4: 10 00 00 00  	mfhi	$zero
    29f8: 1d 00 00 00  	<unknown>
    29fc: 1f 00 00 00  	<unknown>
		...
    2a14: 10 00 00 00  	mfhi	$zero
    2a18: 1d 00 00 00  	<unknown>
    2a1c: 1f 00 00 00  	<unknown>
		...
    2a34: 10 00 00 00  	mfhi	$zero
    2a38: 1d 00 00 00  	<unknown>
    2a3c: 1f 00 00 00  	<unknown>
		...
    2a54: 10 00 00 00  	mfhi	$zero
    2a58: 1d 00 00 00  	<unknown>
    2a5c: 1f 00 00 00  	<unknown>
		...
    2a74: 10 00 00 00  	mfhi	$zero
    2a78: 1d 00 00 00  	<unknown>
    2a7c: 1f 00 00 00  	<unknown>
		...
    2a94: 10 00 00 00  	mfhi	$zero
    2a98: 1d 00 00 00  	<unknown>
    2a9c: 1f 00 00 00  	<unknown>
		...
    2ab4: 10 00 00 00  	mfhi	$zero
    2ab8: 1d 00 00 00  	<unknown>
    2abc: 1f 00 00 00  	<unknown>
		...
    2ad4: 10 00 00 00  	mfhi	$zero
    2ad8: 1d 00 00 00  	<unknown>
    2adc: 1f 00 00 00  	<unknown>
    2ae0: 00 00 00 00  	nop <.pdr>
    2ae4: 00 00 1f 80  	lb	$ra, 0x0($zero)
    2ae8: fc ff ff ff  	<unknown>
		...
    2af4: 28 00 00 00  	<unknown>
    2af8: 1d 00 00 00  	<unknown>
    2afc: 1f 00 00 00  	<unknown>
		...
    2b14: 10 00 00 00  	mfhi	$zero
    2b18: 1d 00 00 00  	<unknown>
    2b1c: 1f 00 00 00  	<unknown>
    2b20: 00 00 00 00  	nop <.pdr>
    2b24: 00 00 07 80  	lb	$7, 0x0($zero)
    2b28: fc ff ff ff  	<unknown>
		...
    2b34: c0 00 00 00  	ehb
    2b38: 1d 00 00 00  	<unknown>
    2b3c: 1f 00 00 00  	<unknown>
    2b40: 00 00 00 00  	nop <.pdr>
    2b44: 00 00 01 00  	sll	$zero, $1, 0x0 <.pdr>
    2b48: fc ff ff ff  	<unknown>
		...
    2b54: 18 00 00 00  	mult	$zero, $zero
    2b58: 1d 00 00 00  	<unknown>
    2b5c: 1f 00 00 00  	<unknown>
    2b60: 00 00 00 00  	nop <.pdr>
    2b64: 00 00 3f 80  	lb	$ra, 0x0($1)
    2b68: fc ff ff ff  	<unknown>
		...
    2b74: 30 00 00 00  	tge	$zero, $zero <.pdr>
    2b78: 1d 00 00 00  	<unknown>
    2b7c: 1f 00 00 00  	<unknown>
    2b80: 00 00 00 00  	nop <.pdr>
    2b84: 00 00 ff c0  	ll	$ra, 0x0($7)
    2b88: fc ff ff ff  	<unknown>
		...
    2b94: 40 00 00 00  	ssnop
    2b98: 1d 00 00 00  	<unknown>
    2b9c: 1f 00 00 00  	<unknown>
    2ba0: 00 00 00 00  	nop <.pdr>
    2ba4: 00 00 00 80  	lb	$zero, 0x0($zero)
    2ba8: fc ff ff ff  	<unknown>
		...
    2bb4: 18 00 00 00  	mult	$zero, $zero
    2bb8: 1d 00 00 00  	<unknown>
    2bbc: 1f 00 00 00  	<unknown>
		...
    2bd4: 10 00 00 00  	mfhi	$zero
    2bd8: 1d 00 00 00  	<unknown>
    2bdc: 1f 00 00 00  	<unknown>
		...
    2bf4: 10 00 00 00  	mfhi	$zero
    2bf8: 1d 00 00 00  	<unknown>
    2bfc: 1f 00 00 00  	<unknown>
    2c00: 00 00 00 00  	nop <.pdr>
    2c04: 00 00 ff c0  	ll	$ra, 0x0($7)
    2c08: fc ff ff ff  	<unknown>
		...
    2c14: a0 00 00 00  	<unknown>
    2c18: 1d 00 00 00  	<unknown>
    2c1c: 1f 00 00 00  	<unknown>
		...
    2c34: 10 00 00 00  	mfhi	$zero
    2c38: 1d 00 00 00  	<unknown>
    2c3c: 1f 00 00 00  	<unknown>
		...
    2c54: 10 00 00 00  	mfhi	$zero
    2c58: 1d 00 00 00  	<unknown>
    2c5c: 1f 00 00 00  	<unknown>
		...
    2c78: 1d 00 00 00  	<unknown>
    2c7c: 1f 00 00 00  	<unknown>
    2c80: 00 00 00 00  	nop <.pdr>
    2c84: 00 00 1f 00  	sll	$zero, $ra, 0x0 <.pdr>
    2c88: fc ff ff ff  	<unknown>
		...
    2c94: 28 00 00 00  	<unknown>
    2c98: 1d 00 00 00  	<unknown>
    2c9c: 1f 00 00 00  	<unknown>
    2ca0: 00 00 00 00  	nop <.pdr>
    2ca4: 00 00 0f 00  	sll	$zero, $15, 0x0 <.pdr>
    2ca8: fc ff ff ff  	<unknown>
		...
    2cb4: 20 00 00 00  	add	$zero, $zero, $zero
    2cb8: 1d 00 00 00  	<unknown>
    2cbc: 1f 00 00 00  	<unknown>
    2cc0: 00 00 00 00  	nop <.pdr>
    2cc4: 00 00 1f 80  	lb	$ra, 0x0($zero)
    2cc8: fc ff ff ff  	<unknown>
		...
    2cd4: 38 03 00 00  	<unknown>
    2cd8: 1d 00 00 00  	<unknown>
    2cdc: 1f 00 00 00  	<unknown>
    2ce0: 00 00 00 00  	nop <.pdr>
    2ce4: 00 00 ff c0  	ll	$ra, 0x0($7)
    2ce8: fc ff ff ff  	<unknown>
		...
    2cf4: 40 00 00 00  	ssnop
    2cf8: 1d 00 00 00  	<unknown>
    2cfc: 1f 00 00 00  	<unknown>
		...
    2d18: 1d 00 00 00  	<unknown>
    2d1c: 1f 00 00 00  	<unknown>
		...
    2d38: 1d 00 00 00  	<unknown>
    2d3c: 1f 00 00 00  	<unknown>
		...
    2d54: 28 00 00 00  	<unknown>
    2d58: 1d 00 00 00  	<unknown>
    2d5c: 1f 00 00 00  	<unknown>
		...
    2d74: 28 00 00 00  	<unknown>
    2d78: 1d 00 00 00  	<unknown>
    2d7c: 1f 00 00 00  	<unknown>
		...
    2d94: 28 00 00 00  	<unknown>
    2d98: 1d 00 00 00  	<unknown>
    2d9c: 1f 00 00 00  	<unknown>
		...
    2db4: 28 00 00 00  	<unknown>
    2db8: 1d 00 00 00  	<unknown>
    2dbc: 1f 00 00 00  	<unknown>
		...
    2dd4: 28 00 00 00  	<unknown>
    2dd8: 1d 00 00 00  	<unknown>
    2ddc: 1f 00 00 00  	<unknown>
		...
    2df4: 28 00 00 00  	<unknown>
    2df8: 1d 00 00 00  	<unknown>
    2dfc: 1f 00 00 00  	<unknown>
		...
    2e14: 28 00 00 00  	<unknown>
    2e18: 1d 00 00 00  	<unknown>
    2e1c: 1f 00 00 00  	<unknown>
		...
    2e34: 28 00 00 00  	<unknown>
    2e38: 1d 00 00 00  	<unknown>
    2e3c: 1f 00 00 00  	<unknown>
    2e40: 00 00 00 00  	nop <.pdr>
    2e44: 00 00 03 80  	lb	$3, 0x0($zero)
    2e48: fc ff ff ff  	<unknown>
		...
    2e54: 20 00 00 00  	add	$zero, $zero, $zero
    2e58: 1d 00 00 00  	<unknown>
    2e5c: 1f 00 00 00  	<unknown>
    2e60: 00 00 00 00  	nop <.pdr>
    2e64: 00 00 00 80  	lb	$zero, 0x0($zero)
    2e68: fc ff ff ff  	<unknown>
		...
    2e74: 18 00 00 00  	mult	$zero, $zero
    2e78: 1d 00 00 00  	<unknown>
    2e7c: 1f 00 00 00  	<unknown>
    2e80: 00 00 00 00  	nop <.pdr>
    2e84: 00 00 00 80  	lb	$zero, 0x0($zero)
    2e88: fc ff ff ff  	<unknown>
		...
    2e94: 18 00 00 00  	mult	$zero, $zero
    2e98: 1d 00 00 00  	<unknown>
    2e9c: 1f 00 00 00  	<unknown>
    2ea0: 00 00 00 00  	nop <.pdr>
    2ea4: 00 00 00 80  	lb	$zero, 0x0($zero)
    2ea8: fc ff ff ff  	<unknown>
		...
    2eb4: 18 00 00 00  	mult	$zero, $zero
    2eb8: 1d 00 00 00  	<unknown>
    2ebc: 1f 00 00 00  	<unknown>
    2ec0: 00 00 00 00  	nop <.pdr>
    2ec4: 00 00 00 80  	lb	$zero, 0x0($zero)
    2ec8: fc ff ff ff  	<unknown>
		...
    2ed4: 18 00 00 00  	mult	$zero, $zero
    2ed8: 1d 00 00 00  	<unknown>
    2edc: 1f 00 00 00  	<unknown>
		...
    2ef4: 38 00 00 00  	<unknown>
    2ef8: 1d 00 00 00  	<unknown>
    2efc: 1f 00 00 00  	<unknown>
		...
    2f14: 38 00 00 00  	<unknown>
    2f18: 1d 00 00 00  	<unknown>
    2f1c: 1f 00 00 00  	<unknown>
		...
    2f38: 1d 00 00 00  	<unknown>
    2f3c: 1f 00 00 00  	<unknown>
		...
    2f58: 1d 00 00 00  	<unknown>
    2f5c: 1f 00 00 00  	<unknown>
		...
    2f78: 1d 00 00 00  	<unknown>
    2f7c: 1f 00 00 00  	<unknown>
		...
    2f94: 10 00 00 00  	mfhi	$zero
    2f98: 1d 00 00 00  	<unknown>
    2f9c: 1f 00 00 00  	<unknown>
		...
    2fb4: 08 00 00 00  	jr	$zero
    2fb8: 1d 00 00 00  	<unknown>
    2fbc: 1f 00 00 00  	<unknown>
		...
    2fd4: 30 00 00 00  	tge	$zero, $zero <.pdr>
    2fd8: 1d 00 00 00  	<unknown>
    2fdc: 1f 00 00 00  	<unknown>
		...
    2ff4: 10 00 00 00  	mfhi	$zero
    2ff8: 1d 00 00 00  	<unknown>
    2ffc: 1f 00 00 00  	<unknown>
    3000: 00 00 00 00  	nop <.pdr>
    3004: 00 00 07 80  	lb	$7, 0x0($zero)
    3008: fc ff ff ff  	<unknown>
		...
    3014: 20 00 00 00  	add	$zero, $zero, $zero
    3018: 1d 00 00 00  	<unknown>
    301c: 1f 00 00 00  	<unknown>
		...
    3034: 10 00 00 00  	mfhi	$zero
    3038: 1d 00 00 00  	<unknown>
    303c: 1f 00 00 00  	<unknown>
		...
    3054: 10 00 00 00  	mfhi	$zero
    3058: 1d 00 00 00  	<unknown>
    305c: 1f 00 00 00  	<unknown>
    3060: 00 00 00 00  	nop <.pdr>
    3064: 00 00 ff 80  	lb	$ra, 0x0($7)
    3068: fc ff ff ff  	<unknown>
		...
    3074: 78 00 00 00  	<unknown>
    3078: 1d 00 00 00  	<unknown>
    307c: 1f 00 00 00  	<unknown>
    3080: 00 00 00 00  	nop <.pdr>
    3084: 00 00 ff 80  	lb	$ra, 0x0($7)
    3088: fc ff ff ff  	<unknown>
		...
    3094: 78 00 00 00  	<unknown>
    3098: 1d 00 00 00  	<unknown>
    309c: 1f 00 00 00  	<unknown>
    30a0: 00 00 00 00  	nop <.pdr>
    30a4: 00 00 ff c0  	ll	$ra, 0x0($7)
    30a8: fc ff ff ff  	<unknown>
		...
    30b4: 88 00 00 00  	<unknown>
    30b8: 1d 00 00 00  	<unknown>
    30bc: 1f 00 00 00  	<unknown>
    30c0: 00 00 00 00  	nop <.pdr>
    30c4: 00 00 ff c0  	ll	$ra, 0x0($7)
    30c8: fc ff ff ff  	<unknown>
		...
    30d4: 88 00 00 00  	<unknown>
    30d8: 1d 00 00 00  	<unknown>
    30dc: 1f 00 00 00  	<unknown>
    30e0: 00 00 00 00  	nop <.pdr>
    30e4: 00 00 ff c0  	ll	$ra, 0x0($7)
    30e8: fc ff ff ff  	<unknown>
		...
    30f4: 80 00 00 00  	sll	$zero, $zero, 0x2 <.pdr+0x2>
    30f8: 1d 00 00 00  	<unknown>
    30fc: 1f 00 00 00  	<unknown>
    3100: 00 00 00 00  	nop <.pdr>
    3104: 00 00 ff c0  	ll	$ra, 0x0($7)
    3108: fc ff ff ff  	<unknown>
		...
    3114: 80 00 00 00  	sll	$zero, $zero, 0x2 <.pdr+0x2>
    3118: 1d 00 00 00  	<unknown>
    311c: 1f 00 00 00  	<unknown>
    3120: 00 00 00 00  	nop <.pdr>
    3124: 00 00 ff c0  	ll	$ra, 0x0($7)
    3128: fc ff ff ff  	<unknown>
		...
    3134: 78 00 00 00  	<unknown>
    3138: 1d 00 00 00  	<unknown>
    313c: 1f 00 00 00  	<unknown>
    3140: 00 00 00 00  	nop <.pdr>
    3144: 00 00 ff c0  	ll	$ra, 0x0($7)
    3148: fc ff ff ff  	<unknown>
		...
    3154: 78 00 00 00  	<unknown>
    3158: 1d 00 00 00  	<unknown>
    315c: 1f 00 00 00  	<unknown>
		...
    3178: 1d 00 00 00  	<unknown>
    317c: 1f 00 00 00  	<unknown>
		...
    3198: 1d 00 00 00  	<unknown>
    319c: 1f 00 00 00  	<unknown>
    31a0: 00 00 00 00  	nop <.pdr>
    31a4: 00 00 00 80  	lb	$zero, 0x0($zero)
    31a8: fc ff ff ff  	<unknown>
		...
    31b4: 18 00 00 00  	mult	$zero, $zero
    31b8: 1d 00 00 00  	<unknown>
    31bc: 1f 00 00 00  	<unknown>
    31c0: 00 00 00 00  	nop <.pdr>
    31c4: 00 00 00 80  	lb	$zero, 0x0($zero)
    31c8: fc ff ff ff  	<unknown>
		...
    31d4: 18 00 00 00  	mult	$zero, $zero
    31d8: 1d 00 00 00  	<unknown>
    31dc: 1f 00 00 00  	<unknown>
    31e0: 00 00 00 00  	nop <.pdr>
    31e4: 00 00 00 80  	lb	$zero, 0x0($zero)
    31e8: fc ff ff ff  	<unknown>
		...
    31f4: 18 00 00 00  	mult	$zero, $zero
    31f8: 1d 00 00 00  	<unknown>
    31fc: 1f 00 00 00  	<unknown>
    3200: 00 00 00 00  	nop <.pdr>
    3204: 00 00 00 80  	lb	$zero, 0x0($zero)
    3208: fc ff ff ff  	<unknown>
		...
    3214: 18 00 00 00  	mult	$zero, $zero
    3218: 1d 00 00 00  	<unknown>
    321c: 1f 00 00 00  	<unknown>
		...
    3234: 10 00 00 00  	mfhi	$zero
    3238: 1d 00 00 00  	<unknown>
    323c: 1f 00 00 00  	<unknown>
		...
    3254: 10 00 00 00  	mfhi	$zero
    3258: 1d 00 00 00  	<unknown>
    325c: 1f 00 00 00  	<unknown>
		...
    3278: 1d 00 00 00  	<unknown>
    327c: 1f 00 00 00  	<unknown>
    3280: 00 00 00 00  	nop <.pdr>
    3284: 00 00 03 80  	lb	$3, 0x0($zero)
    3288: fc ff ff ff  	<unknown>
		...
    3294: 38 00 00 00  	<unknown>
    3298: 1d 00 00 00  	<unknown>
    329c: 1f 00 00 00  	<unknown>
		...
    32b4: 28 00 00 00  	<unknown>
    32b8: 1d 00 00 00  	<unknown>
    32bc: 1f 00 00 00  	<unknown>
    32c0: 00 00 00 00  	nop <.pdr>
    32c4: 00 00 07 80  	lb	$7, 0x0($zero)
    32c8: fc ff ff ff  	<unknown>
		...
    32d4: c0 00 00 00  	ehb
    32d8: 1d 00 00 00  	<unknown>
    32dc: 1f 00 00 00  	<unknown>
    32e0: 00 00 00 00  	nop <.pdr>
    32e4: 00 00 ff c0  	ll	$ra, 0x0($7)
    32e8: fc ff ff ff  	<unknown>
		...
    32f4: 90 05 00 00  	<unknown>
    32f8: 1d 00 00 00  	<unknown>
    32fc: 1f 00 00 00  	<unknown>
    3300: 00 00 00 00  	nop <.pdr>
    3304: 00 00 ff c0  	ll	$ra, 0x0($7)
    3308: fc ff ff ff  	<unknown>
		...
    3314: 80 03 00 00  	sll	$zero, $zero, 0xe <.pdr+0xe>
    3318: 1d 00 00 00  	<unknown>
    331c: 1f 00 00 00  	<unknown>
    3320: 00 00 00 00  	nop <.pdr>
    3324: 00 00 00 80  	lb	$zero, 0x0($zero)
    3328: fc ff ff ff  	<unknown>
		...
    3334: 18 00 00 00  	mult	$zero, $zero
    3338: 1d 00 00 00  	<unknown>
    333c: 1f 00 00 00  	<unknown>
    3340: 00 00 00 00  	nop <.pdr>
    3344: 00 00 00 80  	lb	$zero, 0x0($zero)
    3348: fc ff ff ff  	<unknown>
		...
    3354: 18 00 00 00  	mult	$zero, $zero
    3358: 1d 00 00 00  	<unknown>
    335c: 1f 00 00 00  	<unknown>
    3360: 00 00 00 00  	nop <.pdr>
    3364: 00 00 00 80  	lb	$zero, 0x0($zero)
    3368: fc ff ff ff  	<unknown>
		...
    3374: 48 00 00 00  	<unknown>
    3378: 1d 00 00 00  	<unknown>
    337c: 1f 00 00 00  	<unknown>
		...
    3398: 1d 00 00 00  	<unknown>
    339c: 1f 00 00 00  	<unknown>
    33a0: 00 00 00 00  	nop <.pdr>
    33a4: 00 00 00 80  	lb	$zero, 0x0($zero)
    33a8: fc ff ff ff  	<unknown>
		...
    33b4: 18 00 00 00  	mult	$zero, $zero
    33b8: 1d 00 00 00  	<unknown>
    33bc: 1f 00 00 00  	<unknown>
    33c0: 00 00 00 00  	nop <.pdr>
    33c4: 00 00 00 80  	lb	$zero, 0x0($zero)
    33c8: fc ff ff ff  	<unknown>
		...
    33d4: 18 00 00 00  	mult	$zero, $zero
    33d8: 1d 00 00 00  	<unknown>
    33dc: 1f 00 00 00  	<unknown>
    33e0: 00 00 00 00  	nop <.pdr>
    33e4: 00 00 07 80  	lb	$7, 0x0($zero)
    33e8: fc ff ff ff  	<unknown>
		...
    33f4: 20 00 00 00  	add	$zero, $zero, $zero
    33f8: 1d 00 00 00  	<unknown>
    33fc: 1f 00 00 00  	<unknown>
    3400: 00 00 00 00  	nop <.pdr>
    3404: 00 00 07 80  	lb	$7, 0x0($zero)
    3408: fc ff ff ff  	<unknown>
		...
    3414: 20 00 00 00  	add	$zero, $zero, $zero
    3418: 1d 00 00 00  	<unknown>
    341c: 1f 00 00 00  	<unknown>
    3420: 00 00 00 00  	nop <.pdr>
    3424: 00 00 07 80  	lb	$7, 0x0($zero)
    3428: fc ff ff ff  	<unknown>
		...
    3434: 20 00 00 00  	add	$zero, $zero, $zero
    3438: 1d 00 00 00  	<unknown>
    343c: 1f 00 00 00  	<unknown>
    3440: 00 00 00 00  	nop <.pdr>
    3444: 00 00 07 80  	lb	$7, 0x0($zero)
    3448: fc ff ff ff  	<unknown>
		...
    3454: 20 00 00 00  	add	$zero, $zero, $zero
    3458: 1d 00 00 00  	<unknown>
    345c: 1f 00 00 00  	<unknown>
    3460: 00 00 00 00  	nop <.pdr>
    3464: 00 00 00 80  	lb	$zero, 0x0($zero)
    3468: fc ff ff ff  	<unknown>
		...
    3474: 18 00 00 00  	mult	$zero, $zero
    3478: 1d 00 00 00  	<unknown>
    347c: 1f 00 00 00  	<unknown>
    3480: 00 00 00 00  	nop <.pdr>
    3484: 00 00 07 80  	lb	$7, 0x0($zero)
    3488: fc ff ff ff  	<unknown>
		...
    3494: 28 00 00 00  	<unknown>
    3498: 1d 00 00 00  	<unknown>
    349c: 1f 00 00 00  	<unknown>
    34a0: 00 00 00 00  	nop <.pdr>
    34a4: 00 00 07 80  	lb	$7, 0x0($zero)
    34a8: fc ff ff ff  	<unknown>
		...
    34b4: 28 00 00 00  	<unknown>
    34b8: 1d 00 00 00  	<unknown>
    34bc: 1f 00 00 00  	<unknown>
    34c0: 00 00 00 00  	nop <.pdr>
    34c4: 00 00 07 80  	lb	$7, 0x0($zero)
    34c8: fc ff ff ff  	<unknown>
		...
    34d4: 28 00 00 00  	<unknown>
    34d8: 1d 00 00 00  	<unknown>
    34dc: 1f 00 00 00  	<unknown>
    34e0: 00 00 00 00  	nop <.pdr>
    34e4: 00 00 07 80  	lb	$7, 0x0($zero)
    34e8: fc ff ff ff  	<unknown>
		...
    34f4: 28 00 00 00  	<unknown>
    34f8: 1d 00 00 00  	<unknown>
    34fc: 1f 00 00 00  	<unknown>
    3500: 00 00 00 00  	nop <.pdr>
    3504: 00 00 00 80  	lb	$zero, 0x0($zero)
    3508: fc ff ff ff  	<unknown>
		...
    3514: 18 00 00 00  	mult	$zero, $zero
    3518: 1d 00 00 00  	<unknown>
    351c: 1f 00 00 00  	<unknown>
    3520: 00 00 00 00  	nop <.pdr>
    3524: 00 00 00 80  	lb	$zero, 0x0($zero)
    3528: fc ff ff ff  	<unknown>
		...
    3534: 18 00 00 00  	mult	$zero, $zero
    3538: 1d 00 00 00  	<unknown>
    353c: 1f 00 00 00  	<unknown>
    3540: 00 00 00 00  	nop <.pdr>
    3544: 00 00 00 80  	lb	$zero, 0x0($zero)
    3548: fc ff ff ff  	<unknown>
		...
    3554: 18 00 00 00  	mult	$zero, $zero
    3558: 1d 00 00 00  	<unknown>
    355c: 1f 00 00 00  	<unknown>
    3560: 00 00 00 00  	nop <.pdr>
    3564: 00 00 00 80  	lb	$zero, 0x0($zero)
    3568: fc ff ff ff  	<unknown>
		...
    3574: 18 00 00 00  	mult	$zero, $zero
    3578: 1d 00 00 00  	<unknown>
    357c: 1f 00 00 00  	<unknown>
    3580: 00 00 00 00  	nop <.pdr>
    3584: 00 00 00 80  	lb	$zero, 0x0($zero)
    3588: fc ff ff ff  	<unknown>
		...
    3594: a0 00 00 00  	<unknown>
    3598: 1d 00 00 00  	<unknown>
    359c: 1f 00 00 00  	<unknown>
    35a0: 00 00 00 00  	nop <.pdr>
    35a4: 00 00 00 80  	lb	$zero, 0x0($zero)
    35a8: fc ff ff ff  	<unknown>
		...
    35b4: a0 00 00 00  	<unknown>
    35b8: 1d 00 00 00  	<unknown>
    35bc: 1f 00 00 00  	<unknown>
    35c0: 00 00 00 00  	nop <.pdr>
    35c4: 00 00 00 80  	lb	$zero, 0x0($zero)
    35c8: fc ff ff ff  	<unknown>
		...
    35d4: a0 00 00 00  	<unknown>
    35d8: 1d 00 00 00  	<unknown>
    35dc: 1f 00 00 00  	<unknown>
    35e0: 00 00 00 00  	nop <.pdr>
    35e4: 00 00 00 80  	lb	$zero, 0x0($zero)
    35e8: fc ff ff ff  	<unknown>
		...
    35f4: a0 00 00 00  	<unknown>
    35f8: 1d 00 00 00  	<unknown>
    35fc: 1f 00 00 00  	<unknown>
    3600: 00 00 00 00  	nop <.pdr>
    3604: 00 00 00 80  	lb	$zero, 0x0($zero)
    3608: fc ff ff ff  	<unknown>
		...
    3614: a0 00 00 00  	<unknown>
    3618: 1d 00 00 00  	<unknown>
    361c: 1f 00 00 00  	<unknown>
    3620: 00 00 00 00  	nop <.pdr>
    3624: 00 00 00 80  	lb	$zero, 0x0($zero)
    3628: fc ff ff ff  	<unknown>
		...
    3634: a0 00 00 00  	<unknown>
    3638: 1d 00 00 00  	<unknown>
    363c: 1f 00 00 00  	<unknown>
    3640: 00 00 00 00  	nop <.pdr>
    3644: 00 00 00 80  	lb	$zero, 0x0($zero)
    3648: fc ff ff ff  	<unknown>
		...
    3654: a0 00 00 00  	<unknown>
    3658: 1d 00 00 00  	<unknown>
    365c: 1f 00 00 00  	<unknown>
    3660: 00 00 00 00  	nop <.pdr>
    3664: 00 00 00 80  	lb	$zero, 0x0($zero)
    3668: fc ff ff ff  	<unknown>
		...
    3674: a0 00 00 00  	<unknown>
    3678: 1d 00 00 00  	<unknown>
    367c: 1f 00 00 00  	<unknown>
		...
    3694: 10 00 00 00  	mfhi	$zero
    3698: 1d 00 00 00  	<unknown>
    369c: 1f 00 00 00  	<unknown>
		...
    36b8: 1d 00 00 00  	<unknown>
    36bc: 1f 00 00 00  	<unknown>
		...
    36d4: 28 00 00 00  	<unknown>
    36d8: 1d 00 00 00  	<unknown>
    36dc: 1f 00 00 00  	<unknown>
    36e0: 00 00 00 00  	nop <.pdr>
    36e4: 00 00 00 80  	lb	$zero, 0x0($zero)
    36e8: fc ff ff ff  	<unknown>
		...
    36f4: 18 00 00 00  	mult	$zero, $zero
    36f8: 1d 00 00 00  	<unknown>
    36fc: 1f 00 00 00  	<unknown>
    3700: 00 00 00 00  	nop <.pdr>
    3704: 00 00 07 80  	lb	$7, 0x0($zero)
    3708: fc ff ff ff  	<unknown>
		...
    3714: a8 00 00 00  	<unknown>
    3718: 1d 00 00 00  	<unknown>
    371c: 1f 00 00 00  	<unknown>
		...
    3738: 1d 00 00 00  	<unknown>
    373c: 1f 00 00 00  	<unknown>
		...
    3758: 1d 00 00 00  	<unknown>
    375c: 1f 00 00 00  	<unknown>
		...
    3778: 1d 00 00 00  	<unknown>
    377c: 1f 00 00 00  	<unknown>
		...
    3798: 1d 00 00 00  	<unknown>
    379c: 1f 00 00 00  	<unknown>
		...
    37b4: 20 00 00 00  	add	$zero, $zero, $zero
    37b8: 1d 00 00 00  	<unknown>
    37bc: 1f 00 00 00  	<unknown>
		...
    37d8: 1d 00 00 00  	<unknown>
    37dc: 1f 00 00 00  	<unknown>
		...
    37f8: 1d 00 00 00  	<unknown>
    37fc: 1f 00 00 00  	<unknown>
    3800: 00 00 00 00  	nop <.pdr>
    3804: 00 00 00 80  	lb	$zero, 0x0($zero)
    3808: fc ff ff ff  	<unknown>
		...
    3814: 18 00 00 00  	mult	$zero, $zero
    3818: 1d 00 00 00  	<unknown>
    381c: 1f 00 00 00  	<unknown>
		...
    3838: 1d 00 00 00  	<unknown>
    383c: 1f 00 00 00  	<unknown>
		...
    3858: 1d 00 00 00  	<unknown>
    385c: 1f 00 00 00  	<unknown>
    3860: 00 00 00 00  	nop <.pdr>
    3864: 00 00 00 80  	lb	$zero, 0x0($zero)
    3868: fc ff ff ff  	<unknown>
		...
    3874: 18 00 00 00  	mult	$zero, $zero
    3878: 1d 00 00 00  	<unknown>
    387c: 1f 00 00 00  	<unknown>
		...
    3898: 1d 00 00 00  	<unknown>
    389c: 1f 00 00 00  	<unknown>
		...
    38b8: 1d 00 00 00  	<unknown>
    38bc: 1f 00 00 00  	<unknown>
    38c0: 00 00 00 00  	nop <.pdr>
    38c4: 00 00 0f 80  	lb	$15, 0x0($zero)
    38c8: fc ff ff ff  	<unknown>
		...
    38d4: 28 00 00 00  	<unknown>
    38d8: 1d 00 00 00  	<unknown>
    38dc: 1f 00 00 00  	<unknown>
    38e0: 00 00 00 00  	nop <.pdr>
    38e4: 00 00 0f 80  	lb	$15, 0x0($zero)
    38e8: fc ff ff ff  	<unknown>
		...
    38f4: 28 00 00 00  	<unknown>
    38f8: 1d 00 00 00  	<unknown>
    38fc: 1f 00 00 00  	<unknown>
    3900: 00 00 00 00  	nop <.pdr>
    3904: 00 00 00 80  	lb	$zero, 0x0($zero)
    3908: fc ff ff ff  	<unknown>
		...
    3914: 18 00 00 00  	mult	$zero, $zero
    3918: 1d 00 00 00  	<unknown>
    391c: 1f 00 00 00  	<unknown>
    3920: 00 00 00 00  	nop <.pdr>
    3924: 00 00 07 80  	lb	$7, 0x0($zero)
    3928: fc ff ff ff  	<unknown>
		...
    3934: 38 00 00 00  	<unknown>
    3938: 1d 00 00 00  	<unknown>
    393c: 1f 00 00 00  	<unknown>
		...
    3954: 48 00 00 00  	<unknown>
    3958: 1d 00 00 00  	<unknown>
    395c: 1f 00 00 00  	<unknown>
		...
    3978: 1d 00 00 00  	<unknown>
    397c: 1f 00 00 00  	<unknown>
    3980: 00 00 00 00  	nop <.pdr>
    3984: 00 00 ff c0  	ll	$ra, 0x0($7)
    3988: fc ff ff ff  	<unknown>
		...
    3994: 58 00 00 00  	<unknown>
    3998: 1d 00 00 00  	<unknown>
    399c: 1f 00 00 00  	<unknown>
    39a0: 00 00 00 00  	nop <.pdr>
    39a4: 00 00 0f 80  	lb	$15, 0x0($zero)
    39a8: fc ff ff ff  	<unknown>
		...
    39b4: 28 00 00 00  	<unknown>
    39b8: 1d 00 00 00  	<unknown>
    39bc: 1f 00 00 00  	<unknown>
    39c0: 00 00 00 00  	nop <.pdr>
    39c4: 00 00 03 80  	lb	$3, 0x0($zero)
    39c8: fc ff ff ff  	<unknown>
		...
    39d4: 20 00 00 00  	add	$zero, $zero, $zero
    39d8: 1d 00 00 00  	<unknown>
    39dc: 1f 00 00 00  	<unknown>
    39e0: 00 00 00 00  	nop <.pdr>
    39e4: 00 00 7f 80  	lb	$ra, 0x0($3)
    39e8: fc ff ff ff  	<unknown>
		...
    39f4: 68 00 00 00  	<unknown>
    39f8: 1d 00 00 00  	<unknown>
    39fc: 1f 00 00 00  	<unknown>
    3a00: 00 00 00 00  	nop <.pdr>
    3a04: 00 00 03 80  	lb	$3, 0x0($zero)
    3a08: fc ff ff ff  	<unknown>
		...
    3a14: 30 00 00 00  	tge	$zero, $zero <.pdr>
    3a18: 1d 00 00 00  	<unknown>
    3a1c: 1f 00 00 00  	<unknown>
    3a20: 00 00 00 00  	nop <.pdr>
    3a24: 00 00 01 80  	lb	$1, 0x0($zero)
    3a28: fc ff ff ff  	<unknown>
		...
    3a34: 18 00 00 00  	mult	$zero, $zero
    3a38: 1d 00 00 00  	<unknown>
    3a3c: 1f 00 00 00  	<unknown>
    3a40: 00 00 00 00  	nop <.pdr>
    3a44: 00 00 07 80  	lb	$7, 0x0($zero)
    3a48: fc ff ff ff  	<unknown>
		...
    3a54: 20 00 00 00  	add	$zero, $zero, $zero
    3a58: 1d 00 00 00  	<unknown>
    3a5c: 1f 00 00 00  	<unknown>
    3a60: 00 00 00 00  	nop <.pdr>
    3a64: 00 00 3f 80  	lb	$ra, 0x0($1)
    3a68: fc ff ff ff  	<unknown>
		...
    3a74: 60 00 00 00  	<unknown>
    3a78: 1d 00 00 00  	<unknown>
    3a7c: 1f 00 00 00  	<unknown>
    3a80: 00 00 00 00  	nop <.pdr>
    3a84: 00 00 03 80  	lb	$3, 0x0($zero)
    3a88: fc ff ff ff  	<unknown>
		...
    3a94: 20 00 00 00  	add	$zero, $zero, $zero
    3a98: 1d 00 00 00  	<unknown>
    3a9c: 1f 00 00 00  	<unknown>
    3aa0: 00 00 00 00  	nop <.pdr>
    3aa4: 00 00 03 80  	lb	$3, 0x0($zero)
    3aa8: fc ff ff ff  	<unknown>
		...
    3ab4: 20 00 00 00  	add	$zero, $zero, $zero
    3ab8: 1d 00 00 00  	<unknown>
    3abc: 1f 00 00 00  	<unknown>
    3ac0: 00 00 00 00  	nop <.pdr>
    3ac4: 00 00 3f 80  	lb	$ra, 0x0($1)
    3ac8: fc ff ff ff  	<unknown>
		...
    3ad4: 60 00 00 00  	<unknown>
    3ad8: 1d 00 00 00  	<unknown>
    3adc: 1f 00 00 00  	<unknown>
    3ae0: 00 00 00 00  	nop <.pdr>
    3ae4: 00 00 00 80  	lb	$zero, 0x0($zero)
    3ae8: fc ff ff ff  	<unknown>
		...
    3af4: 18 00 00 00  	mult	$zero, $zero
    3af8: 1d 00 00 00  	<unknown>
    3afc: 1f 00 00 00  	<unknown>
    3b00: 00 00 00 00  	nop <.pdr>
    3b04: 00 00 03 80  	lb	$3, 0x0($zero)
    3b08: fc ff ff ff  	<unknown>
		...
    3b14: 20 00 00 00  	add	$zero, $zero, $zero
    3b18: 1d 00 00 00  	<unknown>
    3b1c: 1f 00 00 00  	<unknown>
    3b20: 00 00 00 00  	nop <.pdr>
    3b24: 00 00 7f 80  	lb	$ra, 0x0($3)
    3b28: fc ff ff ff  	<unknown>
		...
    3b34: 38 00 00 00  	<unknown>
    3b38: 1d 00 00 00  	<unknown>
    3b3c: 1f 00 00 00  	<unknown>
    3b40: 00 00 00 00  	nop <.pdr>
    3b44: 00 00 00 80  	lb	$zero, 0x0($zero)
    3b48: fc ff ff ff  	<unknown>
		...
    3b54: 18 00 00 00  	mult	$zero, $zero
    3b58: 1d 00 00 00  	<unknown>
    3b5c: 1f 00 00 00  	<unknown>
    3b60: 00 00 00 00  	nop <.pdr>
    3b64: 00 00 03 80  	lb	$3, 0x0($zero)
    3b68: fc ff ff ff  	<unknown>
		...
    3b74: 20 00 00 00  	add	$zero, $zero, $zero
    3b78: 1d 00 00 00  	<unknown>
    3b7c: 1f 00 00 00  	<unknown>
    3b80: 00 00 00 00  	nop <.pdr>
    3b84: 00 00 07 80  	lb	$7, 0x0($zero)
    3b88: fc ff ff ff  	<unknown>
		...
    3b94: 20 00 00 00  	add	$zero, $zero, $zero
    3b98: 1d 00 00 00  	<unknown>
    3b9c: 1f 00 00 00  	<unknown>
    3ba0: 00 00 00 00  	nop <.pdr>
    3ba4: 00 00 1f 80  	lb	$ra, 0x0($zero)
    3ba8: fc ff ff ff  	<unknown>
		...
    3bb4: 58 00 00 00  	<unknown>
    3bb8: 1d 00 00 00  	<unknown>
    3bbc: 1f 00 00 00  	<unknown>
    3bc0: 00 00 00 00  	nop <.pdr>
    3bc4: 00 00 03 80  	lb	$3, 0x0($zero)
    3bc8: fc ff ff ff  	<unknown>
		...
    3bd4: 50 00 00 00  	<unknown>
    3bd8: 1d 00 00 00  	<unknown>
    3bdc: 1f 00 00 00  	<unknown>
    3be0: 00 00 00 00  	nop <.pdr>
    3be4: 00 00 00 80  	lb	$zero, 0x0($zero)
    3be8: fc ff ff ff  	<unknown>
		...
    3bf4: 30 00 00 00  	tge	$zero, $zero <.pdr>
    3bf8: 1d 00 00 00  	<unknown>
    3bfc: 1f 00 00 00  	<unknown>
    3c00: 00 00 00 00  	nop <.pdr>
    3c04: 00 00 00 80  	lb	$zero, 0x0($zero)
    3c08: fc ff ff ff  	<unknown>
		...
    3c14: 18 00 00 00  	mult	$zero, $zero
    3c18: 1d 00 00 00  	<unknown>
    3c1c: 1f 00 00 00  	<unknown>
    3c20: 00 00 00 00  	nop <.pdr>
    3c24: 00 00 00 80  	lb	$zero, 0x0($zero)
    3c28: fc ff ff ff  	<unknown>
		...
    3c34: 40 00 00 00  	ssnop
    3c38: 1d 00 00 00  	<unknown>
    3c3c: 1f 00 00 00  	<unknown>
    3c40: 00 00 00 00  	nop <.pdr>
    3c44: 00 00 00 80  	lb	$zero, 0x0($zero)
    3c48: fc ff ff ff  	<unknown>
		...
    3c54: 18 00 00 00  	mult	$zero, $zero
    3c58: 1d 00 00 00  	<unknown>
    3c5c: 1f 00 00 00  	<unknown>
    3c60: 00 00 00 00  	nop <.pdr>
    3c64: 00 00 00 80  	lb	$zero, 0x0($zero)
    3c68: fc ff ff ff  	<unknown>
		...
    3c74: 18 00 00 00  	mult	$zero, $zero
    3c78: 1d 00 00 00  	<unknown>
    3c7c: 1f 00 00 00  	<unknown>
    3c80: 00 00 00 00  	nop <.pdr>
    3c84: 00 00 00 80  	lb	$zero, 0x0($zero)
    3c88: fc ff ff ff  	<unknown>
		...
    3c94: a0 00 00 00  	<unknown>
    3c98: 1d 00 00 00  	<unknown>
    3c9c: 1f 00 00 00  	<unknown>
		...
    3cb4: 10 00 00 00  	mfhi	$zero
    3cb8: 1d 00 00 00  	<unknown>
    3cbc: 1f 00 00 00  	<unknown>
		...
    3cd8: 1d 00 00 00  	<unknown>
    3cdc: 1f 00 00 00  	<unknown>
		...
    3cf8: 1d 00 00 00  	<unknown>
    3cfc: 1f 00 00 00  	<unknown>
		...
    3d14: 10 00 00 00  	mfhi	$zero
    3d18: 1d 00 00 00  	<unknown>
    3d1c: 1f 00 00 00  	<unknown>
    3d20: 00 00 00 00  	nop <.pdr>
    3d24: 00 00 ff c0  	ll	$ra, 0x0($7)
    3d28: fc ff ff ff  	<unknown>
		...
    3d34: 90 00 00 00  	<unknown>
    3d38: 1d 00 00 00  	<unknown>
    3d3c: 1f 00 00 00  	<unknown>
    3d40: 00 00 00 00  	nop <.pdr>
    3d44: 00 00 0f 80  	lb	$15, 0x0($zero)
    3d48: fc ff ff ff  	<unknown>
		...
    3d54: 30 00 00 00  	tge	$zero, $zero <.pdr>
    3d58: 1d 00 00 00  	<unknown>
    3d5c: 1f 00 00 00  	<unknown>
    3d60: 00 00 00 00  	nop <.pdr>
    3d64: 00 00 ff c0  	ll	$ra, 0x0($7)
    3d68: fc ff ff ff  	<unknown>
		...
    3d74: 38 00 00 00  	<unknown>
    3d78: 1d 00 00 00  	<unknown>
    3d7c: 1f 00 00 00  	<unknown>
    3d80: 00 00 00 00  	nop <.pdr>
    3d84: 00 00 ff 80  	lb	$ra, 0x0($7)
    3d88: fc ff ff ff  	<unknown>
		...
    3d94: 38 00 00 00  	<unknown>
    3d98: 1d 00 00 00  	<unknown>
    3d9c: 1f 00 00 00  	<unknown>
    3da0: 00 00 00 00  	nop <.pdr>
    3da4: 00 00 1f 80  	lb	$ra, 0x0($zero)
    3da8: fc ff ff ff  	<unknown>
		...
    3db4: 40 00 00 00  	ssnop
    3db8: 1d 00 00 00  	<unknown>
    3dbc: 1f 00 00 00  	<unknown>
		...
    3dd8: 1d 00 00 00  	<unknown>
    3ddc: 1f 00 00 00  	<unknown>
		...
    3df4: 10 00 00 00  	mfhi	$zero
    3df8: 1d 00 00 00  	<unknown>
    3dfc: 1f 00 00 00  	<unknown>
    3e00: 00 00 00 00  	nop <.pdr>
    3e04: 00 00 00 80  	lb	$zero, 0x0($zero)
    3e08: fc ff ff ff  	<unknown>
		...
    3e14: 18 00 00 00  	mult	$zero, $zero
    3e18: 1d 00 00 00  	<unknown>
    3e1c: 1f 00 00 00  	<unknown>
    3e20: 00 00 00 00  	nop <.pdr>
    3e24: 00 00 03 80  	lb	$3, 0x0($zero)
    3e28: fc ff ff ff  	<unknown>
		...
    3e34: 20 00 00 00  	add	$zero, $zero, $zero
    3e38: 1d 00 00 00  	<unknown>
    3e3c: 1f 00 00 00  	<unknown>
    3e40: 00 00 00 00  	nop <.pdr>
    3e44: 00 00 01 80  	lb	$1, 0x0($zero)
    3e48: fc ff ff ff  	<unknown>
		...
    3e54: 18 00 00 00  	mult	$zero, $zero
    3e58: 1d 00 00 00  	<unknown>
    3e5c: 1f 00 00 00  	<unknown>
    3e60: 00 00 00 00  	nop <.pdr>
    3e64: 00 00 01 80  	lb	$1, 0x0($zero)
    3e68: fc ff ff ff  	<unknown>
		...
    3e74: 30 00 00 00  	tge	$zero, $zero <.pdr>
    3e78: 1d 00 00 00  	<unknown>
    3e7c: 1f 00 00 00  	<unknown>
    3e80: 00 00 00 00  	nop <.pdr>
    3e84: 00 00 01 80  	lb	$1, 0x0($zero)
    3e88: fc ff ff ff  	<unknown>
		...
    3e94: 50 00 00 00  	<unknown>
    3e98: 1d 00 00 00  	<unknown>
    3e9c: 1f 00 00 00  	<unknown>
    3ea0: 00 00 00 00  	nop <.pdr>
    3ea4: 00 00 00 80  	lb	$zero, 0x0($zero)
    3ea8: fc ff ff ff  	<unknown>
		...
    3eb4: 18 00 00 00  	mult	$zero, $zero
    3eb8: 1d 00 00 00  	<unknown>
    3ebc: 1f 00 00 00  	<unknown>
    3ec0: 00 00 00 00  	nop <.pdr>
    3ec4: 00 00 00 80  	lb	$zero, 0x0($zero)
    3ec8: fc ff ff ff  	<unknown>
		...
    3ed4: 18 00 00 00  	mult	$zero, $zero
    3ed8: 1d 00 00 00  	<unknown>
    3edc: 1f 00 00 00  	<unknown>
    3ee0: 00 00 00 00  	nop <.pdr>
    3ee4: 00 00 03 80  	lb	$3, 0x0($zero)
    3ee8: fc ff ff ff  	<unknown>
		...
    3ef4: 70 00 00 00  	tge	$zero, $zero, 0x1 <.pdr+0x1>
    3ef8: 1d 00 00 00  	<unknown>
    3efc: 1f 00 00 00  	<unknown>
    3f00: 00 00 00 00  	nop <.pdr>
    3f04: 00 00 00 80  	lb	$zero, 0x0($zero)
    3f08: fc ff ff ff  	<unknown>
		...
    3f14: 18 00 00 00  	mult	$zero, $zero
    3f18: 1d 00 00 00  	<unknown>
    3f1c: 1f 00 00 00  	<unknown>
    3f20: 00 00 00 00  	nop <.pdr>
    3f24: 00 00 01 80  	lb	$1, 0x0($zero)
    3f28: fc ff ff ff  	<unknown>
		...
    3f34: a0 00 00 00  	<unknown>
    3f38: 1d 00 00 00  	<unknown>
    3f3c: 1f 00 00 00  	<unknown>
    3f40: 00 00 00 00  	nop <.pdr>
    3f44: 00 00 00 80  	lb	$zero, 0x0($zero)
    3f48: fc ff ff ff  	<unknown>
		...
    3f54: 18 00 00 00  	mult	$zero, $zero
    3f58: 1d 00 00 00  	<unknown>
    3f5c: 1f 00 00 00  	<unknown>
    3f60: 00 00 00 00  	nop <.pdr>
    3f64: 00 00 0f 80  	lb	$15, 0x0($zero)
    3f68: fc ff ff ff  	<unknown>
		...
    3f74: b0 00 00 00  	tge	$zero, $zero, 0x2 <.pdr+0x2>
    3f78: 1d 00 00 00  	<unknown>
    3f7c: 1f 00 00 00  	<unknown>
		...
    3f98: 1d 00 00 00  	<unknown>
    3f9c: 1f 00 00 00  	<unknown>
		...
    3fb4: 40 00 00 00  	ssnop
    3fb8: 1d 00 00 00  	<unknown>
    3fbc: 1f 00 00 00  	<unknown>
		...
    3fd8: 1d 00 00 00  	<unknown>
    3fdc: 1f 00 00 00  	<unknown>
		...
    3ff4: 40 00 00 00  	ssnop
    3ff8: 1d 00 00 00  	<unknown>
    3ffc: 1f 00 00 00  	<unknown>
		...
    4018: 1d 00 00 00  	<unknown>
    401c: 1f 00 00 00  	<unknown>
		...
    4034: 40 00 00 00  	ssnop
    4038: 1d 00 00 00  	<unknown>
    403c: 1f 00 00 00  	<unknown>
		...
    4054: 28 00 00 00  	<unknown>
    4058: 1d 00 00 00  	<unknown>
    405c: 1f 00 00 00  	<unknown>
		...
    4074: 28 00 00 00  	<unknown>
    4078: 1d 00 00 00  	<unknown>
    407c: 1f 00 00 00  	<unknown>
		...
    4098: 1d 00 00 00  	<unknown>
    409c: 1f 00 00 00  	<unknown>
		...
    40b4: 10 00 00 00  	mfhi	$zero
    40b8: 1d 00 00 00  	<unknown>
    40bc: 1f 00 00 00  	<unknown>
		...
    40d4: 28 00 00 00  	<unknown>
    40d8: 1d 00 00 00  	<unknown>
    40dc: 1f 00 00 00  	<unknown>
    40e0: 00 00 00 00  	nop <.pdr>
    40e4: 00 00 00 80  	lb	$zero, 0x0($zero)
    40e8: fc ff ff ff  	<unknown>
		...
    40f4: 08 00 00 00  	jr	$zero
    40f8: 1d 00 00 00  	<unknown>
    40fc: 1f 00 00 00  	<unknown>
    4100: 00 00 00 00  	nop <.pdr>
    4104: 00 00 ff c0  	ll	$ra, 0x0($7)
    4108: fc ff ff ff  	<unknown>
		...
    4114: 90 00 00 00  	<unknown>
    4118: 1d 00 00 00  	<unknown>
    411c: 1f 00 00 00  	<unknown>
    4120: 00 00 00 00  	nop <.pdr>
    4124: 00 00 1f 80  	lb	$ra, 0x0($zero)
    4128: fc ff ff ff  	<unknown>
		...
    4134: 80 00 00 00  	sll	$zero, $zero, 0x2 <.pdr+0x2>
    4138: 1d 00 00 00  	<unknown>
    413c: 1f 00 00 00  	<unknown>
    4140: 00 00 00 00  	nop <.pdr>
    4144: 00 00 00 80  	lb	$zero, 0x0($zero)
    4148: fc ff ff ff  	<unknown>
		...
    4154: 18 00 00 00  	mult	$zero, $zero
    4158: 1d 00 00 00  	<unknown>
    415c: 1f 00 00 00  	<unknown>
    4160: 00 00 00 00  	nop <.pdr>
    4164: 00 00 03 80  	lb	$3, 0x0($zero)
    4168: fc ff ff ff  	<unknown>
		...
    4174: 30 00 00 00  	tge	$zero, $zero <.pdr>
    4178: 1d 00 00 00  	<unknown>
    417c: 1f 00 00 00  	<unknown>
    4180: 00 00 00 00  	nop <.pdr>
    4184: 00 00 03 80  	lb	$3, 0x0($zero)
    4188: fc ff ff ff  	<unknown>
		...
    4194: 30 00 00 00  	tge	$zero, $zero <.pdr>
    4198: 1d 00 00 00  	<unknown>
    419c: 1f 00 00 00  	<unknown>
    41a0: 00 00 00 00  	nop <.pdr>
    41a4: 00 00 03 80  	lb	$3, 0x0($zero)
    41a8: fc ff ff ff  	<unknown>
		...
    41b4: 30 00 00 00  	tge	$zero, $zero <.pdr>
    41b8: 1d 00 00 00  	<unknown>
    41bc: 1f 00 00 00  	<unknown>
    41c0: 00 00 00 00  	nop <.pdr>
    41c4: 00 00 00 80  	lb	$zero, 0x0($zero)
    41c8: fc ff ff ff  	<unknown>
		...
    41d4: 18 00 00 00  	mult	$zero, $zero
    41d8: 1d 00 00 00  	<unknown>
    41dc: 1f 00 00 00  	<unknown>
    41e0: 00 00 00 00  	nop <.pdr>
    41e4: 00 00 03 80  	lb	$3, 0x0($zero)
    41e8: fc ff ff ff  	<unknown>
		...
    41f4: 30 00 00 00  	tge	$zero, $zero <.pdr>
    41f8: 1d 00 00 00  	<unknown>
    41fc: 1f 00 00 00  	<unknown>
		...
    4218: 1d 00 00 00  	<unknown>
    421c: 1f 00 00 00  	<unknown>
		...
    4238: 1d 00 00 00  	<unknown>
    423c: 1f 00 00 00  	<unknown>
		...
    4258: 1d 00 00 00  	<unknown>
    425c: 1f 00 00 00  	<unknown>
		...
    4274: 38 00 00 00  	<unknown>
    4278: 1d 00 00 00  	<unknown>
    427c: 1f 00 00 00  	<unknown>
    4280: 00 00 00 00  	nop <.pdr>
    4284: 00 00 07 80  	lb	$7, 0x0($zero)
    4288: fc ff ff ff  	<unknown>
		...
    4294: 20 00 00 00  	add	$zero, $zero, $zero
    4298: 1d 00 00 00  	<unknown>
    429c: 1f 00 00 00  	<unknown>
    42a0: 00 00 00 00  	nop <.pdr>
    42a4: 00 00 07 80  	lb	$7, 0x0($zero)
    42a8: fc ff ff ff  	<unknown>
		...
    42b4: 20 00 00 00  	add	$zero, $zero, $zero
    42b8: 1d 00 00 00  	<unknown>
    42bc: 1f 00 00 00  	<unknown>
    42c0: 00 00 00 00  	nop <.pdr>
    42c4: 00 00 01 80  	lb	$1, 0x0($zero)
    42c8: fc ff ff ff  	<unknown>
		...
    42d4: 18 00 00 00  	mult	$zero, $zero
    42d8: 1d 00 00 00  	<unknown>
    42dc: 1f 00 00 00  	<unknown>
		...
    42f8: 1d 00 00 00  	<unknown>
    42fc: 1f 00 00 00  	<unknown>
    4300: 00 00 00 00  	nop <.pdr>
    4304: 00 00 1f 80  	lb	$ra, 0x0($zero)
    4308: fc ff ff ff  	<unknown>
		...
    4314: 28 00 00 00  	<unknown>
    4318: 1d 00 00 00  	<unknown>
    431c: 1f 00 00 00  	<unknown>
    4320: 00 00 00 00  	nop <.pdr>
    4324: 00 00 00 80  	lb	$zero, 0x0($zero)
    4328: fc ff ff ff  	<unknown>
		...
    4334: 18 00 00 00  	mult	$zero, $zero
    4338: 1d 00 00 00  	<unknown>
    433c: 1f 00 00 00  	<unknown>
    4340: 00 00 00 00  	nop <.pdr>
    4344: 00 00 00 80  	lb	$zero, 0x0($zero)
    4348: fc ff ff ff  	<unknown>
		...
    4354: 48 00 00 00  	<unknown>
    4358: 1d 00 00 00  	<unknown>
    435c: 1f 00 00 00  	<unknown>
    4360: 00 00 00 00  	nop <.pdr>
    4364: 00 00 0f 80  	lb	$15, 0x0($zero)
    4368: fc ff ff ff  	<unknown>
		...
    4374: 48 00 00 00  	<unknown>
    4378: 1d 00 00 00  	<unknown>
    437c: 1f 00 00 00  	<unknown>
		...
    4398: 1d 00 00 00  	<unknown>
    439c: 1f 00 00 00  	<unknown>
		...
    43b8: 1d 00 00 00  	<unknown>
    43bc: 1f 00 00 00  	<unknown>
		...
    43d4: 28 00 00 00  	<unknown>
    43d8: 1d 00 00 00  	<unknown>
    43dc: 1f 00 00 00  	<unknown>
    43e0: 00 00 00 00  	nop <.pdr>
    43e4: 00 00 01 80  	lb	$1, 0x0($zero)
    43e8: fc ff ff ff  	<unknown>
		...
    43f4: 18 00 00 00  	mult	$zero, $zero
    43f8: 1d 00 00 00  	<unknown>
    43fc: 1f 00 00 00  	<unknown>
    4400: 00 00 00 00  	nop <.pdr>
    4404: 00 00 00 80  	lb	$zero, 0x0($zero)
    4408: fc ff ff ff  	<unknown>
		...
    4414: 18 00 00 00  	mult	$zero, $zero
    4418: 1d 00 00 00  	<unknown>
    441c: 1f 00 00 00  	<unknown>
    4420: 00 00 00 00  	nop <.pdr>
    4424: 00 00 00 80  	lb	$zero, 0x0($zero)
    4428: fc ff ff ff  	<unknown>
		...
    4434: 18 00 00 00  	mult	$zero, $zero
    4438: 1d 00 00 00  	<unknown>
    443c: 1f 00 00 00  	<unknown>
    4440: 00 00 00 00  	nop <.pdr>
    4444: 00 00 03 80  	lb	$3, 0x0($zero)
    4448: fc ff ff ff  	<unknown>
		...
    4454: 78 00 00 00  	<unknown>
    4458: 1d 00 00 00  	<unknown>
    445c: 1f 00 00 00  	<unknown>
    4460: 00 00 00 00  	nop <.pdr>
    4464: 00 00 00 80  	lb	$zero, 0x0($zero)
    4468: fc ff ff ff  	<unknown>
		...
    4474: 18 00 00 00  	mult	$zero, $zero
    4478: 1d 00 00 00  	<unknown>
    447c: 1f 00 00 00  	<unknown>
    4480: 00 00 00 00  	nop <.pdr>
    4484: 00 00 ff c0  	ll	$ra, 0x0($7)
    4488: fc ff ff ff  	<unknown>
		...
    4494: b0 00 00 00  	tge	$zero, $zero, 0x2 <.pdr+0x2>
    4498: 1d 00 00 00  	<unknown>
    449c: 1f 00 00 00  	<unknown>
    44a0: 00 00 00 00  	nop <.pdr>
    44a4: 00 00 00 80  	lb	$zero, 0x0($zero)
    44a8: fc ff ff ff  	<unknown>
		...
    44b4: 18 00 00 00  	mult	$zero, $zero
    44b8: 1d 00 00 00  	<unknown>
    44bc: 1f 00 00 00  	<unknown>
    44c0: 00 00 00 00  	nop <.pdr>
    44c4: 00 00 01 80  	lb	$1, 0x0($zero)
    44c8: fc ff ff ff  	<unknown>
		...
    44d4: 30 00 00 00  	tge	$zero, $zero <.pdr>
    44d8: 1d 00 00 00  	<unknown>
    44dc: 1f 00 00 00  	<unknown>
    44e0: 00 00 00 00  	nop <.pdr>
    44e4: 00 00 01 80  	lb	$1, 0x0($zero)
    44e8: fc ff ff ff  	<unknown>
		...
    44f4: 18 00 00 00  	mult	$zero, $zero
    44f8: 1d 00 00 00  	<unknown>
    44fc: 1f 00 00 00  	<unknown>
    4500: 00 00 00 00  	nop <.pdr>
    4504: 00 00 01 80  	lb	$1, 0x0($zero)
    4508: fc ff ff ff  	<unknown>
		...
    4514: 18 00 00 00  	mult	$zero, $zero
    4518: 1d 00 00 00  	<unknown>
    451c: 1f 00 00 00  	<unknown>
    4520: 00 00 00 00  	nop <.pdr>
    4524: 00 00 01 80  	lb	$1, 0x0($zero)
    4528: fc ff ff ff  	<unknown>
		...
    4534: 28 00 00 00  	<unknown>
    4538: 1d 00 00 00  	<unknown>
    453c: 1f 00 00 00  	<unknown>
    4540: 00 00 00 00  	nop <.pdr>
    4544: 00 00 00 80  	lb	$zero, 0x0($zero)
    4548: fc ff ff ff  	<unknown>
		...
    4554: 18 00 00 00  	mult	$zero, $zero
    4558: 1d 00 00 00  	<unknown>
    455c: 1f 00 00 00  	<unknown>
		...
    4574: 10 00 00 00  	mfhi	$zero
    4578: 1d 00 00 00  	<unknown>
    457c: 1f 00 00 00  	<unknown>
		...
    4598: 1d 00 00 00  	<unknown>
    459c: 1f 00 00 00  	<unknown>
		...
    45b8: 1d 00 00 00  	<unknown>
    45bc: 1f 00 00 00  	<unknown>
		...
    45d8: 1d 00 00 00  	<unknown>
    45dc: 1f 00 00 00  	<unknown>
		...
    45f8: 1d 00 00 00  	<unknown>
    45fc: 1f 00 00 00  	<unknown>
		...
    4618: 1d 00 00 00  	<unknown>
    461c: 1f 00 00 00  	<unknown>
		...
    4638: 1d 00 00 00  	<unknown>
    463c: 1f 00 00 00  	<unknown>
		...
    4658: 1d 00 00 00  	<unknown>
    465c: 1f 00 00 00  	<unknown>
		...
    4678: 1d 00 00 00  	<unknown>
    467c: 1f 00 00 00  	<unknown>
    4680: 00 00 00 00  	nop <.pdr>
    4684: 00 00 00 80  	lb	$zero, 0x0($zero)
    4688: fc ff ff ff  	<unknown>
		...
    4694: 18 00 00 00  	mult	$zero, $zero
    4698: 1d 00 00 00  	<unknown>
    469c: 1f 00 00 00  	<unknown>
    46a0: 00 00 00 00  	nop <.pdr>
    46a4: 00 00 00 80  	lb	$zero, 0x0($zero)
    46a8: fc ff ff ff  	<unknown>
		...
    46b4: 18 00 00 00  	mult	$zero, $zero
    46b8: 1d 00 00 00  	<unknown>
    46bc: 1f 00 00 00  	<unknown>
    46c0: 00 00 00 00  	nop <.pdr>
    46c4: 00 00 00 80  	lb	$zero, 0x0($zero)
    46c8: fc ff ff ff  	<unknown>
		...
    46d4: 18 00 00 00  	mult	$zero, $zero
    46d8: 1d 00 00 00  	<unknown>
    46dc: 1f 00 00 00  	<unknown>
		...
    46f8: 1d 00 00 00  	<unknown>
    46fc: 1f 00 00 00  	<unknown>
		...
    4718: 1d 00 00 00  	<unknown>
    471c: 1f 00 00 00  	<unknown>
    4720: 00 00 00 00  	nop <.pdr>
    4724: 00 00 00 80  	lb	$zero, 0x0($zero)
    4728: fc ff ff ff  	<unknown>
		...
    4734: 18 00 00 00  	mult	$zero, $zero
    4738: 1d 00 00 00  	<unknown>
    473c: 1f 00 00 00  	<unknown>
		...
    4758: 1d 00 00 00  	<unknown>
    475c: 1f 00 00 00  	<unknown>
		...
    4774: 10 00 00 00  	mfhi	$zero
    4778: 1d 00 00 00  	<unknown>
    477c: 1f 00 00 00  	<unknown>
		...
    4794: 10 00 00 00  	mfhi	$zero
    4798: 1d 00 00 00  	<unknown>
    479c: 1f 00 00 00  	<unknown>
    47a0: 00 00 00 00  	nop <.pdr>
    47a4: 00 00 ff c0  	ll	$ra, 0x0($7)
    47a8: fc ff ff ff  	<unknown>
		...
    47b4: 60 00 00 00  	<unknown>
    47b8: 1d 00 00 00  	<unknown>
    47bc: 1f 00 00 00  	<unknown>
    47c0: 00 00 00 00  	nop <.pdr>
    47c4: 00 00 03 80  	lb	$3, 0x0($zero)
    47c8: fc ff ff ff  	<unknown>
		...
    47d4: 20 00 00 00  	add	$zero, $zero, $zero
    47d8: 1d 00 00 00  	<unknown>
    47dc: 1f 00 00 00  	<unknown>
    47e0: 00 00 00 00  	nop <.pdr>
    47e4: 00 00 00 80  	lb	$zero, 0x0($zero)
    47e8: fc ff ff ff  	<unknown>
		...
    47f4: 18 00 00 00  	mult	$zero, $zero
    47f8: 1d 00 00 00  	<unknown>
    47fc: 1f 00 00 00  	<unknown>
    4800: 00 00 00 00  	nop <.pdr>
    4804: 00 00 00 80  	lb	$zero, 0x0($zero)
    4808: fc ff ff ff  	<unknown>
		...
    4814: 18 00 00 00  	mult	$zero, $zero
    4818: 1d 00 00 00  	<unknown>
    481c: 1f 00 00 00  	<unknown>
    4820: 00 00 00 00  	nop <.pdr>
    4824: 00 00 00 80  	lb	$zero, 0x0($zero)
    4828: fc ff ff ff  	<unknown>
		...
    4834: 18 00 00 00  	mult	$zero, $zero
    4838: 1d 00 00 00  	<unknown>
    483c: 1f 00 00 00  	<unknown>
		...
    4854: 40 00 00 00  	ssnop
    4858: 1d 00 00 00  	<unknown>
    485c: 1f 00 00 00  	<unknown>
		...
    4878: 1d 00 00 00  	<unknown>
    487c: 1f 00 00 00  	<unknown>
		...
    4898: 1d 00 00 00  	<unknown>
    489c: 1f 00 00 00  	<unknown>
    48a0: 00 00 00 00  	nop <.pdr>
    48a4: 00 00 ff c0  	ll	$ra, 0x0($7)
    48a8: fc ff ff ff  	<unknown>
		...
    48b4: 60 03 00 00  	<unknown>
    48b8: 1d 00 00 00  	<unknown>
    48bc: 1f 00 00 00  	<unknown>
    48c0: 00 00 00 00  	nop <.pdr>
    48c4: 00 00 ff c0  	ll	$ra, 0x0($7)
    48c8: fc ff ff ff  	<unknown>
		...
    48d4: 58 03 00 00  	<unknown>
    48d8: 1d 00 00 00  	<unknown>
    48dc: 1f 00 00 00  	<unknown>
    48e0: 00 00 00 00  	nop <.pdr>
    48e4: 00 00 1f 80  	lb	$ra, 0x0($zero)
    48e8: fc ff ff ff  	<unknown>
		...
    48f4: 28 00 00 00  	<unknown>
    48f8: 1d 00 00 00  	<unknown>
    48fc: 1f 00 00 00  	<unknown>
    4900: 00 00 00 00  	nop <.pdr>
    4904: 00 00 00 80  	lb	$zero, 0x0($zero)
    4908: fc ff ff ff  	<unknown>
		...
    4914: 18 00 00 00  	mult	$zero, $zero
    4918: 1d 00 00 00  	<unknown>
    491c: 1f 00 00 00  	<unknown>
		...
    4938: 1d 00 00 00  	<unknown>
    493c: 1f 00 00 00  	<unknown>
		...
    4958: 1d 00 00 00  	<unknown>
    495c: 1f 00 00 00  	<unknown>
		...
    4978: 1d 00 00 00  	<unknown>
    497c: 1f 00 00 00  	<unknown>
		...
    4998: 1d 00 00 00  	<unknown>
    499c: 1f 00 00 00  	<unknown>
		...
    49b8: 1d 00 00 00  	<unknown>
    49bc: 1f 00 00 00  	<unknown>
		...
    49d4: 20 00 00 00  	add	$zero, $zero, $zero
    49d8: 1d 00 00 00  	<unknown>
    49dc: 1f 00 00 00  	<unknown>
		...
    49f4: 20 00 00 00  	add	$zero, $zero, $zero
    49f8: 1d 00 00 00  	<unknown>
    49fc: 1f 00 00 00  	<unknown>
		...
    4a18: 1d 00 00 00  	<unknown>
    4a1c: 1f 00 00 00  	<unknown>
    4a20: 00 00 00 00  	nop <.pdr>
    4a24: 00 00 03 00  	sll	$zero, $3, 0x0 <.pdr>
    4a28: fc ff ff ff  	<unknown>
		...
    4a34: 08 00 00 00  	jr	$zero
    4a38: 1d 00 00 00  	<unknown>
    4a3c: 1f 00 00 00  	<unknown>
    4a40: 00 00 00 00  	nop <.pdr>
    4a44: 00 00 00 80  	lb	$zero, 0x0($zero)
    4a48: fc ff ff ff  	<unknown>
		...
    4a54: 18 00 00 00  	mult	$zero, $zero
    4a58: 1d 00 00 00  	<unknown>
    4a5c: 1f 00 00 00  	<unknown>
    4a60: 00 00 00 00  	nop <.pdr>
    4a64: 00 00 1f 80  	lb	$ra, 0x0($zero)
    4a68: fc ff ff ff  	<unknown>
		...
    4a74: 28 00 00 00  	<unknown>
    4a78: 1d 00 00 00  	<unknown>
    4a7c: 1f 00 00 00  	<unknown>
		...
    4a98: 1d 00 00 00  	<unknown>
    4a9c: 1f 00 00 00  	<unknown>
		...
    4ab8: 1d 00 00 00  	<unknown>
    4abc: 1f 00 00 00  	<unknown>
		...
    4ad8: 1d 00 00 00  	<unknown>
    4adc: 1f 00 00 00  	<unknown>
		...
    4af8: 1d 00 00 00  	<unknown>
    4afc: 1f 00 00 00  	<unknown>
		...
    4b18: 1d 00 00 00  	<unknown>
    4b1c: 1f 00 00 00  	<unknown>
		...
    4b38: 1d 00 00 00  	<unknown>
    4b3c: 1f 00 00 00  	<unknown>
    4b40: 00 00 00 00  	nop <.pdr>
    4b44: 00 00 07 00  	sll	$zero, $7, 0x0 <.pdr>
    4b48: fc ff ff ff  	<unknown>
		...
    4b54: 10 00 00 00  	mfhi	$zero
    4b58: 1d 00 00 00  	<unknown>
    4b5c: 1f 00 00 00  	<unknown>
		...
    4b78: 1d 00 00 00  	<unknown>
    4b7c: 1f 00 00 00  	<unknown>
		...
    4b98: 1d 00 00 00  	<unknown>
    4b9c: 1f 00 00 00  	<unknown>
    4ba0: 00 00 00 00  	nop <.pdr>
    4ba4: 00 00 ff c0  	ll	$ra, 0x0($7)
    4ba8: fc ff ff ff  	<unknown>
		...
    4bb4: 30 00 00 00  	tge	$zero, $zero <.pdr>
    4bb8: 1d 00 00 00  	<unknown>
    4bbc: 1f 00 00 00  	<unknown>
    4bc0: 00 00 00 00  	nop <.pdr>
    4bc4: 00 00 ff c0  	ll	$ra, 0x0($7)
    4bc8: fc ff ff ff  	<unknown>
		...
    4bd4: 30 00 00 00  	tge	$zero, $zero <.pdr>
    4bd8: 1d 00 00 00  	<unknown>
    4bdc: 1f 00 00 00  	<unknown>
    4be0: 00 00 00 00  	nop <.pdr>
    4be4: 00 00 ff c0  	ll	$ra, 0x0($7)
    4be8: fc ff ff ff  	<unknown>
		...
    4bf4: 30 00 00 00  	tge	$zero, $zero <.pdr>
    4bf8: 1d 00 00 00  	<unknown>
    4bfc: 1f 00 00 00  	<unknown>
    4c00: 00 00 00 00  	nop <.pdr>
    4c04: 00 00 00 80  	lb	$zero, 0x0($zero)
    4c08: fc ff ff ff  	<unknown>
		...
    4c14: 18 00 00 00  	mult	$zero, $zero
    4c18: 1d 00 00 00  	<unknown>
    4c1c: 1f 00 00 00  	<unknown>
    4c20: 00 00 00 00  	nop <.pdr>
    4c24: 00 00 00 80  	lb	$zero, 0x0($zero)
    4c28: fc ff ff ff  	<unknown>
		...
    4c34: 18 00 00 00  	mult	$zero, $zero
    4c38: 1d 00 00 00  	<unknown>
    4c3c: 1f 00 00 00  	<unknown>
    4c40: 00 00 00 00  	nop <.pdr>
    4c44: 00 00 07 80  	lb	$7, 0x0($zero)
    4c48: fc ff ff ff  	<unknown>
		...
    4c54: 20 00 00 00  	add	$zero, $zero, $zero
    4c58: 1d 00 00 00  	<unknown>
    4c5c: 1f 00 00 00  	<unknown>
		...
    4c78: 1d 00 00 00  	<unknown>
    4c7c: 1f 00 00 00  	<unknown>
		...
    4c98: 1d 00 00 00  	<unknown>
    4c9c: 1f 00 00 00  	<unknown>
		...
    4cb8: 1d 00 00 00  	<unknown>
    4cbc: 1f 00 00 00  	<unknown>
		...
    4cd8: 1d 00 00 00  	<unknown>
    4cdc: 1f 00 00 00  	<unknown>
		...
    4cf8: 1d 00 00 00  	<unknown>
    4cfc: 1f 00 00 00  	<unknown>
		...
    4d18: 1d 00 00 00  	<unknown>
    4d1c: 1f 00 00 00  	<unknown>
    4d20: 00 00 00 00  	nop <.pdr>
    4d24: 00 00 00 80  	lb	$zero, 0x0($zero)
    4d28: fc ff ff ff  	<unknown>
		...
    4d34: 18 00 00 00  	mult	$zero, $zero
    4d38: 1d 00 00 00  	<unknown>
    4d3c: 1f 00 00 00  	<unknown>
    4d40: 00 00 00 00  	nop <.pdr>
    4d44: 00 00 00 80  	lb	$zero, 0x0($zero)
    4d48: fc ff ff ff  	<unknown>
		...
    4d54: 18 00 00 00  	mult	$zero, $zero
    4d58: 1d 00 00 00  	<unknown>
    4d5c: 1f 00 00 00  	<unknown>
    4d60: 00 00 00 00  	nop <.pdr>
    4d64: 00 00 01 80  	lb	$1, 0x0($zero)
    4d68: fc ff ff ff  	<unknown>
		...
    4d74: 18 00 00 00  	mult	$zero, $zero
    4d78: 1d 00 00 00  	<unknown>
    4d7c: 1f 00 00 00  	<unknown>
    4d80: 00 00 00 00  	nop <.pdr>
    4d84: 00 00 00 80  	lb	$zero, 0x0($zero)
    4d88: fc ff ff ff  	<unknown>
		...
    4d94: 50 00 00 00  	<unknown>
    4d98: 1d 00 00 00  	<unknown>
    4d9c: 1f 00 00 00  	<unknown>
    4da0: 00 00 00 00  	nop <.pdr>
    4da4: 00 00 00 80  	lb	$zero, 0x0($zero)
    4da8: fc ff ff ff  	<unknown>
		...
    4db4: 50 00 00 00  	<unknown>
    4db8: 1d 00 00 00  	<unknown>
    4dbc: 1f 00 00 00  	<unknown>
    4dc0: 00 00 00 00  	nop <.pdr>
    4dc4: 00 00 01 80  	lb	$1, 0x0($zero)
    4dc8: fc ff ff ff  	<unknown>
		...
    4dd4: 50 00 00 00  	<unknown>
    4dd8: 1d 00 00 00  	<unknown>
    4ddc: 1f 00 00 00  	<unknown>
    4de0: 00 00 00 00  	nop <.pdr>
    4de4: 00 00 00 80  	lb	$zero, 0x0($zero)
    4de8: fc ff ff ff  	<unknown>
		...
    4df4: 18 00 00 00  	mult	$zero, $zero
    4df8: 1d 00 00 00  	<unknown>
    4dfc: 1f 00 00 00  	<unknown>
    4e00: 00 00 00 00  	nop <.pdr>
    4e04: 00 00 00 80  	lb	$zero, 0x0($zero)
    4e08: fc ff ff ff  	<unknown>
		...
    4e14: 18 00 00 00  	mult	$zero, $zero
    4e18: 1d 00 00 00  	<unknown>
    4e1c: 1f 00 00 00  	<unknown>
		...
    4e38: 1d 00 00 00  	<unknown>
    4e3c: 1f 00 00 00  	<unknown>
		...
    4e58: 1d 00 00 00  	<unknown>
    4e5c: 1f 00 00 00  	<unknown>
		...
    4e78: 1d 00 00 00  	<unknown>
    4e7c: 1f 00 00 00  	<unknown>
		...
    4e98: 1d 00 00 00  	<unknown>
    4e9c: 1f 00 00 00  	<unknown>
		...
    4eb8: 1d 00 00 00  	<unknown>
    4ebc: 1f 00 00 00  	<unknown>
		...
    4ed8: 1d 00 00 00  	<unknown>
    4edc: 1f 00 00 00  	<unknown>
		...
    4ef8: 1d 00 00 00  	<unknown>
    4efc: 1f 00 00 00  	<unknown>
		...
    4f18: 1d 00 00 00  	<unknown>
    4f1c: 1f 00 00 00  	<unknown>
		...
    4f38: 1d 00 00 00  	<unknown>
    4f3c: 1f 00 00 00  	<unknown>
		...
    4f58: 1d 00 00 00  	<unknown>
    4f5c: 1f 00 00 00  	<unknown>
		...
    4f78: 1d 00 00 00  	<unknown>
    4f7c: 1f 00 00 00  	<unknown>
		...
    4f98: 1d 00 00 00  	<unknown>
    4f9c: 1f 00 00 00  	<unknown>
		...
    4fb8: 1d 00 00 00  	<unknown>
    4fbc: 1f 00 00 00  	<unknown>
		...
    4fd8: 1d 00 00 00  	<unknown>
    4fdc: 1f 00 00 00  	<unknown>
		...
    4ff8: 1d 00 00 00  	<unknown>
    4ffc: 1f 00 00 00  	<unknown>
		...
    5018: 1d 00 00 00  	<unknown>
    501c: 1f 00 00 00  	<unknown>
		...
    5038: 1d 00 00 00  	<unknown>
    503c: 1f 00 00 00  	<unknown>
		...
    5058: 1d 00 00 00  	<unknown>
    505c: 1f 00 00 00  	<unknown>
		...
    5078: 1d 00 00 00  	<unknown>
    507c: 1f 00 00 00  	<unknown>
		...
    5098: 1d 00 00 00  	<unknown>
    509c: 1f 00 00 00  	<unknown>
		...
    50b8: 1d 00 00 00  	<unknown>
    50bc: 1f 00 00 00  	<unknown>
		...
    50d8: 1d 00 00 00  	<unknown>
    50dc: 1f 00 00 00  	<unknown>
		...
    50f8: 1d 00 00 00  	<unknown>
    50fc: 1f 00 00 00  	<unknown>
		...
    5118: 1d 00 00 00  	<unknown>
    511c: 1f 00 00 00  	<unknown>
		...
    5138: 1d 00 00 00  	<unknown>
    513c: 1f 00 00 00  	<unknown>
    5140: 00 00 00 00  	nop <.pdr>
    5144: 00 00 00 80  	lb	$zero, 0x0($zero)
    5148: fc ff ff ff  	<unknown>
		...
    5154: 18 00 00 00  	mult	$zero, $zero
    5158: 1d 00 00 00  	<unknown>
    515c: 1f 00 00 00  	<unknown>
		...
    5178: 1d 00 00 00  	<unknown>
    517c: 1f 00 00 00  	<unknown>
		...
    5198: 1d 00 00 00  	<unknown>
    519c: 1f 00 00 00  	<unknown>
		...
    51b8: 1d 00 00 00  	<unknown>
    51bc: 1f 00 00 00  	<unknown>
		...
    51d8: 1d 00 00 00  	<unknown>
    51dc: 1f 00 00 00  	<unknown>
		...
    51f8: 1d 00 00 00  	<unknown>
    51fc: 1f 00 00 00  	<unknown>
		...
    5218: 1d 00 00 00  	<unknown>
    521c: 1f 00 00 00  	<unknown>
		...
    5238: 1d 00 00 00  	<unknown>
    523c: 1f 00 00 00  	<unknown>
		...
    5258: 1d 00 00 00  	<unknown>
    525c: 1f 00 00 00  	<unknown>
		...
    5278: 1d 00 00 00  	<unknown>
    527c: 1f 00 00 00  	<unknown>
		...
    5298: 1d 00 00 00  	<unknown>
    529c: 1f 00 00 00  	<unknown>
		...
    52b8: 1d 00 00 00  	<unknown>
    52bc: 1f 00 00 00  	<unknown>
		...
    52d8: 1d 00 00 00  	<unknown>
    52dc: 1f 00 00 00  	<unknown>
		...
    52f4: 20 00 00 00  	add	$zero, $zero, $zero
    52f8: 1d 00 00 00  	<unknown>
    52fc: 1f 00 00 00  	<unknown>
		...
    5318: 1d 00 00 00  	<unknown>
    531c: 1f 00 00 00  	<unknown>
		...
    5338: 1d 00 00 00  	<unknown>
    533c: 1f 00 00 00  	<unknown>
    5340: 00 00 00 00  	nop <.pdr>
    5344: 00 00 1f 80  	lb	$ra, 0x0($zero)
    5348: fc ff ff ff  	<unknown>
		...
    5354: 28 00 00 00  	<unknown>
    5358: 1d 00 00 00  	<unknown>
    535c: 1f 00 00 00  	<unknown>
    5360: 00 00 00 00  	nop <.pdr>
    5364: 00 00 7f 80  	lb	$ra, 0x0($3)
    5368: fc ff ff ff  	<unknown>
		...
    5374: 30 00 00 00  	tge	$zero, $zero <.pdr>
    5378: 1d 00 00 00  	<unknown>
    537c: 1f 00 00 00  	<unknown>
    5380: 00 00 00 00  	nop <.pdr>
    5384: 00 00 00 80  	lb	$zero, 0x0($zero)
    5388: fc ff ff ff  	<unknown>
		...
    5394: 18 00 00 00  	mult	$zero, $zero
    5398: 1d 00 00 00  	<unknown>
    539c: 1f 00 00 00  	<unknown>
    53a0: 00 00 00 00  	nop <.pdr>
    53a4: 00 00 00 80  	lb	$zero, 0x0($zero)
    53a8: fc ff ff ff  	<unknown>
		...
    53b4: 18 00 00 00  	mult	$zero, $zero
    53b8: 1d 00 00 00  	<unknown>
    53bc: 1f 00 00 00  	<unknown>
    53c0: 00 00 00 00  	nop <.pdr>
    53c4: 00 00 ff c0  	ll	$ra, 0x0($7)
    53c8: fc ff ff ff  	<unknown>
		...
    53d4: 88 00 00 00  	<unknown>
    53d8: 1d 00 00 00  	<unknown>
    53dc: 1f 00 00 00  	<unknown>
		...
    53f4: 10 00 00 00  	mfhi	$zero
    53f8: 1d 00 00 00  	<unknown>
    53fc: 1f 00 00 00  	<unknown>
		...
    5418: 1d 00 00 00  	<unknown>
    541c: 1f 00 00 00  	<unknown>
		...
    5438: 1d 00 00 00  	<unknown>
    543c: 1f 00 00 00  	<unknown>
		...
    5458: 1d 00 00 00  	<unknown>
    545c: 1f 00 00 00  	<unknown>
    5460: 00 00 00 00  	nop <.pdr>
    5464: 00 00 ff c0  	ll	$ra, 0x0($7)
    5468: fc ff ff ff  	<unknown>
		...
    5474: 30 00 00 00  	tge	$zero, $zero <.pdr>
    5478: 1d 00 00 00  	<unknown>
    547c: 1f 00 00 00  	<unknown>
		...
    5498: 1d 00 00 00  	<unknown>
    549c: 1f 00 00 00  	<unknown>
		...
    54b8: 1d 00 00 00  	<unknown>
    54bc: 1f 00 00 00  	<unknown>
		...
    54d8: 1d 00 00 00  	<unknown>
    54dc: 1f 00 00 00  	<unknown>
    54e0: 00 00 00 00  	nop <.pdr>
    54e4: 00 00 07 80  	lb	$7, 0x0($zero)
    54e8: fc ff ff ff  	<unknown>
		...
    54f4: 20 00 00 00  	add	$zero, $zero, $zero
    54f8: 1d 00 00 00  	<unknown>
    54fc: 1f 00 00 00  	<unknown>
    5500: 00 00 00 00  	nop <.pdr>
    5504: 00 00 03 80  	lb	$3, 0x0($zero)
    5508: fc ff ff ff  	<unknown>
		...
    5514: 20 00 00 00  	add	$zero, $zero, $zero
    5518: 1d 00 00 00  	<unknown>
    551c: 1f 00 00 00  	<unknown>
    5520: 00 00 00 00  	nop <.pdr>
    5524: 00 00 00 80  	lb	$zero, 0x0($zero)
    5528: fc ff ff ff  	<unknown>
		...
    5534: 18 00 00 00  	mult	$zero, $zero
    5538: 1d 00 00 00  	<unknown>
    553c: 1f 00 00 00  	<unknown>
    5540: 00 00 00 00  	nop <.pdr>
    5544: 00 00 07 80  	lb	$7, 0x0($zero)
    5548: fc ff ff ff  	<unknown>
		...
    5554: 78 00 00 00  	<unknown>
    5558: 1d 00 00 00  	<unknown>
    555c: 1f 00 00 00  	<unknown>
    5560: 00 00 00 00  	nop <.pdr>
    5564: 00 00 03 80  	lb	$3, 0x0($zero)
    5568: fc ff ff ff  	<unknown>
		...
    5574: 58 00 00 00  	<unknown>
    5578: 1d 00 00 00  	<unknown>
    557c: 1f 00 00 00  	<unknown>
    5580: 00 00 00 00  	nop <.pdr>
    5584: 00 00 00 80  	lb	$zero, 0x0($zero)
    5588: fc ff ff ff  	<unknown>
		...
    5594: 70 00 00 00  	tge	$zero, $zero, 0x1 <.pdr+0x1>
    5598: 1d 00 00 00  	<unknown>
    559c: 1f 00 00 00  	<unknown>
		...
    55b8: 1d 00 00 00  	<unknown>
    55bc: 1f 00 00 00  	<unknown>
    55c0: 00 00 00 00  	nop <.pdr>
    55c4: 00 00 07 80  	lb	$7, 0x0($zero)
    55c8: fc ff ff ff  	<unknown>
		...
    55d4: 20 00 00 00  	add	$zero, $zero, $zero
    55d8: 1d 00 00 00  	<unknown>
    55dc: 1f 00 00 00  	<unknown>
		...
    55f8: 1d 00 00 00  	<unknown>
    55fc: 1f 00 00 00  	<unknown>
		...
    5618: 1d 00 00 00  	<unknown>
    561c: 1f 00 00 00  	<unknown>
		...
    5638: 1d 00 00 00  	<unknown>
    563c: 1f 00 00 00  	<unknown>
    5640: 00 00 00 00  	nop <.pdr>
    5644: 00 00 00 80  	lb	$zero, 0x0($zero)
    5648: fc ff ff ff  	<unknown>
		...
    5654: 18 00 00 00  	mult	$zero, $zero
    5658: 1d 00 00 00  	<unknown>
    565c: 1f 00 00 00  	<unknown>
		...
    5678: 1d 00 00 00  	<unknown>
    567c: 1f 00 00 00  	<unknown>
		...
    5698: 1d 00 00 00  	<unknown>
    569c: 1f 00 00 00  	<unknown>
		...
    56b8: 1d 00 00 00  	<unknown>
    56bc: 1f 00 00 00  	<unknown>
		...
    56d8: 1d 00 00 00  	<unknown>
    56dc: 1f 00 00 00  	<unknown>
		...
    56f8: 1d 00 00 00  	<unknown>
    56fc: 1f 00 00 00  	<unknown>
		...
    5718: 1d 00 00 00  	<unknown>
    571c: 1f 00 00 00  	<unknown>
		...
    5738: 1d 00 00 00  	<unknown>
    573c: 1f 00 00 00  	<unknown>
		...
    5758: 1d 00 00 00  	<unknown>
    575c: 1f 00 00 00  	<unknown>
		...
    5778: 1d 00 00 00  	<unknown>
    577c: 1f 00 00 00  	<unknown>
		...
    5798: 1d 00 00 00  	<unknown>
    579c: 1f 00 00 00  	<unknown>
		...
    57b4: 20 00 00 00  	add	$zero, $zero, $zero
    57b8: 1d 00 00 00  	<unknown>
    57bc: 1f 00 00 00  	<unknown>
		...
    57d4: 20 00 00 00  	add	$zero, $zero, $zero
    57d8: 1d 00 00 00  	<unknown>
    57dc: 1f 00 00 00  	<unknown>
		...
    57f8: 1d 00 00 00  	<unknown>
    57fc: 1f 00 00 00  	<unknown>
		...
    5818: 1d 00 00 00  	<unknown>
    581c: 1f 00 00 00  	<unknown>
		...
    5838: 1d 00 00 00  	<unknown>
    583c: 1f 00 00 00  	<unknown>
		...
    5858: 1d 00 00 00  	<unknown>
    585c: 1f 00 00 00  	<unknown>
		...
    5874: 20 00 00 00  	add	$zero, $zero, $zero
    5878: 1d 00 00 00  	<unknown>
    587c: 1f 00 00 00  	<unknown>
		...
    5894: 20 00 00 00  	add	$zero, $zero, $zero
    5898: 1d 00 00 00  	<unknown>
    589c: 1f 00 00 00  	<unknown>
		...
    58b8: 1d 00 00 00  	<unknown>
    58bc: 1f 00 00 00  	<unknown>
		...
    58d8: 1d 00 00 00  	<unknown>
    58dc: 1f 00 00 00  	<unknown>
		...
    58f8: 1d 00 00 00  	<unknown>
    58fc: 1f 00 00 00  	<unknown>
		...
    5918: 1d 00 00 00  	<unknown>
    591c: 1f 00 00 00  	<unknown>
		...
    5934: 20 00 00 00  	add	$zero, $zero, $zero
    5938: 1d 00 00 00  	<unknown>
    593c: 1f 00 00 00  	<unknown>
		...
    5958: 1d 00 00 00  	<unknown>
    595c: 1f 00 00 00  	<unknown>
		...
    5974: 20 00 00 00  	add	$zero, $zero, $zero
    5978: 1d 00 00 00  	<unknown>
    597c: 1f 00 00 00  	<unknown>
		...
    5998: 1d 00 00 00  	<unknown>
    599c: 1f 00 00 00  	<unknown>
		...
    59b8: 1d 00 00 00  	<unknown>
    59bc: 1f 00 00 00  	<unknown>
		...
    59d4: 20 00 00 00  	add	$zero, $zero, $zero
    59d8: 1d 00 00 00  	<unknown>
    59dc: 1f 00 00 00  	<unknown>
    59e0: 00 00 00 00  	nop <.pdr>
    59e4: 00 00 00 80  	lb	$zero, 0x0($zero)
    59e8: fc ff ff ff  	<unknown>
		...
    59f4: 18 00 00 00  	mult	$zero, $zero
    59f8: 1d 00 00 00  	<unknown>
    59fc: 1f 00 00 00  	<unknown>
    5a00: 00 00 00 00  	nop <.pdr>
    5a04: 00 00 00 80  	lb	$zero, 0x0($zero)
    5a08: fc ff ff ff  	<unknown>
		...
    5a14: 18 00 00 00  	mult	$zero, $zero
    5a18: 1d 00 00 00  	<unknown>
    5a1c: 1f 00 00 00  	<unknown>
		...
    5a38: 1d 00 00 00  	<unknown>
    5a3c: 1f 00 00 00  	<unknown>
    5a40: 00 00 00 00  	nop <.pdr>
    5a44: 00 00 00 80  	lb	$zero, 0x0($zero)
    5a48: fc ff ff ff  	<unknown>
		...
    5a54: 18 00 00 00  	mult	$zero, $zero
    5a58: 1d 00 00 00  	<unknown>
    5a5c: 1f 00 00 00  	<unknown>
    5a60: 00 00 00 00  	nop <.pdr>
    5a64: 00 00 7f 80  	lb	$ra, 0x0($3)
    5a68: fc ff ff ff  	<unknown>
		...
    5a74: 30 00 00 00  	tge	$zero, $zero <.pdr>
    5a78: 1d 00 00 00  	<unknown>
    5a7c: 1f 00 00 00  	<unknown>
		...
    5a98: 1d 00 00 00  	<unknown>
    5a9c: 1f 00 00 00  	<unknown>
		...
    5ab8: 1d 00 00 00  	<unknown>
    5abc: 1f 00 00 00  	<unknown>
		...
    5ad8: 1d 00 00 00  	<unknown>
    5adc: 1f 00 00 00  	<unknown>
		...
    5af8: 1d 00 00 00  	<unknown>
    5afc: 1f 00 00 00  	<unknown>
		...
    5b18: 1d 00 00 00  	<unknown>
    5b1c: 1f 00 00 00  	<unknown>
		...
    5b38: 1d 00 00 00  	<unknown>
    5b3c: 1f 00 00 00  	<unknown>
		...
    5b58: 1d 00 00 00  	<unknown>
    5b5c: 1f 00 00 00  	<unknown>
		...
    5b78: 1d 00 00 00  	<unknown>
    5b7c: 1f 00 00 00  	<unknown>
		...
    5b98: 1d 00 00 00  	<unknown>
    5b9c: 1f 00 00 00  	<unknown>
    5ba0: 00 00 00 00  	nop <.pdr>
    5ba4: 00 00 ff c0  	ll	$ra, 0x0($7)
    5ba8: fc ff ff ff  	<unknown>
		...
    5bb4: 30 00 00 00  	tge	$zero, $zero <.pdr>
    5bb8: 1d 00 00 00  	<unknown>
    5bbc: 1f 00 00 00  	<unknown>
    5bc0: 00 00 00 00  	nop <.pdr>
    5bc4: 00 00 ff c0  	ll	$ra, 0x0($7)
    5bc8: fc ff ff ff  	<unknown>
		...
    5bd4: 30 00 00 00  	tge	$zero, $zero <.pdr>
    5bd8: 1d 00 00 00  	<unknown>
    5bdc: 1f 00 00 00  	<unknown>
		...
    5bf8: 1d 00 00 00  	<unknown>
    5bfc: 1f 00 00 00  	<unknown>
    5c00: 00 00 00 00  	nop <.pdr>
    5c04: 00 00 03 80  	lb	$3, 0x0($zero)
    5c08: fc ff ff ff  	<unknown>
		...
    5c14: 20 00 00 00  	add	$zero, $zero, $zero
    5c18: 1d 00 00 00  	<unknown>
    5c1c: 1f 00 00 00  	<unknown>
    5c20: 00 00 00 00  	nop <.pdr>
    5c24: 00 00 00 80  	lb	$zero, 0x0($zero)
    5c28: fc ff ff ff  	<unknown>
		...
    5c34: 18 00 00 00  	mult	$zero, $zero
    5c38: 1d 00 00 00  	<unknown>
    5c3c: 1f 00 00 00  	<unknown>
    5c40: 00 00 00 00  	nop <.pdr>
    5c44: 00 00 07 80  	lb	$7, 0x0($zero)
    5c48: fc ff ff ff  	<unknown>
		...
    5c54: 78 00 00 00  	<unknown>
    5c58: 1d 00 00 00  	<unknown>
    5c5c: 1f 00 00 00  	<unknown>
    5c60: 00 00 00 00  	nop <.pdr>
    5c64: 00 00 03 80  	lb	$3, 0x0($zero)
    5c68: fc ff ff ff  	<unknown>
		...
    5c74: 58 00 00 00  	<unknown>
    5c78: 1d 00 00 00  	<unknown>
    5c7c: 1f 00 00 00  	<unknown>
    5c80: 00 00 00 00  	nop <.pdr>
    5c84: 00 00 00 80  	lb	$zero, 0x0($zero)
    5c88: fc ff ff ff  	<unknown>
		...
    5c94: 70 00 00 00  	tge	$zero, $zero, 0x1 <.pdr+0x1>
    5c98: 1d 00 00 00  	<unknown>
    5c9c: 1f 00 00 00  	<unknown>
		...
    5cb8: 1d 00 00 00  	<unknown>
    5cbc: 1f 00 00 00  	<unknown>
		...
    5cd8: 1d 00 00 00  	<unknown>
    5cdc: 1f 00 00 00  	<unknown>
		...
    5cf8: 1d 00 00 00  	<unknown>
    5cfc: 1f 00 00 00  	<unknown>
		...
    5d18: 1d 00 00 00  	<unknown>
    5d1c: 1f 00 00 00  	<unknown>
		...
    5d38: 1d 00 00 00  	<unknown>
    5d3c: 1f 00 00 00  	<unknown>
		...
    5d58: 1d 00 00 00  	<unknown>
    5d5c: 1f 00 00 00  	<unknown>
    5d60: 00 00 00 00  	nop <.pdr>
    5d64: 00 00 01 80  	lb	$1, 0x0($zero)
    5d68: fc ff ff ff  	<unknown>
		...
    5d74: 18 00 00 00  	mult	$zero, $zero
    5d78: 1d 00 00 00  	<unknown>
    5d7c: 1f 00 00 00  	<unknown>
    5d80: 00 00 00 00  	nop <.pdr>
    5d84: 00 00 01 80  	lb	$1, 0x0($zero)
    5d88: fc ff ff ff  	<unknown>
		...
    5d94: 50 00 00 00  	<unknown>
    5d98: 1d 00 00 00  	<unknown>
    5d9c: 1f 00 00 00  	<unknown>
		...
    5db8: 1d 00 00 00  	<unknown>
    5dbc: 1f 00 00 00  	<unknown>
		...
    5dd8: 1d 00 00 00  	<unknown>
    5ddc: 1f 00 00 00  	<unknown>
		...
    5df8: 1d 00 00 00  	<unknown>
    5dfc: 1f 00 00 00  	<unknown>
		...
    5e18: 1d 00 00 00  	<unknown>
    5e1c: 1f 00 00 00  	<unknown>
		...
    5e38: 1d 00 00 00  	<unknown>
    5e3c: 1f 00 00 00  	<unknown>
		...
    5e58: 1d 00 00 00  	<unknown>
    5e5c: 1f 00 00 00  	<unknown>
		...
    5e78: 1d 00 00 00  	<unknown>
    5e7c: 1f 00 00 00  	<unknown>
		...
    5e98: 1d 00 00 00  	<unknown>
    5e9c: 1f 00 00 00  	<unknown>
		...
    5eb8: 1d 00 00 00  	<unknown>
    5ebc: 1f 00 00 00  	<unknown>
		...
    5ed8: 1d 00 00 00  	<unknown>
    5edc: 1f 00 00 00  	<unknown>
    5ee0: 00 00 00 00  	nop <.pdr>
    5ee4: 00 00 3f 80  	lb	$ra, 0x0($1)
    5ee8: fc ff ff ff  	<unknown>
		...
    5ef4: 30 00 00 00  	tge	$zero, $zero <.pdr>
    5ef8: 1d 00 00 00  	<unknown>
    5efc: 1f 00 00 00  	<unknown>
    5f00: 00 00 00 00  	nop <.pdr>
    5f04: 00 00 07 80  	lb	$7, 0x0($zero)
    5f08: fc ff ff ff  	<unknown>
		...
    5f14: 20 00 00 00  	add	$zero, $zero, $zero
    5f18: 1d 00 00 00  	<unknown>
    5f1c: 1f 00 00 00  	<unknown>
    5f20: 00 00 00 00  	nop <.pdr>
    5f24: 00 00 3f 80  	lb	$ra, 0x0($1)
    5f28: fc ff ff ff  	<unknown>
		...
    5f34: 30 00 00 00  	tge	$zero, $zero <.pdr>
    5f38: 1d 00 00 00  	<unknown>
    5f3c: 1f 00 00 00  	<unknown>
    5f40: 00 00 00 00  	nop <.pdr>
    5f44: 00 00 1f 80  	lb	$ra, 0x0($zero)
    5f48: fc ff ff ff  	<unknown>
		...
    5f54: 28 00 00 00  	<unknown>
    5f58: 1d 00 00 00  	<unknown>
    5f5c: 1f 00 00 00  	<unknown>
    5f60: 00 00 00 00  	nop <.pdr>
    5f64: 00 00 00 80  	lb	$zero, 0x0($zero)
    5f68: fc ff ff ff  	<unknown>
		...
    5f74: 18 00 00 00  	mult	$zero, $zero
    5f78: 1d 00 00 00  	<unknown>
    5f7c: 1f 00 00 00  	<unknown>
    5f80: 00 00 00 00  	nop <.pdr>
    5f84: 00 00 00 80  	lb	$zero, 0x0($zero)
    5f88: fc ff ff ff  	<unknown>
		...
    5f94: 18 00 00 00  	mult	$zero, $zero
    5f98: 1d 00 00 00  	<unknown>
    5f9c: 1f 00 00 00  	<unknown>
    5fa0: 00 00 00 00  	nop <.pdr>
    5fa4: 00 00 00 80  	lb	$zero, 0x0($zero)
    5fa8: fc ff ff ff  	<unknown>
		...
    5fb4: 18 00 00 00  	mult	$zero, $zero
    5fb8: 1d 00 00 00  	<unknown>
    5fbc: 1f 00 00 00  	<unknown>
    5fc0: 00 00 00 00  	nop <.pdr>
    5fc4: 00 00 00 80  	lb	$zero, 0x0($zero)
    5fc8: fc ff ff ff  	<unknown>
		...
    5fd4: 18 00 00 00  	mult	$zero, $zero
    5fd8: 1d 00 00 00  	<unknown>
    5fdc: 1f 00 00 00  	<unknown>
    5fe0: 00 00 00 00  	nop <.pdr>
    5fe4: 00 00 00 80  	lb	$zero, 0x0($zero)
    5fe8: fc ff ff ff  	<unknown>
		...
    5ff4: 18 00 00 00  	mult	$zero, $zero
    5ff8: 1d 00 00 00  	<unknown>
    5ffc: 1f 00 00 00  	<unknown>
    6000: 00 00 00 00  	nop <.pdr>
    6004: 00 00 00 80  	lb	$zero, 0x0($zero)
    6008: fc ff ff ff  	<unknown>
		...
    6014: 18 00 00 00  	mult	$zero, $zero
    6018: 1d 00 00 00  	<unknown>
    601c: 1f 00 00 00  	<unknown>
		...
    6038: 1d 00 00 00  	<unknown>
    603c: 1f 00 00 00  	<unknown>
		...
    6058: 1d 00 00 00  	<unknown>
    605c: 1f 00 00 00  	<unknown>
		...
    6078: 1d 00 00 00  	<unknown>
    607c: 1f 00 00 00  	<unknown>
		...
    6098: 1d 00 00 00  	<unknown>
    609c: 1f 00 00 00  	<unknown>

Disassembly of section .comment:

00000000 <.comment>:
       0: 4c 69 6e 6b  	<unknown>
       4: 65 72 3a 20  	addi	$26, $1, 0x7265 <.pdr+0x7265>
       8: 4c 4c 44 20  	addi	$4, $2, 0x4c4c <.pdr+0x4c4c>
       c: 31 38 2e 31  	andi	$14, $9, 0x3831 <.pdr+0x3831>
      10: 2e 30 00 00  	<unknown>
      14: 72 75 73 74  	jalx	0x1cdd5c8 <.pdr+0x1cdd5c8>
      18: 63 20 76 65  	<unknown>
      1c: 72 73 69 6f  	<unknown>
      20: 6e 20 31 2e  	sltiu	$17, $17, 0x206e <.pdr+0x206e>
      24: 37 38 2e 30  	andi	$14, $1, 0x3837 <.pdr+0x3837>
      28: 2d 6e 69 67  	<unknown>
      2c: 68 74 6c 79  	<unknown>
      30: 20 28 66 34  	ori	$6, $3, 0x2820 <.pdr+0x2820>
      34: 62 37 37 31  	andi	$23, $9, 0x3762 <.pdr+0x3762>
      38: 62 66 31 20  	addi	$17, $1, 0x6662 <.pdr+0x6662>
      3c: 32 30 32 34  	ori	$18, $1, 0x3032 <.pdr+0x3032>
      40: 2d 30 33 2d  	sltiu	$19, $9, 0x302d <.pdr+0x302d>
      44: 31 34 29 00  	tgeu	$1, $9, 0xd0 <.pdr+0xd0>

Disassembly of section .symtab:

00000000 <.symtab>:
		...
      10: 01 00 00 00  	movf	$zero, $zero, $fcc0
		...
      1c: 04 00 f1 ff  	<unknown>
      20: 27 00 00 00  	not	$zero, $zero
      24: 40 ff c4 bf  	cache	0x4, -0xc0($fp) <.pdr+0x4>
      28: c0 00 00 00  	ehb
      2c: 01 00 01 00  	movt	$zero, $zero, $fcc0
      30: 5b 00 00 00  	<unknown>
		...
      3c: 04 00 f1 ff  	<unknown>
      40: 88 00 00 00  	<unknown>
		...
      4c: 04 00 f1 ff  	<unknown>
      50: aa 00 00 00  	<unknown>
		...
      5c: 04 00 f1 ff  	<unknown>
      60: c9 00 00 00  	<unknown>
		...
      6c: 04 00 f1 ff  	<unknown>
      70: e6 00 00 00  	<unknown>
		...
      7c: 04 00 f1 ff  	<unknown>
      80: 03 01 00 00  	sra	$zero, $zero, 0x4 <.pdr+0x4>
		...
      8c: 04 00 f1 ff  	<unknown>
      90: 20 01 00 00  	<unknown>
		...
      9c: 04 00 f1 ff  	<unknown>
      a0: 3d 01 00 00  	<unknown>
		...
      ac: 04 00 f1 ff  	<unknown>
      b0: 5a 01 00 00  	<unknown>
		...
      bc: 04 00 f1 ff  	<unknown>
      c0: 77 01 00 00  	<unknown>
		...
      cc: 04 00 f1 ff  	<unknown>
      d0: 94 01 00 00  	<unknown>
		...
      dc: 04 00 f1 ff  	<unknown>
      e0: b1 01 00 00  	tgeu	$zero, $zero, 0x6 <.pdr+0x6>
		...
      ec: 04 00 f1 ff  	<unknown>
      f0: ce 01 00 00  	<unknown>
		...
      fc: 04 00 f1 ff  	<unknown>
     100: eb 01 00 00  	<unknown>
		...
     10c: 04 00 f1 ff  	<unknown>
     110: 08 02 00 00  	<unknown>
		...
     11c: 04 00 f1 ff  	<unknown>
     120: 25 02 00 00  	<unknown>
		...
     12c: 04 00 f1 ff  	<unknown>
     130: 42 02 00 00  	srl	$zero, $zero, 0x9 <.pdr+0x9>
		...
     13c: 04 00 f1 ff  	<unknown>
     140: 5f 02 00 00  	<unknown>
		...
     14c: 04 00 f1 ff  	<unknown>
     150: 7c 02 00 00  	<unknown>
		...
     15c: 04 00 f1 ff  	<unknown>
     160: a5 02 00 00  	<unknown>
		...
     16c: 04 00 f1 ff  	<unknown>
     170: ce 02 00 00  	<unknown>
		...
     17c: 04 00 f1 ff  	<unknown>
     180: f7 02 00 00  	<unknown>
		...
     18c: 04 00 f1 ff  	<unknown>
     190: 20 03 00 00  	<unknown>
		...
     19c: 04 00 f1 ff  	<unknown>
     1a0: 49 03 00 00  	<unknown>
     1a4: 00 02 00 9d  	<unknown>
     1a8: 10 00 00 00  	mfhi	$zero
     1ac: 02 00 04 00  	srl	$zero, $4, 0x0 <.pdr>
     1b0: 53 03 00 00  	<unknown>
     1b4: 20 02 00 9d  	<unknown>
     1b8: 10 00 00 00  	mfhi	$zero
     1bc: 02 00 05 00  	srl	$zero, $5, 0x0 <.pdr>
     1c0: 5d 03 00 00  	<unknown>
     1c4: 40 02 00 9d  	<unknown>
     1c8: 10 00 00 00  	mfhi	$zero
     1cc: 02 00 06 00  	srl	$zero, $6, 0x0 <.pdr>
     1d0: 67 03 00 00  	<unknown>
     1d4: 60 02 00 9d  	<unknown>
     1d8: 10 00 00 00  	mfhi	$zero
     1dc: 02 00 07 00  	srl	$zero, $7, 0x0 <.pdr>
     1e0: 71 03 00 00  	tgeu	$zero, $zero, 0xd <.pdr+0xd>
     1e4: 80 02 00 9d  	<unknown>
     1e8: 10 00 00 00  	mfhi	$zero
     1ec: 02 00 08 00  	srl	$zero, $8, 0x0 <.pdr>
     1f0: 7b 03 00 00  	<unknown>
     1f4: a0 02 00 9d  	<unknown>
     1f8: 10 00 00 00  	mfhi	$zero
     1fc: 02 00 09 00  	srl	$zero, $9, 0x0 <.pdr>
     200: 85 03 00 00  	<unknown>
     204: c0 02 00 9d  	<unknown>
     208: 10 00 00 00  	mfhi	$zero
     20c: 02 00 0a 00  	srl	$zero, $10, 0x0 <.pdr>
     210: 8f 03 00 00  	sync 0xe <.pdr+0xe>
     214: e0 02 00 9d  	<unknown>
     218: 10 00 00 00  	mfhi	$zero
     21c: 02 00 0b 00  	srl	$zero, $11, 0x0 <.pdr>
     220: 99 03 00 00  	<unknown>
     224: 00 03 00 9d  	<unknown>
     228: 10 00 00 00  	mfhi	$zero
     22c: 02 00 0c 00  	srl	$zero, $12, 0x0 <.pdr>
     230: a3 03 00 00  	<unknown>
     234: 20 03 00 9d  	<unknown>
     238: 10 00 00 00  	mfhi	$zero
     23c: 02 00 0d 00  	srl	$zero, $13, 0x0 <.pdr>
     240: ad 03 00 00  	<unknown>
     244: 40 03 00 9d  	<unknown>
     248: 10 00 00 00  	mfhi	$zero
     24c: 02 00 0e 00  	srl	$zero, $14, 0x0 <.pdr>
     250: b8 03 00 00  	<unknown>
     254: 60 03 00 9d  	<unknown>
     258: 10 00 00 00  	mfhi	$zero
     25c: 02 00 0f 00  	srl	$zero, $15, 0x0 <.pdr>
     260: c3 03 00 00  	sra	$zero, $zero, 0xf <.pdr+0xf>
     264: 80 03 00 9d  	<unknown>
     268: 10 00 00 00  	mfhi	$zero
     26c: 02 00 10 00  	srl	$zero, $16, 0x0 <.pdr>
     270: ce 03 00 00  	<unknown>
     274: a0 03 00 9d  	<unknown>
     278: 10 00 00 00  	mfhi	$zero
     27c: 02 00 11 00  	srl	$zero, $17, 0x0 <.pdr>
     280: d9 03 00 00  	<unknown>
     284: c0 03 00 9d  	<unknown>
     288: 10 00 00 00  	mfhi	$zero
     28c: 02 00 12 00  	srl	$zero, $18, 0x0 <.pdr>
     290: e4 03 00 00  	<unknown>
     294: e0 03 00 9d  	<unknown>
     298: 10 00 00 00  	mfhi	$zero
     29c: 02 00 13 00  	srl	$zero, $19, 0x0 <.pdr>
     2a0: ef 03 00 00  	<unknown>
     2a4: 00 04 00 9d  	<unknown>
     2a8: 10 00 00 00  	mfhi	$zero
     2ac: 02 00 14 00  	srl	$zero, $20, 0x0 <.pdr>
     2b0: fa 03 00 00  	<unknown>
     2b4: 20 04 00 9d  	<unknown>
     2b8: 10 00 00 00  	mfhi	$zero
     2bc: 02 00 15 00  	srl	$zero, $21, 0x0 <.pdr>
     2c0: 05 04 00 00  	<unknown>
     2c4: 40 04 00 9d  	<unknown>
     2c8: 10 00 00 00  	mfhi	$zero
     2cc: 02 00 16 00  	srl	$zero, $22, 0x0 <.pdr>
     2d0: 10 04 00 00  	<unknown>
     2d4: 60 04 00 9d  	<unknown>
     2d8: 10 00 00 00  	mfhi	$zero
     2dc: 02 00 17 00  	srl	$zero, $23, 0x0 <.pdr>
     2e0: 1b 04 00 00  	<unknown>
     2e4: 80 04 00 9d  	<unknown>
     2e8: 10 00 00 00  	mfhi	$zero
     2ec: 02 00 18 00  	srl	$zero, $24, 0x0 <.pdr>
     2f0: 26 04 00 00  	<unknown>
     2f4: a0 04 00 9d  	<unknown>
     2f8: 10 00 00 00  	mfhi	$zero
     2fc: 02 00 19 00  	srl	$zero, $25, 0x0 <.pdr>
     300: 31 04 00 00  	tgeu	$zero, $zero, 0x10 <.pdr+0x10>
     304: c0 04 00 9d  	<unknown>
     308: 10 00 00 00  	mfhi	$zero
     30c: 02 00 1a 00  	srl	$zero, $26, 0x0 <.pdr>
     310: 3c 04 00 00  	<unknown>
     314: e0 04 00 9d  	<unknown>
     318: 10 00 00 00  	mfhi	$zero
     31c: 02 00 1b 00  	srl	$zero, $27, 0x0 <.pdr>
     320: 47 04 00 00  	<unknown>
     324: 00 05 00 9d  	<unknown>
     328: 10 00 00 00  	mfhi	$zero
     32c: 02 00 1c 00  	srl	$zero, $gp, 0x0 <.pdr>
     330: 52 04 00 00  	<unknown>
     334: 20 05 00 9d  	<unknown>
     338: 10 00 00 00  	mfhi	$zero
     33c: 02 00 1d 00  	srl	$zero, $sp, 0x0 <.pdr>
     340: 5d 04 00 00  	<unknown>
     344: 40 05 00 9d  	<unknown>
     348: 10 00 00 00  	mfhi	$zero
     34c: 02 00 1e 00  	srl	$zero, $fp, 0x0 <.pdr>
     350: 68 04 00 00  	<unknown>
     354: 60 05 00 9d  	<unknown>
     358: 10 00 00 00  	mfhi	$zero
     35c: 02 00 1f 00  	srl	$zero, $ra, 0x0 <.pdr>
     360: 73 04 00 00  	tltu	$zero, $zero, 0x11 <.pdr+0x11>
     364: 80 05 00 9d  	<unknown>
     368: 10 00 00 00  	mfhi	$zero
     36c: 02 00 20 00  	rotr	$zero, $zero, 0x0 <.pdr>
     370: 7e 04 00 00  	<unknown>
     374: a0 05 00 9d  	<unknown>
     378: 10 00 00 00  	mfhi	$zero
     37c: 02 00 21 00  	rotr	$zero, $1, 0x0 <.pdr>
     380: 89 04 00 00  	<unknown>
     384: c0 05 00 9d  	<unknown>
     388: 10 00 00 00  	mfhi	$zero
     38c: 02 00 22 00  	rotr	$zero, $2, 0x0 <.pdr>
     390: 94 04 00 00  	<unknown>
     394: e0 05 00 9d  	<unknown>
     398: 10 00 00 00  	mfhi	$zero
     39c: 02 00 23 00  	rotr	$zero, $3, 0x0 <.pdr>
     3a0: 9f 04 00 00  	<unknown>
     3a4: 00 06 00 9d  	<unknown>
     3a8: 10 00 00 00  	mfhi	$zero
     3ac: 02 00 24 00  	rotr	$zero, $4, 0x0 <.pdr>
     3b0: aa 04 00 00  	<unknown>
     3b4: 20 06 00 9d  	<unknown>
     3b8: 10 00 00 00  	mfhi	$zero
     3bc: 02 00 25 00  	rotr	$zero, $5, 0x0 <.pdr>
     3c0: b5 04 00 00  	<unknown>
     3c4: 40 06 00 9d  	<unknown>
     3c8: 10 00 00 00  	mfhi	$zero
     3cc: 02 00 26 00  	rotr	$zero, $6, 0x0 <.pdr>
     3d0: c0 04 00 00  	sll	$zero, $zero, 0x13 <.pdr+0x13>
     3d4: 60 06 00 9d  	<unknown>
     3d8: 10 00 00 00  	mfhi	$zero
     3dc: 02 00 27 00  	rotr	$zero, $7, 0x0 <.pdr>
     3e0: cb 04 00 00  	<unknown>
     3e4: 80 06 00 9d  	<unknown>
     3e8: 10 00 00 00  	mfhi	$zero
     3ec: 02 00 28 00  	rotr	$zero, $8, 0x0 <.pdr>
     3f0: d6 04 00 00  	<unknown>
     3f4: a0 06 00 9d  	<unknown>
     3f8: 10 00 00 00  	mfhi	$zero
     3fc: 02 00 29 00  	rotr	$zero, $9, 0x0 <.pdr>
     400: e1 04 00 00  	<unknown>
     404: c0 06 00 9d  	<unknown>
     408: 10 00 00 00  	mfhi	$zero
     40c: 02 00 2a 00  	rotr	$zero, $10, 0x0 <.pdr>
     410: ec 04 00 00  	<unknown>
     414: e0 06 00 9d  	<unknown>
     418: 10 00 00 00  	mfhi	$zero
     41c: 02 00 2b 00  	rotr	$zero, $11, 0x0 <.pdr>
     420: f7 04 00 00  	<unknown>
     424: 00 07 00 9d  	<unknown>
     428: 10 00 00 00  	mfhi	$zero
     42c: 02 00 2c 00  	rotr	$zero, $12, 0x0 <.pdr>
     430: 02 05 00 00  	srl	$zero, $zero, 0x14 <.pdr+0x14>
     434: 20 07 00 9d  	<unknown>
     438: 10 00 00 00  	mfhi	$zero
     43c: 02 00 2d 00  	rotr	$zero, $13, 0x0 <.pdr>
     440: 0d 05 00 00  	break	0x0, 0x14 <.pdr+0x14>
     444: 40 07 00 9d  	<unknown>
     448: 10 00 00 00  	mfhi	$zero
     44c: 02 00 2e 00  	rotr	$zero, $14, 0x0 <.pdr>
     450: 18 05 00 00  	<unknown>
     454: 60 07 00 9d  	<unknown>
     458: 10 00 00 00  	mfhi	$zero
     45c: 02 00 2f 00  	rotr	$zero, $15, 0x0 <.pdr>
     460: 23 05 00 00  	<unknown>
     464: 80 07 00 9d  	<unknown>
     468: 10 00 00 00  	mfhi	$zero
     46c: 02 00 30 00  	rotr	$zero, $16, 0x0 <.pdr>
     470: 2e 05 00 00  	<unknown>
     474: a0 07 00 9d  	<unknown>
     478: 10 00 00 00  	mfhi	$zero
     47c: 02 00 31 00  	rotr	$zero, $17, 0x0 <.pdr>
     480: 39 05 00 00  	<unknown>
     484: c0 07 00 9d  	<unknown>
     488: 10 00 00 00  	mfhi	$zero
     48c: 02 00 32 00  	rotr	$zero, $18, 0x0 <.pdr>
     490: 44 05 00 00  	<unknown>
     494: e0 07 00 9d  	<unknown>
     498: 10 00 00 00  	mfhi	$zero
     49c: 02 00 33 00  	rotr	$zero, $19, 0x0 <.pdr>
     4a0: 4f 05 00 00  	sync 0x15 <.pdr+0x15>
     4a4: 00 08 00 9d  	<unknown>
     4a8: 10 00 00 00  	mfhi	$zero
     4ac: 02 00 34 00  	rotr	$zero, $20, 0x0 <.pdr>
     4b0: 5a 05 00 00  	<unknown>
     4b4: 20 08 00 9d  	<unknown>
     4b8: 10 00 00 00  	mfhi	$zero
     4bc: 02 00 35 00  	rotr	$zero, $21, 0x0 <.pdr>
     4c0: 65 05 00 00  	<unknown>
     4c4: 40 08 00 9d  	<unknown>
     4c8: 10 00 00 00  	mfhi	$zero
     4cc: 02 00 36 00  	rotr	$zero, $22, 0x0 <.pdr>
     4d0: 70 05 00 00  	tge	$zero, $zero, 0x15 <.pdr+0x15>
     4d4: 60 08 00 9d  	<unknown>
     4d8: 10 00 00 00  	mfhi	$zero
     4dc: 02 00 37 00  	rotr	$zero, $23, 0x0 <.pdr>
     4e0: 7b 05 00 00  	<unknown>
     4e4: 80 08 00 9d  	<unknown>
     4e8: 10 00 00 00  	mfhi	$zero
     4ec: 02 00 38 00  	rotr	$zero, $24, 0x0 <.pdr>
     4f0: 86 05 00 00  	<unknown>
     4f4: a0 08 00 9d  	<unknown>
     4f8: 10 00 00 00  	mfhi	$zero
     4fc: 02 00 39 00  	rotr	$zero, $25, 0x0 <.pdr>
     500: 91 05 00 00  	<unknown>
     504: c0 08 00 9d  	<unknown>
     508: 10 00 00 00  	mfhi	$zero
     50c: 02 00 3a 00  	rotr	$zero, $26, 0x0 <.pdr>
     510: 9c 05 00 00  	<unknown>
     514: e0 08 00 9d  	<unknown>
     518: 10 00 00 00  	mfhi	$zero
     51c: 02 00 3b 00  	rotr	$zero, $27, 0x0 <.pdr>
     520: a7 05 00 00  	<unknown>
     524: 00 09 00 9d  	<unknown>
     528: 10 00 00 00  	mfhi	$zero
     52c: 02 00 3c 00  	rotr	$zero, $gp, 0x0 <.pdr>
     530: b2 05 00 00  	tlt	$zero, $zero, 0x16 <.pdr+0x16>
     534: 20 09 00 9d  	<unknown>
     538: 10 00 00 00  	mfhi	$zero
     53c: 02 00 3d 00  	rotr	$zero, $sp, 0x0 <.pdr>
     540: bd 05 00 00  	<unknown>
     544: 40 09 00 9d  	<unknown>
     548: 10 00 00 00  	mfhi	$zero
     54c: 02 00 3e 00  	rotr	$zero, $fp, 0x0 <.pdr>
     550: c8 05 00 00  	<unknown>
     554: 60 09 00 9d  	<unknown>
     558: 10 00 00 00  	mfhi	$zero
     55c: 02 00 3f 00  	rotr	$zero, $ra, 0x0 <.pdr>
     560: d3 05 00 00  	<unknown>
     564: 80 09 00 9d  	<unknown>
     568: 10 00 00 00  	mfhi	$zero
     56c: 02 00 40 00  	<unknown>
     570: de 05 00 00  	<unknown>
     574: a0 09 00 9d  	<unknown>
     578: 10 00 00 00  	mfhi	$zero
     57c: 02 00 41 00  	<unknown>
     580: e9 05 00 00  	<unknown>
     584: c0 09 00 9d  	<unknown>
     588: 10 00 00 00  	mfhi	$zero
     58c: 02 00 42 00  	<unknown>
     590: f4 05 00 00  	teq	$zero, $zero, 0x17 <.pdr+0x17>
     594: e0 09 00 9d  	<unknown>
     598: 10 00 00 00  	mfhi	$zero
     59c: 02 00 43 00  	<unknown>
     5a0: ff 05 00 00  	<unknown>
     5a4: 28 00 c0 bf  	cache	0x0, 0x28($fp) <.pdr>
     5a8: 00 00 00 00  	nop <.pdr>
     5ac: 00 00 02 00  	sll	$zero, $2, 0x0 <.pdr>
     5b0: 07 06 00 00  	<unknown>
     5b4: e8 00 c0 bf  	cache	0x0, 0xe8($fp) <.pdr>
     5b8: 00 00 00 00  	nop <.pdr>
     5bc: 00 00 02 00  	sll	$zero, $2, 0x0 <.pdr>
     5c0: 11 06 00 00  	<unknown>
     5c4: e0 00 c0 bf  	cache	0x0, 0xe0($fp) <.pdr>
     5c8: 00 00 00 00  	nop <.pdr>
     5cc: 00 00 02 00  	sll	$zero, $2, 0x0 <.pdr>
     5d0: 19 06 00 00  	<unknown>
     5d4: 24 01 c0 bf  	cache	0x0, 0x124($fp) <.pdr>
     5d8: 00 00 00 00  	nop <.pdr>
     5dc: 00 00 02 00  	sll	$zero, $2, 0x0 <.pdr>
     5e0: 24 06 00 00  	<unknown>
     5e4: 14 01 c0 bf  	cache	0x0, 0x114($fp) <.pdr>
     5e8: 00 00 00 00  	nop <.pdr>
     5ec: 00 00 02 00  	sll	$zero, $2, 0x0 <.pdr>
     5f0: 2d 06 00 00  	<unknown>
     5f4: 40 01 c0 bf  	cache	0x0, 0x140($fp) <.pdr>
     5f8: 00 00 00 00  	nop <.pdr>
     5fc: 00 00 02 00  	sll	$zero, $2, 0x0 <.pdr>
     600: e7 17 00 00  	<unknown>
		...
     60c: 00 02 f1 ff  	<unknown>
     610: 36 06 00 00  	tne	$zero, $zero, 0x18 <.pdr+0x18>
     614: f0 09 00 9d  	<unknown>
     618: 30 00 00 00  	tge	$zero, $zero <.pdr>
     61c: 12 00 44 00  	<unknown>
     620: 3b 06 00 00  	<unknown>
     624: 20 0a 00 9d  	<unknown>
     628: 08 00 00 00  	jr	$zero
     62c: 12 00 44 00  	<unknown>
     630: 4a 06 00 00  	<unknown>
     634: 00 00 00 80  	lb	$zero, 0x0($zero)
     638: 01 00 00 00  	movf	$zero, $zero, $fcc0
     63c: 11 00 47 00  	<unknown>
     640: 5d 06 00 00  	<unknown>
     644: 00 00 c0 bf  	cache	0x0, 0x0($fp) <.pdr>
     648: 48 01 00 00  	<unknown>
     64c: 12 00 02 00  	<unknown>
     650: 64 06 00 00  	<unknown>
     654: 00 0b 00 9d  	<unknown>
     658: 00 01 00 00  	sll	$zero, $zero, 0x4 <.pdr+0x4>
     65c: 22 00 44 00  	sub	$zero, $2, $4
     660: 71 06 00 00  	tgeu	$zero, $zero, 0x19 <.pdr+0x19>
     664: 28 0a 00 9d  	<unknown>
     668: 08 00 00 00  	jr	$zero
     66c: 12 00 44 00  	<unknown>
     670: 81 06 00 00  	<unknown>
     674: 28 0a 00 9d  	<unknown>
     678: 08 00 00 00  	jr	$zero
     67c: 22 00 44 00  	sub	$zero, $2, $4
     680: 9c 06 00 00  	<unknown>
     684: 28 0a 00 9d  	<unknown>
     688: 08 00 00 00  	jr	$zero
     68c: 22 00 44 00  	sub	$zero, $2, $4
     690: a9 06 00 00  	<unknown>
     694: 80 01 00 9d  	<unknown>
     698: 10 00 00 00  	mfhi	$zero
     69c: 12 00 03 00  	<unknown>
     6a0: b8 06 00 00  	<unknown>
     6a4: 30 0a 00 9d  	<unknown>
     6a8: d0 00 00 00  	<unknown>
     6ac: 12 00 44 00  	<unknown>
     6b0: cb 06 00 00  	<unknown>
     6b4: 28 0a 00 9d  	<unknown>
     6b8: 00 00 00 00  	nop <.pdr>
     6bc: 12 00 44 00  	<unknown>
     6c0: d8 06 00 00  	<unknown>
     6c4: 00 0b 00 9d  	<unknown>
     6c8: 00 00 00 00  	nop <.pdr>
     6cc: 12 00 44 00  	<unknown>
     6d0: ea 06 00 00  	<unknown>
     6d4: 28 0a 00 9d  	<unknown>
     6d8: 00 00 00 00  	nop <.pdr>
     6dc: 12 00 44 00  	<unknown>
     6e0: f7 06 00 00  	<unknown>
     6e4: 00 0b 00 9d  	<unknown>
     6e8: 00 00 00 00  	nop <.pdr>
     6ec: 12 00 44 00  	<unknown>
     6f0: 09 07 00 00  	<unknown>
     6f4: 28 0a 00 9d  	<unknown>
     6f8: 00 00 00 00  	nop <.pdr>
     6fc: 12 00 44 00  	<unknown>
     700: 16 07 00 00  	<unknown>
     704: 00 0b 00 9d  	<unknown>
     708: 00 00 00 00  	nop <.pdr>
     70c: 12 00 44 00  	<unknown>
     710: 28 07 00 00  	<unknown>
     714: 28 0a 00 9d  	<unknown>
     718: 00 00 00 00  	nop <.pdr>
     71c: 12 00 44 00  	<unknown>
     720: 35 07 00 00  	<unknown>
     724: 00 0b 00 9d  	<unknown>
     728: 00 00 00 00  	nop <.pdr>
     72c: 12 00 44 00  	<unknown>
     730: 47 07 00 00  	<unknown>
     734: 28 0a 00 9d  	<unknown>
     738: 00 00 00 00  	nop <.pdr>
     73c: 12 00 44 00  	<unknown>
     740: 54 07 00 00  	<unknown>
     744: 00 0b 00 9d  	<unknown>
     748: 00 00 00 00  	nop <.pdr>
     74c: 12 00 44 00  	<unknown>
     750: 66 07 00 00  	<unknown>
     754: 28 0a 00 9d  	<unknown>
     758: 00 00 00 00  	nop <.pdr>
     75c: 12 00 44 00  	<unknown>
     760: 73 07 00 00  	tltu	$zero, $zero, 0x1d <.pdr+0x1d>
     764: 00 0b 00 9d  	<unknown>
     768: 00 00 00 00  	nop <.pdr>
     76c: 12 00 44 00  	<unknown>
     770: 85 07 00 00  	<unknown>
     774: 28 0a 00 9d  	<unknown>
     778: 00 00 00 00  	nop <.pdr>
     77c: 12 00 44 00  	<unknown>
     780: 92 07 00 00  	<unknown>
     784: 00 0b 00 9d  	<unknown>
     788: 00 00 00 00  	nop <.pdr>
     78c: 12 00 44 00  	<unknown>
     790: a4 07 00 00  	<unknown>
     794: 28 0a 00 9d  	<unknown>
     798: 00 00 00 00  	nop <.pdr>
     79c: 12 00 44 00  	<unknown>
     7a0: b1 07 00 00  	tgeu	$zero, $zero, 0x1e <.pdr+0x1e>
     7a4: 00 0b 00 9d  	<unknown>
     7a8: 00 00 00 00  	nop <.pdr>
     7ac: 12 00 44 00  	<unknown>
     7b0: c3 07 00 00  	sra	$zero, $zero, 0x1f <.pdr+0x1f>
     7b4: 28 0a 00 9d  	<unknown>
     7b8: 00 00 00 00  	nop <.pdr>
     7bc: 12 00 44 00  	<unknown>
     7c0: d0 07 00 00  	<unknown>
     7c4: 00 0b 00 9d  	<unknown>
     7c8: 00 00 00 00  	nop <.pdr>
     7cc: 12 00 44 00  	<unknown>
     7d0: e2 07 00 00  	<unknown>
     7d4: 28 0a 00 9d  	<unknown>
     7d8: 00 00 00 00  	nop <.pdr>
     7dc: 12 00 44 00  	<unknown>
     7e0: ef 07 00 00  	<unknown>
     7e4: 00 0b 00 9d  	<unknown>
     7e8: 00 00 00 00  	nop <.pdr>
     7ec: 12 00 44 00  	<unknown>
     7f0: 01 08 00 00  	movf	$1, $zero, $fcc0
     7f4: 28 0a 00 9d  	<unknown>
     7f8: 00 00 00 00  	nop <.pdr>
     7fc: 12 00 44 00  	<unknown>
     800: 0f 08 00 00  	sync <.pdr>
     804: 00 0b 00 9d  	<unknown>
     808: 00 00 00 00  	nop <.pdr>
     80c: 12 00 44 00  	<unknown>
     810: 22 08 00 00  	neg	$1, $zero
     814: 28 0a 00 9d  	<unknown>
     818: 00 00 00 00  	nop <.pdr>
     81c: 12 00 44 00  	<unknown>
     820: 30 08 00 00  	tge	$zero, $zero, 0x20 <.pdr+0x20>
     824: 00 0b 00 9d  	<unknown>
     828: 00 00 00 00  	nop <.pdr>
     82c: 12 00 44 00  	<unknown>
     830: 43 08 00 00  	sra	$1, $zero, 0x1 <.pdr+0x1>
     834: 28 0a 00 9d  	<unknown>
     838: 00 00 00 00  	nop <.pdr>
     83c: 12 00 44 00  	<unknown>
     840: 51 08 00 00  	<unknown>
     844: 00 0b 00 9d  	<unknown>
     848: 00 00 00 00  	nop <.pdr>
     84c: 12 00 44 00  	<unknown>
     850: 64 08 00 00  	<unknown>
     854: 28 0a 00 9d  	<unknown>
     858: 00 00 00 00  	nop <.pdr>
     85c: 12 00 44 00  	<unknown>
     860: 72 08 00 00  	tlt	$zero, $zero, 0x21 <.pdr+0x21>
     864: 00 0b 00 9d  	<unknown>
     868: 00 00 00 00  	nop <.pdr>
     86c: 12 00 44 00  	<unknown>
     870: 85 08 00 00  	<unknown>
     874: 28 0a 00 9d  	<unknown>
     878: 00 00 00 00  	nop <.pdr>
     87c: 12 00 44 00  	<unknown>
     880: 93 08 00 00  	<unknown>
     884: 00 0b 00 9d  	<unknown>
     888: 00 00 00 00  	nop <.pdr>
     88c: 12 00 44 00  	<unknown>
     890: a6 08 00 00  	<unknown>
     894: 28 0a 00 9d  	<unknown>
     898: 00 00 00 00  	nop <.pdr>
     89c: 12 00 44 00  	<unknown>
     8a0: b4 08 00 00  	teq	$zero, $zero, 0x22 <.pdr+0x22>
     8a4: 00 0b 00 9d  	<unknown>
     8a8: 00 00 00 00  	nop <.pdr>
     8ac: 12 00 44 00  	<unknown>
     8b0: c7 08 00 00  	<unknown>
     8b4: 28 0a 00 9d  	<unknown>
     8b8: 00 00 00 00  	nop <.pdr>
     8bc: 12 00 44 00  	<unknown>
     8c0: d5 08 00 00  	<unknown>
     8c4: 00 0b 00 9d  	<unknown>
     8c8: 00 00 00 00  	nop <.pdr>
     8cc: 12 00 44 00  	<unknown>
     8d0: e8 08 00 00  	<unknown>
     8d4: 28 0a 00 9d  	<unknown>
     8d8: 00 00 00 00  	nop <.pdr>
     8dc: 12 00 44 00  	<unknown>
     8e0: f6 08 00 00  	tne	$zero, $zero, 0x23 <.pdr+0x23>
     8e4: 00 0b 00 9d  	<unknown>
     8e8: 00 00 00 00  	nop <.pdr>
     8ec: 12 00 44 00  	<unknown>
     8f0: 09 09 00 00  	<unknown>
     8f4: 28 0a 00 9d  	<unknown>
     8f8: 00 00 00 00  	nop <.pdr>
     8fc: 12 00 44 00  	<unknown>
     900: 17 09 00 00  	<unknown>
     904: 00 0b 00 9d  	<unknown>
     908: 00 00 00 00  	nop <.pdr>
     90c: 12 00 44 00  	<unknown>
     910: 2a 09 00 00  	<unknown>
     914: 28 0a 00 9d  	<unknown>
     918: 00 00 00 00  	nop <.pdr>
     91c: 12 00 44 00  	<unknown>
     920: 38 09 00 00  	<unknown>
     924: 00 0b 00 9d  	<unknown>
     928: 00 00 00 00  	nop <.pdr>
     92c: 12 00 44 00  	<unknown>
     930: 4b 09 00 00  	<unknown>
     934: 28 0a 00 9d  	<unknown>
     938: 00 00 00 00  	nop <.pdr>
     93c: 12 00 44 00  	<unknown>
     940: 59 09 00 00  	<unknown>
     944: 00 0b 00 9d  	<unknown>
     948: 00 00 00 00  	nop <.pdr>
     94c: 12 00 44 00  	<unknown>
     950: 6c 09 00 00  	<unknown>
     954: 28 0a 00 9d  	<unknown>
     958: 00 00 00 00  	nop <.pdr>
     95c: 12 00 44 00  	<unknown>
     960: 7a 09 00 00  	<unknown>
     964: 00 0b 00 9d  	<unknown>
     968: 00 00 00 00  	nop <.pdr>
     96c: 12 00 44 00  	<unknown>
     970: 8d 09 00 00  	break	0x0, 0x26 <.pdr+0x26>
     974: 28 0a 00 9d  	<unknown>
     978: 00 00 00 00  	nop <.pdr>
     97c: 12 00 44 00  	<unknown>
     980: 9b 09 00 00  	<unknown>
     984: 00 0b 00 9d  	<unknown>
     988: 00 00 00 00  	nop <.pdr>
     98c: 12 00 44 00  	<unknown>
     990: ae 09 00 00  	<unknown>
     994: 28 0a 00 9d  	<unknown>
     998: 00 00 00 00  	nop <.pdr>
     99c: 12 00 44 00  	<unknown>
     9a0: bc 09 00 00  	<unknown>
     9a4: 00 0b 00 9d  	<unknown>
     9a8: 00 00 00 00  	nop <.pdr>
     9ac: 12 00 44 00  	<unknown>
     9b0: cf 09 00 00  	sync 0x7 <.pdr+0x7>
     9b4: 28 0a 00 9d  	<unknown>
     9b8: 00 00 00 00  	nop <.pdr>
     9bc: 12 00 44 00  	<unknown>
     9c0: dd 09 00 00  	<unknown>
     9c4: 00 0b 00 9d  	<unknown>
     9c8: 00 00 00 00  	nop <.pdr>
     9cc: 12 00 44 00  	<unknown>
     9d0: f0 09 00 00  	tge	$zero, $zero, 0x27 <.pdr+0x27>
     9d4: 28 0a 00 9d  	<unknown>
     9d8: 00 00 00 00  	nop <.pdr>
     9dc: 12 00 44 00  	<unknown>
     9e0: fe 09 00 00  	<unknown>
     9e4: 00 0b 00 9d  	<unknown>
     9e8: 00 00 00 00  	nop <.pdr>
     9ec: 12 00 44 00  	<unknown>
     9f0: 11 0a 00 00  	<unknown>
     9f4: 28 0a 00 9d  	<unknown>
     9f8: 00 00 00 00  	nop <.pdr>
     9fc: 12 00 44 00  	<unknown>
     a00: 1f 0a 00 00  	<unknown>
     a04: 00 0b 00 9d  	<unknown>
     a08: 00 00 00 00  	nop <.pdr>
     a0c: 12 00 44 00  	<unknown>
     a10: 32 0a 00 00  	tlt	$zero, $zero, 0x28 <.pdr+0x28>
     a14: 28 0a 00 9d  	<unknown>
     a18: 00 00 00 00  	nop <.pdr>
     a1c: 12 00 44 00  	<unknown>
     a20: 40 0a 00 00  	sll	$1, $zero, 0x9 <.pdr+0x9>
     a24: 00 0b 00 9d  	<unknown>
     a28: 00 00 00 00  	nop <.pdr>
     a2c: 12 00 44 00  	<unknown>
     a30: 53 0a 00 00  	<unknown>
     a34: 28 0a 00 9d  	<unknown>
     a38: 00 00 00 00  	nop <.pdr>
     a3c: 12 00 44 00  	<unknown>
     a40: 61 0a 00 00  	<unknown>
     a44: 00 0b 00 9d  	<unknown>
     a48: 00 00 00 00  	nop <.pdr>
     a4c: 12 00 44 00  	<unknown>
     a50: 74 0a 00 00  	teq	$zero, $zero, 0x29 <.pdr+0x29>
     a54: 28 0a 00 9d  	<unknown>
     a58: 00 00 00 00  	nop <.pdr>
     a5c: 12 00 44 00  	<unknown>
     a60: 82 0a 00 00  	srl	$1, $zero, 0xa <.pdr+0xa>
     a64: 00 0b 00 9d  	<unknown>
     a68: 00 00 00 00  	nop <.pdr>
     a6c: 12 00 44 00  	<unknown>
     a70: 95 0a 00 00  	<unknown>
     a74: 28 0a 00 9d  	<unknown>
     a78: 00 00 00 00  	nop <.pdr>
     a7c: 12 00 44 00  	<unknown>
     a80: a3 0a 00 00  	<unknown>
     a84: 00 0b 00 9d  	<unknown>
     a88: 00 00 00 00  	nop <.pdr>
     a8c: 12 00 44 00  	<unknown>
     a90: b6 0a 00 00  	tne	$zero, $zero, 0x2a <.pdr+0x2a>
     a94: 28 0a 00 9d  	<unknown>
     a98: 00 00 00 00  	nop <.pdr>
     a9c: 12 00 44 00  	<unknown>
     aa0: c4 0a 00 00  	<unknown>
     aa4: 00 0b 00 9d  	<unknown>
     aa8: 00 00 00 00  	nop <.pdr>
     aac: 12 00 44 00  	<unknown>
     ab0: d7 0a 00 00  	<unknown>
     ab4: 28 0a 00 9d  	<unknown>
     ab8: 00 00 00 00  	nop <.pdr>
     abc: 12 00 44 00  	<unknown>
     ac0: e5 0a 00 00  	<unknown>
     ac4: 00 0b 00 9d  	<unknown>
     ac8: 00 00 00 00  	nop <.pdr>
     acc: 12 00 44 00  	<unknown>
     ad0: f8 0a 00 00  	<unknown>
     ad4: 28 0a 00 9d  	<unknown>
     ad8: 00 00 00 00  	nop <.pdr>
     adc: 12 00 44 00  	<unknown>
     ae0: 06 0b 00 00  	<unknown>
     ae4: 00 0b 00 9d  	<unknown>
     ae8: 00 00 00 00  	nop <.pdr>
     aec: 12 00 44 00  	<unknown>
     af0: 19 0b 00 00  	<unknown>
     af4: 28 0a 00 9d  	<unknown>
     af8: 00 00 00 00  	nop <.pdr>
     afc: 12 00 44 00  	<unknown>
     b00: 27 0b 00 00  	<unknown>
     b04: 00 0b 00 9d  	<unknown>
     b08: 00 00 00 00  	nop <.pdr>
     b0c: 12 00 44 00  	<unknown>
     b10: 3a 0b 00 00  	<unknown>
     b14: 28 0a 00 9d  	<unknown>
     b18: 00 00 00 00  	nop <.pdr>
     b1c: 12 00 44 00  	<unknown>
     b20: 48 0b 00 00  	<unknown>
     b24: 00 0b 00 9d  	<unknown>
     b28: 00 00 00 00  	nop <.pdr>
     b2c: 12 00 44 00  	<unknown>
     b30: 5b 0b 00 00  	<unknown>
     b34: 28 0a 00 9d  	<unknown>
     b38: 00 00 00 00  	nop <.pdr>
     b3c: 12 00 44 00  	<unknown>
     b40: 69 0b 00 00  	<unknown>
     b44: 00 0b 00 9d  	<unknown>
     b48: 00 00 00 00  	nop <.pdr>
     b4c: 12 00 44 00  	<unknown>
     b50: 7c 0b 00 00  	<unknown>
     b54: 28 0a 00 9d  	<unknown>
     b58: 00 00 00 00  	nop <.pdr>
     b5c: 12 00 44 00  	<unknown>
     b60: 8a 0b 00 00  	<unknown>
     b64: 00 0b 00 9d  	<unknown>
     b68: 00 00 00 00  	nop <.pdr>
     b6c: 12 00 44 00  	<unknown>
     b70: 9d 0b 00 00  	<unknown>
     b74: 28 0a 00 9d  	<unknown>
     b78: 00 00 00 00  	nop <.pdr>
     b7c: 12 00 44 00  	<unknown>
     b80: ab 0b 00 00  	<unknown>
     b84: 00 0b 00 9d  	<unknown>
     b88: 00 00 00 00  	nop <.pdr>
     b8c: 12 00 44 00  	<unknown>
     b90: be 0b 00 00  	<unknown>
     b94: 28 0a 00 9d  	<unknown>
     b98: 00 00 00 00  	nop <.pdr>
     b9c: 12 00 44 00  	<unknown>
     ba0: cc 0b 00 00  	syscall	0x2f <.pdr+0x2f>
     ba4: 00 0b 00 9d  	<unknown>
     ba8: 00 00 00 00  	nop <.pdr>
     bac: 12 00 44 00  	<unknown>
     bb0: df 0b 00 00  	<unknown>
     bb4: 28 0a 00 9d  	<unknown>
     bb8: 00 00 00 00  	nop <.pdr>
     bbc: 12 00 44 00  	<unknown>
     bc0: ed 0b 00 00  	<unknown>
     bc4: 00 0b 00 9d  	<unknown>
     bc8: 00 00 00 00  	nop <.pdr>
     bcc: 12 00 44 00  	<unknown>
     bd0: 00 0c 00 00  	sll	$1, $zero, 0x10 <.pdr+0x10>
     bd4: 28 0a 00 9d  	<unknown>
     bd8: 00 00 00 00  	nop <.pdr>
     bdc: 12 00 44 00  	<unknown>
     be0: 0e 0c 00 00  	<unknown>
     be4: 00 0b 00 9d  	<unknown>
     be8: 00 00 00 00  	nop <.pdr>
     bec: 12 00 44 00  	<unknown>
     bf0: 21 0c 00 00  	<unknown>
     bf4: 28 0a 00 9d  	<unknown>
     bf8: 00 00 00 00  	nop <.pdr>
     bfc: 12 00 44 00  	<unknown>
     c00: 2f 0c 00 00  	<unknown>
     c04: 00 0b 00 9d  	<unknown>
     c08: 00 00 00 00  	nop <.pdr>
     c0c: 12 00 44 00  	<unknown>
     c10: 42 0c 00 00  	srl	$1, $zero, 0x11 <.pdr+0x11>
     c14: 28 0a 00 9d  	<unknown>
     c18: 00 00 00 00  	nop <.pdr>
     c1c: 12 00 44 00  	<unknown>
     c20: 50 0c 00 00  	<unknown>
     c24: 00 0b 00 9d  	<unknown>
     c28: 00 00 00 00  	nop <.pdr>
     c2c: 12 00 44 00  	<unknown>
     c30: 63 0c 00 00  	<unknown>
     c34: 28 0a 00 9d  	<unknown>
     c38: 00 00 00 00  	nop <.pdr>
     c3c: 12 00 44 00  	<unknown>
     c40: 71 0c 00 00  	tgeu	$zero, $zero, 0x31 <.pdr+0x31>
     c44: 00 0b 00 9d  	<unknown>
     c48: 00 00 00 00  	nop <.pdr>
     c4c: 12 00 44 00  	<unknown>
     c50: 84 0c 00 00  	<unknown>
     c54: 28 0a 00 9d  	<unknown>
     c58: 00 00 00 00  	nop <.pdr>
     c5c: 12 00 44 00  	<unknown>
     c60: 92 0c 00 00  	<unknown>
     c64: 00 0b 00 9d  	<unknown>
     c68: 00 00 00 00  	nop <.pdr>
     c6c: 12 00 44 00  	<unknown>
     c70: a5 0c 00 00  	<unknown>
     c74: 28 0a 00 9d  	<unknown>
     c78: 00 00 00 00  	nop <.pdr>
     c7c: 12 00 44 00  	<unknown>
     c80: b3 0c 00 00  	tltu	$zero, $zero, 0x32 <.pdr+0x32>
     c84: 00 0b 00 9d  	<unknown>
     c88: 00 00 00 00  	nop <.pdr>
     c8c: 12 00 44 00  	<unknown>
     c90: c6 0c 00 00  	<unknown>
     c94: 28 0a 00 9d  	<unknown>
     c98: 00 00 00 00  	nop <.pdr>
     c9c: 12 00 44 00  	<unknown>
     ca0: d4 0c 00 00  	<unknown>
     ca4: 00 0b 00 9d  	<unknown>
     ca8: 00 00 00 00  	nop <.pdr>
     cac: 12 00 44 00  	<unknown>
     cb0: e7 0c 00 00  	<unknown>
     cb4: 28 0a 00 9d  	<unknown>
     cb8: 00 00 00 00  	nop <.pdr>
     cbc: 12 00 44 00  	<unknown>
     cc0: f5 0c 00 00  	<unknown>
     cc4: 00 0b 00 9d  	<unknown>
     cc8: 00 00 00 00  	nop <.pdr>
     ccc: 12 00 44 00  	<unknown>
     cd0: 08 0d 00 00  	<unknown>
     cd4: 28 0a 00 9d  	<unknown>
     cd8: 00 00 00 00  	nop <.pdr>
     cdc: 12 00 44 00  	<unknown>
     ce0: 16 0d 00 00  	<unknown>
     ce4: 00 0b 00 9d  	<unknown>
     ce8: 00 00 00 00  	nop <.pdr>
     cec: 12 00 44 00  	<unknown>
     cf0: 29 0d 00 00  	<unknown>
     cf4: 28 0a 00 9d  	<unknown>
     cf8: 00 00 00 00  	nop <.pdr>
     cfc: 12 00 44 00  	<unknown>
     d00: 37 0d 00 00  	<unknown>
     d04: 00 0b 00 9d  	<unknown>
     d08: 00 00 00 00  	nop <.pdr>
     d0c: 12 00 44 00  	<unknown>
     d10: 4a 0d 00 00  	<unknown>
     d14: 28 0a 00 9d  	<unknown>
     d18: 00 00 00 00  	nop <.pdr>
     d1c: 12 00 44 00  	<unknown>
     d20: 58 0d 00 00  	<unknown>
     d24: 00 0b 00 9d  	<unknown>
     d28: 00 00 00 00  	nop <.pdr>
     d2c: 12 00 44 00  	<unknown>
     d30: 6b 0d 00 00  	<unknown>
     d34: 28 0a 00 9d  	<unknown>
     d38: 00 00 00 00  	nop <.pdr>
     d3c: 12 00 44 00  	<unknown>
     d40: 79 0d 00 00  	<unknown>
     d44: 00 0b 00 9d  	<unknown>
     d48: 00 00 00 00  	nop <.pdr>
     d4c: 12 00 44 00  	<unknown>
     d50: 8c 0d 00 00  	syscall	0x36 <.pdr+0x36>
     d54: 28 0a 00 9d  	<unknown>
     d58: 00 00 00 00  	nop <.pdr>
     d5c: 12 00 44 00  	<unknown>
     d60: 9a 0d 00 00  	<unknown>
     d64: 00 0b 00 9d  	<unknown>
     d68: 00 00 00 00  	nop <.pdr>
     d6c: 12 00 44 00  	<unknown>
     d70: ad 0d 00 00  	<unknown>
     d74: 28 0a 00 9d  	<unknown>
     d78: 00 00 00 00  	nop <.pdr>
     d7c: 12 00 44 00  	<unknown>
     d80: bb 0d 00 00  	<unknown>
     d84: 00 0b 00 9d  	<unknown>
     d88: 00 00 00 00  	nop <.pdr>
     d8c: 12 00 44 00  	<unknown>
     d90: ce 0d 00 00  	<unknown>
     d94: 28 0a 00 9d  	<unknown>
     d98: 00 00 00 00  	nop <.pdr>
     d9c: 12 00 44 00  	<unknown>
     da0: dc 0d 00 00  	<unknown>
     da4: 00 0b 00 9d  	<unknown>
     da8: 00 00 00 00  	nop <.pdr>
     dac: 12 00 44 00  	<unknown>
     db0: ef 0d 00 00  	<unknown>
     db4: 28 0a 00 9d  	<unknown>
     db8: 00 00 00 00  	nop <.pdr>
     dbc: 12 00 44 00  	<unknown>
     dc0: fd 0d 00 00  	<unknown>
     dc4: 00 0b 00 9d  	<unknown>
     dc8: 00 00 00 00  	nop <.pdr>
     dcc: 12 00 44 00  	<unknown>
     dd0: 10 0e 00 00  	<unknown>
     dd4: 28 0a 00 9d  	<unknown>
     dd8: 00 00 00 00  	nop <.pdr>
     ddc: 12 00 44 00  	<unknown>
     de0: 1e 0e 00 00  	<unknown>
     de4: 00 0b 00 9d  	<unknown>
     de8: 00 00 00 00  	nop <.pdr>
     dec: 12 00 44 00  	<unknown>
     df0: 31 0e 00 00  	tgeu	$zero, $zero, 0x38 <.pdr+0x38>
     df4: 28 0a 00 9d  	<unknown>
     df8: 00 00 00 00  	nop <.pdr>
     dfc: 12 00 44 00  	<unknown>
     e00: 3f 0e 00 00  	<unknown>
     e04: 00 0b 00 9d  	<unknown>
     e08: 00 00 00 00  	nop <.pdr>
     e0c: 12 00 44 00  	<unknown>
     e10: 52 0e 00 00  	<unknown>
     e14: 28 0a 00 9d  	<unknown>
     e18: 00 00 00 00  	nop <.pdr>
     e1c: 12 00 44 00  	<unknown>
     e20: 60 0e 00 00  	<unknown>
     e24: 00 0b 00 9d  	<unknown>
     e28: 00 00 00 00  	nop <.pdr>
     e2c: 12 00 44 00  	<unknown>
     e30: 73 0e 00 00  	tltu	$zero, $zero, 0x39 <.pdr+0x39>
     e34: 28 0a 00 9d  	<unknown>
     e38: 00 00 00 00  	nop <.pdr>
     e3c: 12 00 44 00  	<unknown>
     e40: 81 0e 00 00  	<unknown>
     e44: 00 0b 00 9d  	<unknown>
     e48: 00 00 00 00  	nop <.pdr>
     e4c: 12 00 44 00  	<unknown>
     e50: 94 0e 00 00  	<unknown>
     e54: 28 0a 00 9d  	<unknown>
     e58: 00 00 00 00  	nop <.pdr>
     e5c: 12 00 44 00  	<unknown>
     e60: a2 0e 00 00  	<unknown>
     e64: 00 0b 00 9d  	<unknown>
     e68: 00 00 00 00  	nop <.pdr>
     e6c: 12 00 44 00  	<unknown>
     e70: b5 0e 00 00  	<unknown>
     e74: 28 0a 00 9d  	<unknown>
     e78: 00 00 00 00  	nop <.pdr>
     e7c: 12 00 44 00  	<unknown>
     e80: c3 0e 00 00  	sra	$1, $zero, 0x1b <.pdr+0x1b>
     e84: 00 0b 00 9d  	<unknown>
     e88: 00 00 00 00  	nop <.pdr>
     e8c: 12 00 44 00  	<unknown>
     e90: d6 0e 00 00  	<unknown>
     e94: 28 0a 00 9d  	<unknown>
     e98: 00 00 00 00  	nop <.pdr>
     e9c: 12 00 44 00  	<unknown>
     ea0: e4 0e 00 00  	<unknown>
     ea4: 00 0b 00 9d  	<unknown>
     ea8: 00 00 00 00  	nop <.pdr>
     eac: 12 00 44 00  	<unknown>
     eb0: f7 0e 00 00  	<unknown>
     eb4: 28 0a 00 9d  	<unknown>
     eb8: 00 00 00 00  	nop <.pdr>
     ebc: 12 00 44 00  	<unknown>
     ec0: 02 0f 00 00  	srl	$1, $zero, 0x1c <.pdr+0x1c>
     ec4: 00 0b 00 9d  	<unknown>
     ec8: 00 00 00 00  	nop <.pdr>
     ecc: 12 00 44 00  	<unknown>
     ed0: 15 0f 00 00  	<unknown>
     ed4: 28 0a 00 9d  	<unknown>
     ed8: 00 00 00 00  	nop <.pdr>
     edc: 12 00 44 00  	<unknown>
     ee0: 25 0f 00 00  	<unknown>
     ee4: 00 0b 00 9d  	<unknown>
     ee8: 00 00 00 00  	nop <.pdr>
     eec: 12 00 44 00  	<unknown>
     ef0: 3d 0f 00 00  	<unknown>
     ef4: 28 0a 00 9d  	<unknown>
     ef8: 00 00 00 00  	nop <.pdr>
     efc: 12 00 44 00  	<unknown>
     f00: 4d 0f 00 00  	break	0x0, 0x3d <.pdr+0x3d>
     f04: 00 0b 00 9d  	<unknown>
     f08: 00 00 00 00  	nop <.pdr>
     f0c: 12 00 44 00  	<unknown>
     f10: 65 0f 00 00  	<unknown>
     f14: 28 0a 00 9d  	<unknown>
     f18: 00 00 00 00  	nop <.pdr>
     f1c: 12 00 44 00  	<unknown>
     f20: 70 0f 00 00  	tge	$zero, $zero, 0x3d <.pdr+0x3d>
     f24: 00 0b 00 9d  	<unknown>
     f28: 00 00 00 00  	nop <.pdr>
     f2c: 12 00 44 00  	<unknown>
     f30: 83 0f 00 00  	sra	$1, $zero, 0x1e <.pdr+0x1e>
     f34: 28 0a 00 9d  	<unknown>
     f38: 00 00 00 00  	nop <.pdr>
     f3c: 12 00 44 00  	<unknown>
     f40: 8b 0f 00 00  	<unknown>
     f44: 00 0b 00 9d  	<unknown>
     f48: 00 00 00 00  	nop <.pdr>
     f4c: 12 00 44 00  	<unknown>
     f50: 9b 0f 00 00  	<unknown>
     f54: 28 0a 00 9d  	<unknown>
     f58: 00 00 00 00  	nop <.pdr>
     f5c: 12 00 44 00  	<unknown>
     f60: b1 0f 00 00  	tgeu	$zero, $zero, 0x3e <.pdr+0x3e>
     f64: 00 0b 00 9d  	<unknown>
     f68: 00 00 00 00  	nop <.pdr>
     f6c: 12 00 44 00  	<unknown>
     f70: cf 0f 00 00  	sync 0x1f <.pdr+0x1f>
     f74: 28 0a 00 9d  	<unknown>
     f78: 00 00 00 00  	nop <.pdr>
     f7c: 12 00 44 00  	<unknown>
     f80: df 0f 00 00  	<unknown>
     f84: 00 0b 00 9d  	<unknown>
     f88: 00 00 00 00  	nop <.pdr>
     f8c: 12 00 44 00  	<unknown>
     f90: f7 0f 00 00  	<unknown>
     f94: 28 0a 00 9d  	<unknown>
     f98: 00 00 00 00  	nop <.pdr>
     f9c: 12 00 44 00  	<unknown>
     fa0: 08 10 00 00  	<unknown>
     fa4: 00 0b 00 9d  	<unknown>
     fa8: 00 00 00 00  	nop <.pdr>
     fac: 12 00 44 00  	<unknown>
     fb0: 21 10 00 00  	move	$2, $zero
     fb4: 28 0a 00 9d  	<unknown>
     fb8: 00 00 00 00  	nop <.pdr>
     fbc: 12 00 44 00  	<unknown>
     fc0: 2c 10 00 00  	<unknown>
     fc4: 00 0b 00 9d  	<unknown>
     fc8: 00 00 00 00  	nop <.pdr>
     fcc: 12 00 44 00  	<unknown>
     fd0: 3f 10 00 00  	<unknown>
     fd4: 28 0a 00 9d  	<unknown>
     fd8: 00 00 00 00  	nop <.pdr>
     fdc: 12 00 44 00  	<unknown>
     fe0: 47 10 00 00  	<unknown>
     fe4: 00 0b 00 9d  	<unknown>
     fe8: 00 00 00 00  	nop <.pdr>
     fec: 12 00 44 00  	<unknown>
     ff0: 57 10 00 00  	<unknown>
     ff4: 28 0a 00 9d  	<unknown>
     ff8: 00 00 00 00  	nop <.pdr>
     ffc: 12 00 44 00  	<unknown>
    1000: 6d 10 00 00  	<unknown>
    1004: 00 0b 00 9d  	<unknown>
    1008: 00 00 00 00  	nop <.pdr>
    100c: 12 00 44 00  	<unknown>
    1010: 8b 10 00 00  	<unknown>
    1014: 28 0a 00 9d  	<unknown>
    1018: 00 00 00 00  	nop <.pdr>
    101c: 12 00 44 00  	<unknown>
    1020: 9b 10 00 00  	<unknown>
    1024: 00 0b 00 9d  	<unknown>
    1028: 00 00 00 00  	nop <.pdr>
    102c: 12 00 44 00  	<unknown>
    1030: b3 10 00 00  	tltu	$zero, $zero, 0x42 <.pdr+0x42>
    1034: 28 0a 00 9d  	<unknown>
    1038: 00 00 00 00  	nop <.pdr>
    103c: 12 00 44 00  	<unknown>
    1040: c4 10 00 00  	<unknown>
    1044: 00 0b 00 9d  	<unknown>
    1048: 00 00 00 00  	nop <.pdr>
    104c: 12 00 44 00  	<unknown>
    1050: dd 10 00 00  	<unknown>
    1054: 28 0a 00 9d  	<unknown>
    1058: 00 00 00 00  	nop <.pdr>
    105c: 12 00 44 00  	<unknown>
    1060: e8 10 00 00  	<unknown>
    1064: 00 0b 00 9d  	<unknown>
    1068: 00 00 00 00  	nop <.pdr>
    106c: 12 00 44 00  	<unknown>
    1070: fb 10 00 00  	<unknown>
    1074: 28 0a 00 9d  	<unknown>
    1078: 00 00 00 00  	nop <.pdr>
    107c: 12 00 44 00  	<unknown>
    1080: 03 11 00 00  	sra	$2, $zero, 0x4 <.pdr+0x4>
    1084: 00 0b 00 9d  	<unknown>
    1088: 00 00 00 00  	nop <.pdr>
    108c: 12 00 44 00  	<unknown>
    1090: 13 11 00 00  	<unknown>
    1094: 28 0a 00 9d  	<unknown>
    1098: 00 00 00 00  	nop <.pdr>
    109c: 12 00 44 00  	<unknown>
    10a0: 29 11 00 00  	<unknown>
    10a4: 00 0b 00 9d  	<unknown>
    10a8: 00 00 00 00  	nop <.pdr>
    10ac: 12 00 44 00  	<unknown>
    10b0: 47 11 00 00  	<unknown>
    10b4: 28 0a 00 9d  	<unknown>
    10b8: 00 00 00 00  	nop <.pdr>
    10bc: 12 00 44 00  	<unknown>
    10c0: 57 11 00 00  	<unknown>
    10c4: 00 0b 00 9d  	<unknown>
    10c8: 00 00 00 00  	nop <.pdr>
    10cc: 12 00 44 00  	<unknown>
    10d0: 6f 11 00 00  	<unknown>
    10d4: 28 0a 00 9d  	<unknown>
    10d8: 00 00 00 00  	nop <.pdr>
    10dc: 12 00 44 00  	<unknown>
    10e0: 80 11 00 00  	sll	$2, $zero, 0x6 <.pdr+0x6>
    10e4: 00 0b 00 9d  	<unknown>
    10e8: 00 00 00 00  	nop <.pdr>
    10ec: 12 00 44 00  	<unknown>
    10f0: 99 11 00 00  	<unknown>
    10f4: 28 0a 00 9d  	<unknown>
    10f8: 00 00 00 00  	nop <.pdr>
    10fc: 12 00 44 00  	<unknown>
    1100: a4 11 00 00  	<unknown>
    1104: 00 0b 00 9d  	<unknown>
    1108: 00 00 00 00  	nop <.pdr>
    110c: 12 00 44 00  	<unknown>
    1110: b7 11 00 00  	<unknown>
    1114: 28 0a 00 9d  	<unknown>
    1118: 00 00 00 00  	nop <.pdr>
    111c: 12 00 44 00  	<unknown>
    1120: bf 11 00 00  	<unknown>
    1124: 00 0b 00 9d  	<unknown>
    1128: 00 00 00 00  	nop <.pdr>
    112c: 12 00 44 00  	<unknown>
    1130: cf 11 00 00  	sync 0x7 <.pdr+0x7>
    1134: 28 0a 00 9d  	<unknown>
    1138: 00 00 00 00  	nop <.pdr>
    113c: 12 00 44 00  	<unknown>
    1140: e5 11 00 00  	<unknown>
    1144: 00 0b 00 9d  	<unknown>
    1148: 00 00 00 00  	nop <.pdr>
    114c: 12 00 44 00  	<unknown>
    1150: 03 12 00 00  	sra	$2, $zero, 0x8 <.pdr+0x8>
    1154: 28 0a 00 9d  	<unknown>
    1158: 00 00 00 00  	nop <.pdr>
    115c: 12 00 44 00  	<unknown>
    1160: 13 12 00 00  	<unknown>
    1164: 00 0b 00 9d  	<unknown>
    1168: 00 00 00 00  	nop <.pdr>
    116c: 12 00 44 00  	<unknown>
    1170: 2b 12 00 00  	<unknown>
    1174: 28 0a 00 9d  	<unknown>
    1178: 00 00 00 00  	nop <.pdr>
    117c: 12 00 44 00  	<unknown>
    1180: 3c 12 00 00  	<unknown>
    1184: 00 0b 00 9d  	<unknown>
    1188: 00 00 00 00  	nop <.pdr>
    118c: 12 00 44 00  	<unknown>
    1190: 55 12 00 00  	<unknown>
    1194: 28 0a 00 9d  	<unknown>
    1198: 00 00 00 00  	nop <.pdr>
    119c: 12 00 44 00  	<unknown>
    11a0: 60 12 00 00  	<unknown>
    11a4: 00 0b 00 9d  	<unknown>
    11a8: 00 00 00 00  	nop <.pdr>
    11ac: 12 00 44 00  	<unknown>
    11b0: 73 12 00 00  	tltu	$zero, $zero, 0x49 <.pdr+0x49>
    11b4: 28 0a 00 9d  	<unknown>
    11b8: 00 00 00 00  	nop <.pdr>
    11bc: 12 00 44 00  	<unknown>
    11c0: 7b 12 00 00  	<unknown>
    11c4: 00 0b 00 9d  	<unknown>
    11c8: 00 00 00 00  	nop <.pdr>
    11cc: 12 00 44 00  	<unknown>
    11d0: 8b 12 00 00  	<unknown>
    11d4: 28 0a 00 9d  	<unknown>
    11d8: 00 00 00 00  	nop <.pdr>
    11dc: 12 00 44 00  	<unknown>
    11e0: a1 12 00 00  	<unknown>
    11e4: 00 0b 00 9d  	<unknown>
    11e8: 00 00 00 00  	nop <.pdr>
    11ec: 12 00 44 00  	<unknown>
    11f0: bf 12 00 00  	<unknown>
    11f4: 28 0a 00 9d  	<unknown>
    11f8: 00 00 00 00  	nop <.pdr>
    11fc: 12 00 44 00  	<unknown>
    1200: cf 12 00 00  	sync 0xb <.pdr+0xb>
    1204: 00 0b 00 9d  	<unknown>
    1208: 00 00 00 00  	nop <.pdr>
    120c: 12 00 44 00  	<unknown>
    1210: e7 12 00 00  	<unknown>
    1214: 28 0a 00 9d  	<unknown>
    1218: 00 00 00 00  	nop <.pdr>
    121c: 12 00 44 00  	<unknown>
    1220: f8 12 00 00  	<unknown>
    1224: 00 0b 00 9d  	<unknown>
    1228: 00 00 00 00  	nop <.pdr>
    122c: 12 00 44 00  	<unknown>
    1230: 11 13 00 00  	<unknown>
    1234: 28 0a 00 9d  	<unknown>
    1238: 00 00 00 00  	nop <.pdr>
    123c: 12 00 44 00  	<unknown>
    1240: 19 13 00 00  	<unknown>
    1244: 00 0b 00 9d  	<unknown>
    1248: 00 00 00 00  	nop <.pdr>
    124c: 12 00 44 00  	<unknown>
    1250: 29 13 00 00  	<unknown>
    1254: 28 0a 00 9d  	<unknown>
    1258: 00 00 00 00  	nop <.pdr>
    125c: 12 00 44 00  	<unknown>
    1260: 3f 13 00 00  	<unknown>
    1264: 00 0b 00 9d  	<unknown>
    1268: 00 00 00 00  	nop <.pdr>
    126c: 12 00 44 00  	<unknown>
    1270: 5d 13 00 00  	<unknown>
    1274: 28 0a 00 9d  	<unknown>
    1278: 00 00 00 00  	nop <.pdr>
    127c: 12 00 44 00  	<unknown>
    1280: 6d 13 00 00  	<unknown>
    1284: 00 0b 00 9d  	<unknown>
    1288: 00 00 00 00  	nop <.pdr>
    128c: 12 00 44 00  	<unknown>
    1290: 85 13 00 00  	<unknown>
    1294: 28 0a 00 9d  	<unknown>
    1298: 00 00 00 00  	nop <.pdr>
    129c: 12 00 44 00  	<unknown>
    12a0: 96 13 00 00  	<unknown>
    12a4: 00 0b 00 9d  	<unknown>
    12a8: 00 00 00 00  	nop <.pdr>
    12ac: 12 00 44 00  	<unknown>
    12b0: af 13 00 00  	<unknown>
    12b4: 28 0a 00 9d  	<unknown>
    12b8: 00 00 00 00  	nop <.pdr>
    12bc: 12 00 44 00  	<unknown>
    12c0: b7 13 00 00  	<unknown>
    12c4: 00 0b 00 9d  	<unknown>
    12c8: 00 00 00 00  	nop <.pdr>
    12cc: 12 00 44 00  	<unknown>
    12d0: c7 13 00 00  	<unknown>
    12d4: 28 0a 00 9d  	<unknown>
    12d8: 00 00 00 00  	nop <.pdr>
    12dc: 12 00 44 00  	<unknown>
    12e0: dd 13 00 00  	<unknown>
    12e4: 00 0b 00 9d  	<unknown>
    12e8: 00 00 00 00  	nop <.pdr>
    12ec: 12 00 44 00  	<unknown>
    12f0: fb 13 00 00  	<unknown>
    12f4: 28 0a 00 9d  	<unknown>
    12f8: 00 00 00 00  	nop <.pdr>
    12fc: 12 00 44 00  	<unknown>
    1300: 0b 14 00 00  	<unknown>
    1304: 00 0b 00 9d  	<unknown>
    1308: 00 00 00 00  	nop <.pdr>
    130c: 12 00 44 00  	<unknown>
    1310: 23 14 00 00  	<unknown>
    1314: 28 0a 00 9d  	<unknown>
    1318: 00 00 00 00  	nop <.pdr>
    131c: 12 00 44 00  	<unknown>
    1320: 34 14 00 00  	teq	$zero, $zero, 0x50 <.pdr+0x50>
    1324: 00 0b 00 9d  	<unknown>
    1328: 00 00 00 00  	nop <.pdr>
    132c: 12 00 44 00  	<unknown>
    1330: 4d 14 00 00  	break	0x0, 0x51 <.pdr+0x51>
    1334: 28 0a 00 9d  	<unknown>
    1338: 00 00 00 00  	nop <.pdr>
    133c: 12 00 44 00  	<unknown>
    1340: 55 14 00 00  	<unknown>
    1344: 00 0b 00 9d  	<unknown>
    1348: 00 00 00 00  	nop <.pdr>
    134c: 12 00 44 00  	<unknown>
    1350: 65 14 00 00  	<unknown>
    1354: 28 0a 00 9d  	<unknown>
    1358: 00 00 00 00  	nop <.pdr>
    135c: 12 00 44 00  	<unknown>
    1360: 7b 14 00 00  	<unknown>
    1364: 00 0b 00 9d  	<unknown>
    1368: 00 00 00 00  	nop <.pdr>
    136c: 12 00 44 00  	<unknown>
    1370: 99 14 00 00  	<unknown>
    1374: 28 0a 00 9d  	<unknown>
    1378: 00 00 00 00  	nop <.pdr>
    137c: 12 00 44 00  	<unknown>
    1380: a9 14 00 00  	<unknown>
    1384: 00 0b 00 9d  	<unknown>
    1388: 00 00 00 00  	nop <.pdr>
    138c: 12 00 44 00  	<unknown>
    1390: c1 14 00 00  	<unknown>
    1394: 28 0a 00 9d  	<unknown>
    1398: 00 00 00 00  	nop <.pdr>
    139c: 12 00 44 00  	<unknown>
    13a0: d2 14 00 00  	<unknown>
    13a4: 00 0b 00 9d  	<unknown>
    13a8: 00 00 00 00  	nop <.pdr>
    13ac: 12 00 44 00  	<unknown>
    13b0: eb 14 00 00  	<unknown>
    13b4: 28 0a 00 9d  	<unknown>
    13b8: 00 00 00 00  	nop <.pdr>
    13bc: 12 00 44 00  	<unknown>
    13c0: f3 14 00 00  	tltu	$zero, $zero, 0x53 <.pdr+0x53>
    13c4: 00 0b 00 9d  	<unknown>
    13c8: 00 00 00 00  	nop <.pdr>
    13cc: 12 00 44 00  	<unknown>
    13d0: 03 15 00 00  	sra	$2, $zero, 0x14 <.pdr+0x14>
    13d4: 28 0a 00 9d  	<unknown>
    13d8: 00 00 00 00  	nop <.pdr>
    13dc: 12 00 44 00  	<unknown>
    13e0: 19 15 00 00  	<unknown>
    13e4: 00 0b 00 9d  	<unknown>
    13e8: 00 00 00 00  	nop <.pdr>
    13ec: 12 00 44 00  	<unknown>
    13f0: 37 15 00 00  	<unknown>
    13f4: 28 0a 00 9d  	<unknown>
    13f8: 00 00 00 00  	nop <.pdr>
    13fc: 12 00 44 00  	<unknown>
    1400: 47 15 00 00  	<unknown>
    1404: 00 0b 00 9d  	<unknown>
    1408: 00 00 00 00  	nop <.pdr>
    140c: 12 00 44 00  	<unknown>
    1410: 5f 15 00 00  	<unknown>
    1414: 28 0a 00 9d  	<unknown>
    1418: 00 00 00 00  	nop <.pdr>
    141c: 12 00 44 00  	<unknown>
    1420: 70 15 00 00  	tge	$zero, $zero, 0x55 <.pdr+0x55>
    1424: 00 0b 00 9d  	<unknown>
    1428: 00 00 00 00  	nop <.pdr>
    142c: 12 00 44 00  	<unknown>
    1430: 89 15 00 00  	<unknown>
    1434: 28 0a 00 9d  	<unknown>
    1438: 00 00 00 00  	nop <.pdr>
    143c: 12 00 44 00  	<unknown>
    1440: 8d 15 00 00  	break	0x0, 0x56 <.pdr+0x56>
    1444: 00 0b 00 9d  	<unknown>
    1448: 00 00 00 00  	nop <.pdr>
    144c: 12 00 44 00  	<unknown>
    1450: 99 15 00 00  	<unknown>
    1454: 28 0a 00 9d  	<unknown>
    1458: 00 00 00 00  	nop <.pdr>
    145c: 12 00 44 00  	<unknown>
    1460: a2 15 00 00  	<unknown>
    1464: 00 0b 00 9d  	<unknown>
    1468: 00 00 00 00  	nop <.pdr>
    146c: 12 00 44 00  	<unknown>
    1470: b3 15 00 00  	tltu	$zero, $zero, 0x56 <.pdr+0x56>
    1474: 28 0a 00 9d  	<unknown>
    1478: 00 00 00 00  	nop <.pdr>
    147c: 12 00 44 00  	<unknown>
    1480: bb 15 00 00  	<unknown>
    1484: 00 0b 00 9d  	<unknown>
    1488: 00 00 00 00  	nop <.pdr>
    148c: 12 00 44 00  	<unknown>
    1490: cb 15 00 00  	<unknown>
    1494: 28 0a 00 9d  	<unknown>
    1498: 00 00 00 00  	nop <.pdr>
    149c: 12 00 44 00  	<unknown>
    14a0: d3 15 00 00  	<unknown>
    14a4: 00 0b 00 9d  	<unknown>
    14a8: 00 00 00 00  	nop <.pdr>
    14ac: 12 00 44 00  	<unknown>
    14b0: e3 15 00 00  	<unknown>
    14b4: 28 0a 00 9d  	<unknown>
    14b8: 00 00 00 00  	nop <.pdr>
    14bc: 12 00 44 00  	<unknown>
    14c0: eb 15 00 00  	<unknown>
    14c4: 00 0b 00 9d  	<unknown>
    14c8: 00 00 00 00  	nop <.pdr>
    14cc: 12 00 44 00  	<unknown>
    14d0: fb 15 00 00  	<unknown>
    14d4: 28 0a 00 9d  	<unknown>
    14d8: 00 00 00 00  	nop <.pdr>
    14dc: 12 00 44 00  	<unknown>
    14e0: 03 16 00 00  	sra	$2, $zero, 0x18 <.pdr+0x18>
    14e4: 00 0b 00 9d  	<unknown>
    14e8: 00 00 00 00  	nop <.pdr>
    14ec: 12 00 44 00  	<unknown>
    14f0: 13 16 00 00  	<unknown>
    14f4: 28 0a 00 9d  	<unknown>
    14f8: 00 00 00 00  	nop <.pdr>
    14fc: 12 00 44 00  	<unknown>
    1500: 1b 16 00 00  	<unknown>
    1504: 00 0b 00 9d  	<unknown>
    1508: 00 00 00 00  	nop <.pdr>
    150c: 12 00 44 00  	<unknown>
    1510: 2b 16 00 00  	<unknown>
    1514: 28 0a 00 9d  	<unknown>
    1518: 00 00 00 00  	nop <.pdr>
    151c: 12 00 44 00  	<unknown>
    1520: 33 16 00 00  	tltu	$zero, $zero, 0x58 <.pdr+0x58>
    1524: 00 0b 00 9d  	<unknown>
    1528: 00 00 00 00  	nop <.pdr>
    152c: 12 00 44 00  	<unknown>
    1530: 43 16 00 00  	sra	$2, $zero, 0x19 <.pdr+0x19>
    1534: 28 0a 00 9d  	<unknown>
    1538: 00 00 00 00  	nop <.pdr>
    153c: 12 00 44 00  	<unknown>
    1540: 4b 16 00 00  	<unknown>
    1544: 00 0b 00 9d  	<unknown>
    1548: 00 00 00 00  	nop <.pdr>
    154c: 12 00 44 00  	<unknown>
    1550: 5b 16 00 00  	<unknown>
    1554: 28 0a 00 9d  	<unknown>
    1558: 00 00 00 00  	nop <.pdr>
    155c: 12 00 44 00  	<unknown>
    1560: 63 16 00 00  	<unknown>
    1564: 00 0b 00 9d  	<unknown>
    1568: 00 00 00 00  	nop <.pdr>
    156c: 12 00 44 00  	<unknown>
    1570: 73 16 00 00  	tltu	$zero, $zero, 0x59 <.pdr+0x59>
    1574: 28 0a 00 9d  	<unknown>
    1578: 00 00 00 00  	nop <.pdr>
    157c: 12 00 44 00  	<unknown>
    1580: 7b 16 00 00  	<unknown>
    1584: 00 0b 00 9d  	<unknown>
    1588: 00 00 00 00  	nop <.pdr>
    158c: 12 00 44 00  	<unknown>
    1590: 8b 16 00 00  	<unknown>
    1594: 28 0a 00 9d  	<unknown>
    1598: 00 00 00 00  	nop <.pdr>
    159c: 12 00 44 00  	<unknown>
    15a0: 93 16 00 00  	<unknown>
    15a4: 00 0b 00 9d  	<unknown>
    15a8: 00 00 00 00  	nop <.pdr>
    15ac: 12 00 44 00  	<unknown>
    15b0: a3 16 00 00  	<unknown>
    15b4: 28 0a 00 9d  	<unknown>
    15b8: 00 00 00 00  	nop <.pdr>
    15bc: 12 00 44 00  	<unknown>
    15c0: ab 16 00 00  	<unknown>
    15c4: 00 0b 00 9d  	<unknown>
    15c8: 00 00 00 00  	nop <.pdr>
    15cc: 12 00 44 00  	<unknown>
    15d0: bb 16 00 00  	<unknown>
    15d4: 28 0a 00 9d  	<unknown>
    15d8: 00 00 00 00  	nop <.pdr>
    15dc: 12 00 44 00  	<unknown>
    15e0: c3 16 00 00  	sra	$2, $zero, 0x1b <.pdr+0x1b>
    15e4: 00 0b 00 9d  	<unknown>
    15e8: 00 00 00 00  	nop <.pdr>
    15ec: 12 00 44 00  	<unknown>
    15f0: d3 16 00 00  	<unknown>
    15f4: 28 0a 00 9d  	<unknown>
    15f8: 00 00 00 00  	nop <.pdr>
    15fc: 12 00 44 00  	<unknown>
    1600: dd 16 00 00  	<unknown>
    1604: 00 0b 00 9d  	<unknown>
    1608: 00 00 00 00  	nop <.pdr>
    160c: 12 00 44 00  	<unknown>
    1610: ef 16 00 00  	<unknown>
    1614: 28 0a 00 9d  	<unknown>
    1618: 00 00 00 00  	nop <.pdr>
    161c: 12 00 44 00  	<unknown>
    1620: f9 16 00 00  	<unknown>
    1624: 00 0b 00 9d  	<unknown>
    1628: 00 00 00 00  	nop <.pdr>
    162c: 12 00 44 00  	<unknown>
    1630: 0b 17 00 00  	<unknown>
    1634: 28 0a 00 9d  	<unknown>
    1638: 00 00 00 00  	nop <.pdr>
    163c: 12 00 44 00  	<unknown>
    1640: 15 17 00 00  	<unknown>
    1644: 00 0b 00 9d  	<unknown>
    1648: 00 00 00 00  	nop <.pdr>
    164c: 12 00 44 00  	<unknown>
    1650: 27 17 00 00  	<unknown>
    1654: 28 0a 00 9d  	<unknown>
    1658: 00 00 00 00  	nop <.pdr>
    165c: 12 00 44 00  	<unknown>
    1660: 31 17 00 00  	tgeu	$zero, $zero, 0x5c <.pdr+0x5c>
    1664: 00 0b 00 9d  	<unknown>
    1668: 00 00 00 00  	nop <.pdr>
    166c: 12 00 44 00  	<unknown>
    1670: 43 17 00 00  	sra	$2, $zero, 0x1d <.pdr+0x1d>
    1674: 28 0a 00 9d  	<unknown>
    1678: 00 00 00 00  	nop <.pdr>
    167c: 12 00 44 00  	<unknown>
    1680: 4d 17 00 00  	break	0x0, 0x5d <.pdr+0x5d>
    1684: 00 0b 00 9d  	<unknown>
    1688: 00 00 00 00  	nop <.pdr>
    168c: 12 00 44 00  	<unknown>
    1690: 5f 17 00 00  	<unknown>
    1694: 28 0a 00 9d  	<unknown>
    1698: 00 00 00 00  	nop <.pdr>
    169c: 12 00 44 00  	<unknown>
    16a0: 69 17 00 00  	<unknown>
    16a4: 00 0b 00 9d  	<unknown>
    16a8: 00 00 00 00  	nop <.pdr>
    16ac: 12 00 44 00  	<unknown>
    16b0: 7b 17 00 00  	<unknown>
    16b4: 00 00 00 9d  	<unknown>
    16b8: 00 00 00 00  	nop <.pdr>
    16bc: 10 00 f1 ff  	<unknown>
    16c0: 8a 17 00 00  	<unknown>
    16c4: 01 00 00 00  	movf	$zero, $zero, $fcc0
    16c8: 00 00 00 00  	nop <.pdr>
    16cc: 10 00 f1 ff  	<unknown>
    16d0: 9a 17 00 00  	<unknown>
    16d4: 04 00 00 80  	lb	$zero, 0x4($zero)
    16d8: 00 00 00 00  	nop <.pdr>
    16dc: 10 00 48 00  	<unknown>
    16e0: a4 17 00 00  	<unknown>
    16e4: 00 00 08 80  	lb	$8, 0x0($zero)
    16e8: 00 00 00 00  	nop <.pdr>
    16ec: 10 00 f1 ff  	<unknown>
    16f0: ab 17 00 00  	<unknown>
    16f4: 20 0a 00 9d  	<unknown>
    16f8: 00 00 00 00  	nop <.pdr>
    16fc: 12 00 44 00  	<unknown>
    1700: b6 17 00 00  	tne	$zero, $zero, 0x5e <.pdr+0x5e>
    1704: 00 00 00 80  	lb	$zero, 0x0($zero)
    1708: 00 00 00 00  	nop <.pdr>
    170c: 10 00 47 00  	<unknown>
    1710: bd 17 00 00  	<unknown>
    1714: 04 00 00 80  	lb	$zero, 0x4($zero)
    1718: 00 00 00 00  	nop <.pdr>
    171c: 10 00 47 00  	<unknown>
    1720: c4 17 00 00  	<unknown>
    1724: 00 0c 00 9d  	<unknown>
    1728: 00 00 00 00  	nop <.pdr>
    172c: 10 00 f1 ff  	<unknown>
    1730: cd 17 00 00  	break	0x0, 0x5f <.pdr+0x5f>
    1734: 00 00 00 80  	lb	$zero, 0x0($zero)
    1738: 00 00 00 00  	nop <.pdr>
    173c: 10 00 46 00  	<unknown>
    1740: d5 17 00 00  	<unknown>
    1744: 00 00 00 80  	lb	$zero, 0x0($zero)
    1748: 00 00 00 00  	nop <.pdr>
    174c: 10 00 46 00  	<unknown>
    1750: dd 17 00 00  	<unknown>
    1754: 04 00 00 80  	lb	$zero, 0x4($zero)
    1758: 00 00 00 00  	nop <.pdr>
    175c: 10 00 48 00  	<unknown>

Disassembly of section .shstrtab:

00000000 <.shstrtab>:
       0: 00 2e 63 6f  	<unknown>
       4: 6e 66 69 67  	<unknown>
       8: 73 66 72 73  	<unknown>
       c: 00 2e 72 65  	<unknown>
      10: 73 65 74 00  	tltu	$3, $20, 0x195 <.pdr+0x195>
      14: 2e 61 70 70  	<unknown>
      18: 5f 65 78 63  	<unknown>
      1c: 70 74 00 2e  	sltiu	$zero, $16, 0x7470 <.pdr+0x7470>
      20: 76 65 63 74  	jalx	0x18d95d8 <.pdr+0x18d95d8>
      24: 6f 72 5f 30  	andi	$ra, $2, 0x726f <.pdr+0x726f>
      28: 00 2e 76 65  	<unknown>
      2c: 63 74 6f 72  	<unknown>
      30: 5f 31 00 2e  	sltiu	$zero, $16, 0x315f <.pdr+0x315f>
      34: 76 65 63 74  	jalx	0x18d95d8 <.pdr+0x18d95d8>
      38: 6f 72 5f 32  	andi	$ra, $18, 0x726f <.pdr+0x726f>
      3c: 00 2e 76 65  	<unknown>
      40: 63 74 6f 72  	<unknown>
      44: 5f 33 00 2e  	sltiu	$zero, $16, 0x335f <.pdr+0x335f>
      48: 76 65 63 74  	jalx	0x18d95d8 <.pdr+0x18d95d8>
      4c: 6f 72 5f 34  	ori	$ra, $2, 0x726f <.pdr+0x726f>
      50: 00 2e 76 65  	<unknown>
      54: 63 74 6f 72  	<unknown>
      58: 5f 35 00 2e  	sltiu	$zero, $16, 0x355f <.pdr+0x355f>
      5c: 76 65 63 74  	jalx	0x18d95d8 <.pdr+0x18d95d8>
      60: 6f 72 5f 36  	ori	$ra, $18, 0x726f <.pdr+0x726f>
      64: 00 2e 76 65  	<unknown>
      68: 63 74 6f 72  	<unknown>
      6c: 5f 37 00 2e  	sltiu	$zero, $16, 0x375f <.pdr+0x375f>
      70: 76 65 63 74  	jalx	0x18d95d8 <.pdr+0x18d95d8>
      74: 6f 72 5f 38  	xori	$ra, $2, 0x726f <.pdr+0x726f>
      78: 00 2e 76 65  	<unknown>
      7c: 63 74 6f 72  	<unknown>
      80: 5f 39 00 2e  	sltiu	$zero, $16, 0x395f <.pdr+0x395f>
      84: 76 65 63 74  	jalx	0x18d95d8 <.pdr+0x18d95d8>
      88: 6f 72 5f 31  	andi	$ra, $10, 0x726f <.pdr+0x726f>
      8c: 30 00 2e 76  	jalx	0x8b800c0 <.pdr+0x8b800c0>
      90: 65 63 74 6f  	<unknown>
      94: 72 5f 31 31  	andi	$17, $9, 0x5f72 <.pdr+0x5f72>
      98: 00 2e 76 65  	<unknown>
      9c: 63 74 6f 72  	<unknown>
      a0: 5f 31 32 00  	<unknown>
      a4: 2e 76 65 63  	<unknown>
      a8: 74 6f 72 5f  	<unknown>
      ac: 31 33 00 2e  	sltiu	$zero, $16, 0x3331 <.pdr+0x3331>
      b0: 76 65 63 74  	jalx	0x18d95d8 <.pdr+0x18d95d8>
      b4: 6f 72 5f 31  	andi	$ra, $10, 0x726f <.pdr+0x726f>
      b8: 34 00 2e 76  	jalx	0x8b800d0 <.pdr+0x8b800d0>
      bc: 65 63 74 6f  	<unknown>
      c0: 72 5f 31 35  	ori	$17, $9, 0x5f72 <.pdr+0x5f72>
      c4: 00 2e 76 65  	<unknown>
      c8: 63 74 6f 72  	<unknown>
      cc: 5f 31 36 00  	<unknown>
      d0: 2e 76 65 63  	<unknown>
      d4: 74 6f 72 5f  	<unknown>
      d8: 31 37 00 2e  	sltiu	$zero, $16, 0x3731 <.pdr+0x3731>
      dc: 76 65 63 74  	jalx	0x18d95d8 <.pdr+0x18d95d8>
      e0: 6f 72 5f 31  	andi	$ra, $10, 0x726f <.pdr+0x726f>
      e4: 38 00 2e 76  	jalx	0x8b800e0 <.pdr+0x8b800e0>
      e8: 65 63 74 6f  	<unknown>
      ec: 72 5f 31 39  	xori	$17, $9, 0x5f72 <.pdr+0x5f72>
      f0: 00 2e 76 65  	<unknown>
      f4: 63 74 6f 72  	<unknown>
      f8: 5f 32 30 00  	<unknown>
      fc: 2e 76 65 63  	<unknown>
     100: 74 6f 72 5f  	<unknown>
     104: 32 31 00 2e  	sltiu	$zero, $16, 0x3132 <.pdr+0x3132>
     108: 76 65 63 74  	jalx	0x18d95d8 <.pdr+0x18d95d8>
     10c: 6f 72 5f 32  	andi	$ra, $18, 0x726f <.pdr+0x726f>
     110: 32 00 2e 76  	jalx	0x8b800c8 <.pdr+0x8b800c8>
     114: 65 63 74 6f  	<unknown>
     118: 72 5f 32 33  	andi	$18, $25, 0x5f72 <.pdr+0x5f72>
     11c: 00 2e 76 65  	<unknown>
     120: 63 74 6f 72  	<unknown>
     124: 5f 32 34 00  	<unknown>
     128: 2e 76 65 63  	<unknown>
     12c: 74 6f 72 5f  	<unknown>
     130: 32 35 00 2e  	sltiu	$zero, $16, 0x3532 <.pdr+0x3532>
     134: 76 65 63 74  	jalx	0x18d95d8 <.pdr+0x18d95d8>
     138: 6f 72 5f 32  	andi	$ra, $18, 0x726f <.pdr+0x726f>
     13c: 36 00 2e 76  	jalx	0x8b800d8 <.pdr+0x8b800d8>
     140: 65 63 74 6f  	<unknown>
     144: 72 5f 32 37  	ori	$18, $25, 0x5f72 <.pdr+0x5f72>
     148: 00 2e 76 65  	<unknown>
     14c: 63 74 6f 72  	<unknown>
     150: 5f 32 38 00  	<unknown>
     154: 2e 76 65 63  	<unknown>
     158: 74 6f 72 5f  	<unknown>
     15c: 32 39 00 2e  	sltiu	$zero, $16, 0x3932 <.pdr+0x3932>
     160: 76 65 63 74  	jalx	0x18d95d8 <.pdr+0x18d95d8>
     164: 6f 72 5f 33  	andi	$ra, $26, 0x726f <.pdr+0x726f>
     168: 30 00 2e 76  	jalx	0x8b800c0 <.pdr+0x8b800c0>
     16c: 65 63 74 6f  	<unknown>
     170: 72 5f 33 31  	andi	$19, $9, 0x5f72 <.pdr+0x5f72>
     174: 00 2e 76 65  	<unknown>
     178: 63 74 6f 72  	<unknown>
     17c: 5f 33 32 00  	<unknown>
     180: 2e 76 65 63  	<unknown>
     184: 74 6f 72 5f  	<unknown>
     188: 33 33 00 2e  	sltiu	$zero, $16, 0x3333 <.pdr+0x3333>
     18c: 76 65 63 74  	jalx	0x18d95d8 <.pdr+0x18d95d8>
     190: 6f 72 5f 33  	andi	$ra, $26, 0x726f <.pdr+0x726f>
     194: 34 00 2e 76  	jalx	0x8b800d0 <.pdr+0x8b800d0>
     198: 65 63 74 6f  	<unknown>
     19c: 72 5f 33 35  	ori	$19, $9, 0x5f72 <.pdr+0x5f72>
     1a0: 00 2e 76 65  	<unknown>
     1a4: 63 74 6f 72  	<unknown>
     1a8: 5f 33 36 00  	<unknown>
     1ac: 2e 76 65 63  	<unknown>
     1b0: 74 6f 72 5f  	<unknown>
     1b4: 33 37 00 2e  	sltiu	$zero, $16, 0x3733 <.pdr+0x3733>
     1b8: 76 65 63 74  	jalx	0x18d95d8 <.pdr+0x18d95d8>
     1bc: 6f 72 5f 33  	andi	$ra, $26, 0x726f <.pdr+0x726f>
     1c0: 38 00 2e 76  	jalx	0x8b800e0 <.pdr+0x8b800e0>
     1c4: 65 63 74 6f  	<unknown>
     1c8: 72 5f 33 39  	xori	$19, $9, 0x5f72 <.pdr+0x5f72>
     1cc: 00 2e 76 65  	<unknown>
     1d0: 63 74 6f 72  	<unknown>
     1d4: 5f 34 30 00  	<unknown>
     1d8: 2e 76 65 63  	<unknown>
     1dc: 74 6f 72 5f  	<unknown>
     1e0: 34 31 00 2e  	sltiu	$zero, $16, 0x3134 <.pdr+0x3134>
     1e4: 76 65 63 74  	jalx	0x18d95d8 <.pdr+0x18d95d8>
     1e8: 6f 72 5f 34  	ori	$ra, $2, 0x726f <.pdr+0x726f>
     1ec: 32 00 2e 76  	jalx	0x8b800c8 <.pdr+0x8b800c8>
     1f0: 65 63 74 6f  	<unknown>
     1f4: 72 5f 34 33  	andi	$20, $25, 0x5f72 <.pdr+0x5f72>
     1f8: 00 2e 76 65  	<unknown>
     1fc: 63 74 6f 72  	<unknown>
     200: 5f 34 34 00  	<unknown>
     204: 2e 76 65 63  	<unknown>
     208: 74 6f 72 5f  	<unknown>
     20c: 34 35 00 2e  	sltiu	$zero, $16, 0x3534 <.pdr+0x3534>
     210: 76 65 63 74  	jalx	0x18d95d8 <.pdr+0x18d95d8>
     214: 6f 72 5f 34  	ori	$ra, $2, 0x726f <.pdr+0x726f>
     218: 36 00 2e 76  	jalx	0x8b800d8 <.pdr+0x8b800d8>
     21c: 65 63 74 6f  	<unknown>
     220: 72 5f 34 37  	ori	$20, $25, 0x5f72 <.pdr+0x5f72>
     224: 00 2e 76 65  	<unknown>
     228: 63 74 6f 72  	<unknown>
     22c: 5f 34 38 00  	<unknown>
     230: 2e 76 65 63  	<unknown>
     234: 74 6f 72 5f  	<unknown>
     238: 34 39 00 2e  	sltiu	$zero, $16, 0x3934 <.pdr+0x3934>
     23c: 76 65 63 74  	jalx	0x18d95d8 <.pdr+0x18d95d8>
     240: 6f 72 5f 35  	ori	$ra, $10, 0x726f <.pdr+0x726f>
     244: 30 00 2e 76  	jalx	0x8b800c0 <.pdr+0x8b800c0>
     248: 65 63 74 6f  	<unknown>
     24c: 72 5f 35 31  	andi	$21, $9, 0x5f72 <.pdr+0x5f72>
     250: 00 2e 76 65  	<unknown>
     254: 63 74 6f 72  	<unknown>
     258: 5f 35 32 00  	<unknown>
     25c: 2e 76 65 63  	<unknown>
     260: 74 6f 72 5f  	<unknown>
     264: 35 33 00 2e  	sltiu	$zero, $16, 0x3335 <.pdr+0x3335>
     268: 76 65 63 74  	jalx	0x18d95d8 <.pdr+0x18d95d8>
     26c: 6f 72 5f 35  	ori	$ra, $10, 0x726f <.pdr+0x726f>
     270: 34 00 2e 76  	jalx	0x8b800d0 <.pdr+0x8b800d0>
     274: 65 63 74 6f  	<unknown>
     278: 72 5f 35 35  	ori	$21, $9, 0x5f72 <.pdr+0x5f72>
     27c: 00 2e 76 65  	<unknown>
     280: 63 74 6f 72  	<unknown>
     284: 5f 35 36 00  	<unknown>
     288: 2e 76 65 63  	<unknown>
     28c: 74 6f 72 5f  	<unknown>
     290: 35 37 00 2e  	sltiu	$zero, $16, 0x3735 <.pdr+0x3735>
     294: 76 65 63 74  	jalx	0x18d95d8 <.pdr+0x18d95d8>
     298: 6f 72 5f 35  	ori	$ra, $10, 0x726f <.pdr+0x726f>
     29c: 38 00 2e 76  	jalx	0x8b800e0 <.pdr+0x8b800e0>
     2a0: 65 63 74 6f  	<unknown>
     2a4: 72 5f 35 39  	xori	$21, $9, 0x5f72 <.pdr+0x5f72>
     2a8: 00 2e 76 65  	<unknown>
     2ac: 63 74 6f 72  	<unknown>
     2b0: 5f 36 30 00  	<unknown>
     2b4: 2e 76 65 63  	<unknown>
     2b8: 74 6f 72 5f  	<unknown>
     2bc: 36 31 00 2e  	sltiu	$zero, $16, 0x3136 <.pdr+0x3136>
     2c0: 76 65 63 74  	jalx	0x18d95d8 <.pdr+0x18d95d8>
     2c4: 6f 72 5f 36  	ori	$ra, $18, 0x726f <.pdr+0x726f>
     2c8: 32 00 2e 76  	jalx	0x8b800c8 <.pdr+0x8b800c8>
     2cc: 65 63 74 6f  	<unknown>
     2d0: 72 5f 36 33  	andi	$22, $25, 0x5f72 <.pdr+0x5f72>
     2d4: 00 2e 74 65  	<unknown>
     2d8: 78 74 00 2e  	sltiu	$zero, $16, 0x7478 <.pdr+0x7478>
     2dc: 72 6f 64 61  	<unknown>
     2e0: 74 61 00 2e  	sltiu	$zero, $16, 0x6174 <.pdr+0x6174>
     2e4: 64 61 74 61  	<unknown>
     2e8: 00 2e 62 73  	<unknown>
     2ec: 73 00 2e 75  	jalx	0x4b801cc <.pdr+0x4b801cc>
     2f0: 6e 69 6e 69  	<unknown>
     2f4: 74 00 2e 6d  	<unknown>
     2f8: 64 65 62 75  	jalx	0x5899590 <.pdr+0x5899590>
     2fc: 67 2e 61 62  	<unknown>
     300: 69 33 32 00  	<unknown>
     304: 2e 70 64 72  	<unknown>
     308: 00 2e 63 6f  	<unknown>
     30c: 6d 6d 65 6e  	<unknown>
     310: 74 00 2e 73  	<unknown>
     314: 79 6d 74 61  	<unknown>
     318: 62 00 2e 73  	<unknown>
     31c: 68 73 74 72  	<unknown>
     320: 74 61 62 00  	teq	$3, $2, 0x185 <.pdr+0x185>
     324: 2e 73 74 72  	<unknown>
     328: 74 61 62 00  	teq	$3, $2, 0x185 <.pdr+0x185>

Disassembly of section .strtab:

00000000 <.strtab>:
       0: 00 70 69 63  	<unknown>
       4: 33 32 6d 7a  	<unknown>
       8: 5f 62 6c 69  	<unknown>
       c: 6e 6b 79 2e  	sltiu	$25, $19, 0x6b6e <.pdr+0x6b6e>
      10: 64 37 38 39  	xori	$24, $9, 0x3764 <.pdr+0x3764>
      14: 65 63 32 63  	<unknown>
      18: 61 38 63 31  	andi	$3, $11, 0x3861 <.pdr+0x3861>
      1c: 32 32 66 34  	ori	$6, $3, 0x3232 <.pdr+0x3232>
      20: 2d 63 67 75  	jalx	0x59d8cb4 <.pdr+0x59d8cb4>
      24: 2e 30 00 5f  	bgtzl	$24, 0xc0e0 <.pdr+0xc0e0>
      28: 5a 4e 31 34  	ori	$17, $1, 0x4e5a <.pdr+0x4e5a>
      2c: 70 69 63 33  	andi	$3, $27, 0x6970 <.pdr+0x6970>
      30: 32 6d 7a 5f  	<unknown>
      34: 62 6c 69 6e  	<unknown>
      38: 6b 79 31 30  	andi	$17, $1, 0x796b <.pdr+0x796b>
      3c: 43 4f 4e 46  	<unknown>
      40: 49 47 53 46  	<unknown>
      44: 52 53 31 37  	ori	$17, $25, 0x5352 <.pdr+0x5352>
      48: 68 62 39 35  	ori	$25, $9, 0x6268 <.pdr+0x6268>
      4c: 31 66 31 31  	andi	$17, $9, 0x6631 <.pdr+0x6631>
      50: 37 30 32 33  	andi	$18, $25, 0x3037 <.pdr+0x3037>
      54: 35 63 31 39  	xori	$17, $9, 0x6335 <.pdr+0x6335>
      58: 65 45 00 70  	<unknown>
      5c: 69 63 33 32  	andi	$19, $17, 0x6369 <.pdr+0x6369>
      60: 6d 7a 32 30  	andi	$18, $1, 0x7a6d <.pdr+0x7a6d>
      64: 34 38 65 66  	<unknown>
      68: 6d 31 34 34  	ori	$20, $1, 0x316d <.pdr+0x316d>
      6c: 5f 70 61 63  	<unknown>
      70: 2e 33 39 38  	xori	$25, $1, 0x332e <.pdr+0x332e>
      74: 38 38 34 35  	ori	$20, $9, 0x3838 <.pdr+0x3838>
      78: 30 65 30 32  	andi	$16, $17, 0x6530 <.pdr+0x6530>
      7c: 61 61 32 65  	<unknown>
      80: 35 2d 63 67  	<unknown>
      84: 75 2e 30 00  	<unknown>
      88: 70 61 6e 69  	<unknown>
      8c: 63 5f 68 61  	<unknown>
      90: 6c 74 2e 62  	<unknown>
      94: 63 34 65 35  	ori	$5, $11, 0x3463 <.pdr+0x3463>
      98: 63 36 64 31  	andi	$4, $11, 0x3663 <.pdr+0x3663>
      9c: 37 35 62 37  	ori	$2, $27, 0x3537 <.pdr+0x3537>
      a0: 37 34 62 2d  	sltiu	$2, $11, 0x3437 <.pdr+0x3437>
      a4: 63 67 75 2e  	sltiu	$21, $19, 0x6763 <.pdr+0x6763>
      a8: 30 00 6d 69  	<unknown>
      ac: 70 73 5f 72  	<unknown>
      b0: 74 2e 66 30  	andi	$6, $3, 0x2e74 <.pdr+0x2e74>
      b4: 35 36 35 34  	ori	$21, $1, 0x3635 <.pdr+0x3635>
      b8: 33 63 31 66  	<unknown>
      bc: 32 30 65 34  	ori	$5, $3, 0x3032 <.pdr+0x3032>
      c0: 63 38 2d 63  	<unknown>
      c4: 67 75 2e 30  	andi	$14, $1, 0x7567 <.pdr+0x7567>
      c8: 00 63 6f 72  	<unknown>
      cc: 65 2e 64 39  	xori	$4, $11, 0x2e65 <.pdr+0x2e65>
      d0: 38 31 31 31  	andi	$17, $9, 0x3138 <.pdr+0x3138>
      d4: 34 32 66 31  	andi	$6, $11, 0x3234 <.pdr+0x3234>
      d8: 65 32 61 33  	andi	$1, $27, 0x3265 <.pdr+0x3265>
      dc: 34 65 2d 63  	<unknown>
      e0: 67 75 2e 30  	andi	$14, $1, 0x7567 <.pdr+0x7567>
      e4: 32 00 63 6f  	<unknown>
      e8: 72 65 2e 64  	<unknown>
      ec: 39 38 31 31  	andi	$17, $9, 0x3839 <.pdr+0x3839>
      f0: 31 34 32 66  	<unknown>
      f4: 31 65 32 61  	<unknown>
      f8: 33 34 65 2d  	sltiu	$5, $11, 0x3433 <.pdr+0x3433>
      fc: 63 67 75 2e  	sltiu	$21, $19, 0x6763 <.pdr+0x6763>
     100: 30 31 00 63  	<unknown>
     104: 6f 72 65 2e  	sltiu	$5, $19, 0x726f <.pdr+0x726f>
     108: 64 39 38 31  	andi	$24, $9, 0x3964 <.pdr+0x3964>
     10c: 31 31 34 32  	andi	$20, $17, 0x3131 <.pdr+0x3131>
     110: 66 31 65 32  	andi	$5, $19, 0x3166 <.pdr+0x3166>
     114: 61 33 34 65  	<unknown>
     118: 2d 63 67 75  	jalx	0x59d8cb4 <.pdr+0x59d8cb4>
     11c: 2e 30 36 00  	<unknown>
     120: 63 6f 72 65  	<unknown>
     124: 2e 64 39 38  	xori	$25, $1, 0x642e <.pdr+0x642e>
     128: 31 31 31 34  	ori	$17, $1, 0x3131 <.pdr+0x3131>
     12c: 32 66 31 65  	<unknown>
     130: 32 61 33 34  	ori	$19, $1, 0x6132 <.pdr+0x6132>
     134: 65 2d 63 67  	<unknown>
     138: 75 2e 30 37  	ori	$16, $25, 0x2e75 <.pdr+0x2e75>
     13c: 00 63 6f 72  	<unknown>
     140: 65 2e 64 39  	xori	$4, $11, 0x2e65 <.pdr+0x2e65>
     144: 38 31 31 31  	andi	$17, $9, 0x3138 <.pdr+0x3138>
     148: 34 32 66 31  	andi	$6, $11, 0x3234 <.pdr+0x3234>
     14c: 65 32 61 33  	andi	$1, $27, 0x3265 <.pdr+0x3265>
     150: 34 65 2d 63  	<unknown>
     154: 67 75 2e 30  	andi	$14, $1, 0x7567 <.pdr+0x7567>
     158: 38 00 63 6f  	<unknown>
     15c: 72 65 2e 64  	<unknown>
     160: 39 38 31 31  	andi	$17, $9, 0x3839 <.pdr+0x3839>
     164: 31 34 32 66  	<unknown>
     168: 31 65 32 61  	<unknown>
     16c: 33 34 65 2d  	sltiu	$5, $11, 0x3433 <.pdr+0x3433>
     170: 63 67 75 2e  	sltiu	$21, $19, 0x6763 <.pdr+0x6763>
     174: 30 34 00 63  	<unknown>
     178: 6f 72 65 2e  	sltiu	$5, $19, 0x726f <.pdr+0x726f>
     17c: 64 39 38 31  	andi	$24, $9, 0x3964 <.pdr+0x3964>
     180: 31 31 34 32  	andi	$20, $17, 0x3131 <.pdr+0x3131>
     184: 66 31 65 32  	andi	$5, $19, 0x3166 <.pdr+0x3166>
     188: 61 33 34 65  	<unknown>
     18c: 2d 63 67 75  	jalx	0x59d8cb4 <.pdr+0x59d8cb4>
     190: 2e 30 30 00  	<unknown>
     194: 63 6f 72 65  	<unknown>
     198: 2e 64 39 38  	xori	$25, $1, 0x642e <.pdr+0x642e>
     19c: 31 31 31 34  	ori	$17, $1, 0x3131 <.pdr+0x3131>
     1a0: 32 66 31 65  	<unknown>
     1a4: 32 61 33 34  	ori	$19, $1, 0x6132 <.pdr+0x6132>
     1a8: 65 2d 63 67  	<unknown>
     1ac: 75 2e 30 39  	xori	$16, $9, 0x2e75 <.pdr+0x2e75>
     1b0: 00 63 6f 72  	<unknown>
     1b4: 65 2e 64 39  	xori	$4, $11, 0x2e65 <.pdr+0x2e65>
     1b8: 38 31 31 31  	andi	$17, $9, 0x3138 <.pdr+0x3138>
     1bc: 34 32 66 31  	andi	$6, $11, 0x3234 <.pdr+0x3234>
     1c0: 65 32 61 33  	andi	$1, $27, 0x3265 <.pdr+0x3265>
     1c4: 34 65 2d 63  	<unknown>
     1c8: 67 75 2e 31  	andi	$14, $9, 0x7567 <.pdr+0x7567>
     1cc: 30 00 63 6f  	<unknown>
     1d0: 72 65 2e 64  	<unknown>
     1d4: 39 38 31 31  	andi	$17, $9, 0x3839 <.pdr+0x3839>
     1d8: 31 34 32 66  	<unknown>
     1dc: 31 65 32 61  	<unknown>
     1e0: 33 34 65 2d  	sltiu	$5, $11, 0x3433 <.pdr+0x3433>
     1e4: 63 67 75 2e  	sltiu	$21, $19, 0x6763 <.pdr+0x6763>
     1e8: 31 31 00 63  	<unknown>
     1ec: 6f 72 65 2e  	sltiu	$5, $19, 0x726f <.pdr+0x726f>
     1f0: 64 39 38 31  	andi	$24, $9, 0x3964 <.pdr+0x3964>
     1f4: 31 31 34 32  	andi	$20, $17, 0x3131 <.pdr+0x3131>
     1f8: 66 31 65 32  	andi	$5, $19, 0x3166 <.pdr+0x3166>
     1fc: 61 33 34 65  	<unknown>
     200: 2d 63 67 75  	jalx	0x59d8cb4 <.pdr+0x59d8cb4>
     204: 2e 31 32 00  	<unknown>
     208: 63 6f 72 65  	<unknown>
     20c: 2e 64 39 38  	xori	$25, $1, 0x642e <.pdr+0x642e>
     210: 31 31 31 34  	ori	$17, $1, 0x3131 <.pdr+0x3131>
     214: 32 66 31 65  	<unknown>
     218: 32 61 33 34  	ori	$19, $1, 0x6132 <.pdr+0x6132>
     21c: 65 2d 63 67  	<unknown>
     220: 75 2e 31 33  	andi	$17, $25, 0x2e75 <.pdr+0x2e75>
     224: 00 63 6f 72  	<unknown>
     228: 65 2e 64 39  	xori	$4, $11, 0x2e65 <.pdr+0x2e65>
     22c: 38 31 31 31  	andi	$17, $9, 0x3138 <.pdr+0x3138>
     230: 34 32 66 31  	andi	$6, $11, 0x3234 <.pdr+0x3234>
     234: 65 32 61 33  	andi	$1, $27, 0x3265 <.pdr+0x3265>
     238: 34 65 2d 63  	<unknown>
     23c: 67 75 2e 31  	andi	$14, $9, 0x7567 <.pdr+0x7567>
     240: 34 00 63 6f  	<unknown>
     244: 72 65 2e 64  	<unknown>
     248: 39 38 31 31  	andi	$17, $9, 0x3839 <.pdr+0x3839>
     24c: 31 34 32 66  	<unknown>
     250: 31 65 32 61  	<unknown>
     254: 33 34 65 2d  	sltiu	$5, $11, 0x3433 <.pdr+0x3433>
     258: 63 67 75 2e  	sltiu	$21, $19, 0x6763 <.pdr+0x6763>
     25c: 31 35 00 63  	<unknown>
     260: 6f 72 65 2e  	sltiu	$5, $19, 0x726f <.pdr+0x726f>
     264: 64 39 38 31  	andi	$24, $9, 0x3964 <.pdr+0x3964>
     268: 31 31 34 32  	andi	$20, $17, 0x3131 <.pdr+0x3131>
     26c: 66 31 65 32  	andi	$5, $19, 0x3166 <.pdr+0x3166>
     270: 61 33 34 65  	<unknown>
     274: 2d 63 67 75  	jalx	0x59d8cb4 <.pdr+0x59d8cb4>
     278: 2e 30 35 00  	<unknown>
     27c: 63 6f 6d 70  	<unknown>
     280: 69 6c 65 72  	<unknown>
     284: 5f 62 75 69  	<unknown>
     288: 6c 74 69 6e  	<unknown>
     28c: 73 2e 35 32  	andi	$21, $17, 0x2e73 <.pdr+0x2e73>
     290: 30 39 34 61  	<unknown>
     294: 33 61 33 35  	ori	$19, $9, 0x6133 <.pdr+0x6133>
     298: 62 33 65 38  	xori	$5, $3, 0x3362 <.pdr+0x3362>
     29c: 30 30 2d 63  	<unknown>
     2a0: 67 75 2e 30  	andi	$14, $1, 0x7567 <.pdr+0x7567>
     2a4: 00 63 6f 6d  	<unknown>
     2a8: 70 69 6c 65  	<unknown>
     2ac: 72 5f 62 75  	jalx	0x5897dc8 <.pdr+0x5897dc8>
     2b0: 69 6c 74 69  	<unknown>
     2b4: 6e 73 2e 35  	ori	$14, $9, 0x736e <.pdr+0x736e>
     2b8: 32 30 39 34  	ori	$25, $1, 0x3032 <.pdr+0x3032>
     2bc: 61 33 61 33  	andi	$1, $27, 0x3361 <.pdr+0x3361>
     2c0: 35 62 33 65  	<unknown>
     2c4: 38 30 30 2d  	sltiu	$16, $9, 0x3038 <.pdr+0x3038>
     2c8: 63 67 75 2e  	sltiu	$21, $19, 0x6763 <.pdr+0x6763>
     2cc: 31 00 63 6f  	<unknown>
     2d0: 6d 70 69 6c  	<unknown>
     2d4: 65 72 5f 62  	<unknown>
     2d8: 75 69 6c 74  	jalx	0x1b1a5d4 <.pdr+0x1b1a5d4>
     2dc: 69 6e 73 2e  	sltiu	$19, $19, 0x6e69 <.pdr+0x6e69>
     2e0: 35 32 30 39  	xori	$16, $9, 0x3235 <.pdr+0x3235>
     2e4: 34 61 33 61  	<unknown>
     2e8: 33 35 62 33  	andi	$2, $27, 0x3533 <.pdr+0x3533>
     2ec: 65 38 30 30  	andi	$16, $1, 0x3865 <.pdr+0x3865>
     2f0: 2d 63 67 75  	jalx	0x59d8cb4 <.pdr+0x59d8cb4>
     2f4: 2e 32 00 63  	<unknown>
     2f8: 6f 6d 70 69  	<unknown>
     2fc: 6c 65 72 5f  	<unknown>
     300: 62 75 69 6c  	<unknown>
     304: 74 69 6e 73  	<unknown>
     308: 2e 35 32 30  	andi	$18, $1, 0x352e <.pdr+0x352e>
     30c: 39 34 61 33  	andi	$1, $27, 0x3439 <.pdr+0x3439>
     310: 61 33 35 62  	<unknown>
     314: 33 65 38 30  	andi	$24, $1, 0x6533 <.pdr+0x6533>
     318: 30 2d 63 67  	<unknown>
     31c: 75 2e 33 00  	<unknown>
     320: 63 6f 6d 70  	<unknown>
     324: 69 6c 65 72  	<unknown>
     328: 5f 62 75 69  	<unknown>
     32c: 6c 74 69 6e  	<unknown>
     330: 73 2e 35 32  	andi	$21, $17, 0x2e73 <.pdr+0x2e73>
     334: 30 39 34 61  	<unknown>
     338: 33 61 33 35  	ori	$19, $9, 0x6133 <.pdr+0x6133>
     33c: 62 33 65 38  	xori	$5, $3, 0x3362 <.pdr+0x3362>
     340: 30 30 2d 63  	<unknown>
     344: 67 75 2e 34  	ori	$14, $1, 0x7567 <.pdr+0x7567>
     348: 00 5f 76 65  	<unknown>
     34c: 63 74 6f 72  	<unknown>
     350: 5f 30 00 5f  	bgtzl	$24, 0xc4d0 <.pdr+0xc4d0>
     354: 76 65 63 74  	jalx	0x18d95d8 <.pdr+0x18d95d8>
     358: 6f 72 5f 31  	andi	$ra, $10, 0x726f <.pdr+0x726f>
     35c: 00 5f 76 65  	<unknown>
     360: 63 74 6f 72  	<unknown>
     364: 5f 32 00 5f  	bgtzl	$24, 0xcce4 <.pdr+0xcce4>
     368: 76 65 63 74  	jalx	0x18d95d8 <.pdr+0x18d95d8>
     36c: 6f 72 5f 33  	andi	$ra, $26, 0x726f <.pdr+0x726f>
     370: 00 5f 76 65  	<unknown>
     374: 63 74 6f 72  	<unknown>
     378: 5f 34 00 5f  	bgtzl	$24, 0xd4f8 <.pdr+0xd4f8>
     37c: 76 65 63 74  	jalx	0x18d95d8 <.pdr+0x18d95d8>
     380: 6f 72 5f 35  	ori	$ra, $10, 0x726f <.pdr+0x726f>
     384: 00 5f 76 65  	<unknown>
     388: 63 74 6f 72  	<unknown>
     38c: 5f 36 00 5f  	bgtzl	$24, 0xdd0c <.pdr+0xdd0c>
     390: 76 65 63 74  	jalx	0x18d95d8 <.pdr+0x18d95d8>
     394: 6f 72 5f 37  	ori	$ra, $26, 0x726f <.pdr+0x726f>
     398: 00 5f 76 65  	<unknown>
     39c: 63 74 6f 72  	<unknown>
     3a0: 5f 38 00 5f  	bgtzl	$24, 0xe520 <.pdr+0xe520>
     3a4: 76 65 63 74  	jalx	0x18d95d8 <.pdr+0x18d95d8>
     3a8: 6f 72 5f 39  	xori	$ra, $10, 0x726f <.pdr+0x726f>
     3ac: 00 5f 76 65  	<unknown>
     3b0: 63 74 6f 72  	<unknown>
     3b4: 5f 31 30 00  	<unknown>
     3b8: 5f 76 65 63  	<unknown>
     3bc: 74 6f 72 5f  	<unknown>
     3c0: 31 31 00 5f  	bgtzl	$24, 0xc888 <.pdr+0xc888>
     3c4: 76 65 63 74  	jalx	0x18d95d8 <.pdr+0x18d95d8>
     3c8: 6f 72 5f 31  	andi	$ra, $10, 0x726f <.pdr+0x726f>
     3cc: 32 00 5f 76  	jalx	0x97c00c8 <.pdr+0x97c00c8>
     3d0: 65 63 74 6f  	<unknown>
     3d4: 72 5f 31 33  	andi	$17, $25, 0x5f72 <.pdr+0x5f72>
     3d8: 00 5f 76 65  	<unknown>
     3dc: 63 74 6f 72  	<unknown>
     3e0: 5f 31 34 00  	<unknown>
     3e4: 5f 76 65 63  	<unknown>
     3e8: 74 6f 72 5f  	<unknown>
     3ec: 31 35 00 5f  	bgtzl	$24, 0xd8b4 <.pdr+0xd8b4>
     3f0: 76 65 63 74  	jalx	0x18d95d8 <.pdr+0x18d95d8>
     3f4: 6f 72 5f 31  	andi	$ra, $10, 0x726f <.pdr+0x726f>
     3f8: 36 00 5f 76  	jalx	0x97c00d8 <.pdr+0x97c00d8>
     3fc: 65 63 74 6f  	<unknown>
     400: 72 5f 31 37  	ori	$17, $25, 0x5f72 <.pdr+0x5f72>
     404: 00 5f 76 65  	<unknown>
     408: 63 74 6f 72  	<unknown>
     40c: 5f 31 38 00  	<unknown>
     410: 5f 76 65 63  	<unknown>
     414: 74 6f 72 5f  	<unknown>
     418: 31 39 00 5f  	bgtzl	$24, 0xe8e0 <.pdr+0xe8e0>
     41c: 76 65 63 74  	jalx	0x18d95d8 <.pdr+0x18d95d8>
     420: 6f 72 5f 32  	andi	$ra, $18, 0x726f <.pdr+0x726f>
     424: 30 00 5f 76  	jalx	0x97c00c0 <.pdr+0x97c00c0>
     428: 65 63 74 6f  	<unknown>
     42c: 72 5f 32 31  	andi	$18, $9, 0x5f72 <.pdr+0x5f72>
     430: 00 5f 76 65  	<unknown>
     434: 63 74 6f 72  	<unknown>
     438: 5f 32 32 00  	<unknown>
     43c: 5f 76 65 63  	<unknown>
     440: 74 6f 72 5f  	<unknown>
     444: 32 33 00 5f  	bgtzl	$24, 0xd110 <.pdr+0xd110>
     448: 76 65 63 74  	jalx	0x18d95d8 <.pdr+0x18d95d8>
     44c: 6f 72 5f 32  	andi	$ra, $18, 0x726f <.pdr+0x726f>
     450: 34 00 5f 76  	jalx	0x97c00d0 <.pdr+0x97c00d0>
     454: 65 63 74 6f  	<unknown>
     458: 72 5f 32 35  	ori	$18, $9, 0x5f72 <.pdr+0x5f72>
     45c: 00 5f 76 65  	<unknown>
     460: 63 74 6f 72  	<unknown>
     464: 5f 32 36 00  	<unknown>
     468: 5f 76 65 63  	<unknown>
     46c: 74 6f 72 5f  	<unknown>
     470: 32 37 00 5f  	bgtzl	$24, 0xe13c <.pdr+0xe13c>
     474: 76 65 63 74  	jalx	0x18d95d8 <.pdr+0x18d95d8>
     478: 6f 72 5f 32  	andi	$ra, $18, 0x726f <.pdr+0x726f>
     47c: 38 00 5f 76  	jalx	0x97c00e0 <.pdr+0x97c00e0>
     480: 65 63 74 6f  	<unknown>
     484: 72 5f 32 39  	xori	$18, $9, 0x5f72 <.pdr+0x5f72>
     488: 00 5f 76 65  	<unknown>
     48c: 63 74 6f 72  	<unknown>
     490: 5f 33 30 00  	<unknown>
     494: 5f 76 65 63  	<unknown>
     498: 74 6f 72 5f  	<unknown>
     49c: 33 31 00 5f  	bgtzl	$24, 0xc96c <.pdr+0xc96c>
     4a0: 76 65 63 74  	jalx	0x18d95d8 <.pdr+0x18d95d8>
     4a4: 6f 72 5f 33  	andi	$ra, $26, 0x726f <.pdr+0x726f>
     4a8: 32 00 5f 76  	jalx	0x97c00c8 <.pdr+0x97c00c8>
     4ac: 65 63 74 6f  	<unknown>
     4b0: 72 5f 33 33  	andi	$19, $25, 0x5f72 <.pdr+0x5f72>
     4b4: 00 5f 76 65  	<unknown>
     4b8: 63 74 6f 72  	<unknown>
     4bc: 5f 33 34 00  	<unknown>
     4c0: 5f 76 65 63  	<unknown>
     4c4: 74 6f 72 5f  	<unknown>
     4c8: 33 35 00 5f  	bgtzl	$24, 0xd998 <.pdr+0xd998>
     4cc: 76 65 63 74  	jalx	0x18d95d8 <.pdr+0x18d95d8>
     4d0: 6f 72 5f 33  	andi	$ra, $26, 0x726f <.pdr+0x726f>
     4d4: 36 00 5f 76  	jalx	0x97c00d8 <.pdr+0x97c00d8>
     4d8: 65 63 74 6f  	<unknown>
     4dc: 72 5f 33 37  	ori	$19, $25, 0x5f72 <.pdr+0x5f72>
     4e0: 00 5f 76 65  	<unknown>
     4e4: 63 74 6f 72  	<unknown>
     4e8: 5f 33 38 00  	<unknown>
     4ec: 5f 76 65 63  	<unknown>
     4f0: 74 6f 72 5f  	<unknown>
     4f4: 33 39 00 5f  	bgtzl	$24, 0xe9c4 <.pdr+0xe9c4>
     4f8: 76 65 63 74  	jalx	0x18d95d8 <.pdr+0x18d95d8>
     4fc: 6f 72 5f 34  	ori	$ra, $2, 0x726f <.pdr+0x726f>
     500: 30 00 5f 76  	jalx	0x97c00c0 <.pdr+0x97c00c0>
     504: 65 63 74 6f  	<unknown>
     508: 72 5f 34 31  	andi	$20, $9, 0x5f72 <.pdr+0x5f72>
     50c: 00 5f 76 65  	<unknown>
     510: 63 74 6f 72  	<unknown>
     514: 5f 34 32 00  	<unknown>
     518: 5f 76 65 63  	<unknown>
     51c: 74 6f 72 5f  	<unknown>
     520: 34 33 00 5f  	bgtzl	$24, 0xd1f4 <.pdr+0xd1f4>
     524: 76 65 63 74  	jalx	0x18d95d8 <.pdr+0x18d95d8>
     528: 6f 72 5f 34  	ori	$ra, $2, 0x726f <.pdr+0x726f>
     52c: 34 00 5f 76  	jalx	0x97c00d0 <.pdr+0x97c00d0>
     530: 65 63 74 6f  	<unknown>
     534: 72 5f 34 35  	ori	$20, $9, 0x5f72 <.pdr+0x5f72>
     538: 00 5f 76 65  	<unknown>
     53c: 63 74 6f 72  	<unknown>
     540: 5f 34 36 00  	<unknown>
     544: 5f 76 65 63  	<unknown>
     548: 74 6f 72 5f  	<unknown>
     54c: 34 37 00 5f  	bgtzl	$24, 0xe220 <.pdr+0xe220>
     550: 76 65 63 74  	jalx	0x18d95d8 <.pdr+0x18d95d8>
     554: 6f 72 5f 34  	ori	$ra, $2, 0x726f <.pdr+0x726f>
     558: 38 00 5f 76  	jalx	0x97c00e0 <.pdr+0x97c00e0>
     55c: 65 63 74 6f  	<unknown>
     560: 72 5f 34 39  	xori	$20, $9, 0x5f72 <.pdr+0x5f72>
     564: 00 5f 76 65  	<unknown>
     568: 63 74 6f 72  	<unknown>
     56c: 5f 35 30 00  	<unknown>
     570: 5f 76 65 63  	<unknown>
     574: 74 6f 72 5f  	<unknown>
     578: 35 31 00 5f  	bgtzl	$24, 0xca50 <.pdr+0xca50>
     57c: 76 65 63 74  	jalx	0x18d95d8 <.pdr+0x18d95d8>
     580: 6f 72 5f 35  	ori	$ra, $10, 0x726f <.pdr+0x726f>
     584: 32 00 5f 76  	jalx	0x97c00c8 <.pdr+0x97c00c8>
     588: 65 63 74 6f  	<unknown>
     58c: 72 5f 35 33  	andi	$21, $25, 0x5f72 <.pdr+0x5f72>
     590: 00 5f 76 65  	<unknown>
     594: 63 74 6f 72  	<unknown>
     598: 5f 35 34 00  	<unknown>
     59c: 5f 76 65 63  	<unknown>
     5a0: 74 6f 72 5f  	<unknown>
     5a4: 35 35 00 5f  	bgtzl	$24, 0xda7c <.pdr+0xda7c>
     5a8: 76 65 63 74  	jalx	0x18d95d8 <.pdr+0x18d95d8>
     5ac: 6f 72 5f 35  	ori	$ra, $10, 0x726f <.pdr+0x726f>
     5b0: 36 00 5f 76  	jalx	0x97c00d8 <.pdr+0x97c00d8>
     5b4: 65 63 74 6f  	<unknown>
     5b8: 72 5f 35 37  	ori	$21, $25, 0x5f72 <.pdr+0x5f72>
     5bc: 00 5f 76 65  	<unknown>
     5c0: 63 74 6f 72  	<unknown>
     5c4: 5f 35 38 00  	<unknown>
     5c8: 5f 76 65 63  	<unknown>
     5cc: 74 6f 72 5f  	<unknown>
     5d0: 35 39 00 5f  	bgtzl	$24, 0xeaa8 <.pdr+0xeaa8>
     5d4: 76 65 63 74  	jalx	0x18d95d8 <.pdr+0x18d95d8>
     5d8: 6f 72 5f 36  	ori	$ra, $18, 0x726f <.pdr+0x726f>
     5dc: 30 00 5f 76  	jalx	0x97c00c0 <.pdr+0x97c00c0>
     5e0: 65 63 74 6f  	<unknown>
     5e4: 72 5f 36 31  	andi	$22, $9, 0x5f72 <.pdr+0x5f72>
     5e8: 00 5f 76 65  	<unknown>
     5ec: 63 74 6f 72  	<unknown>
     5f0: 5f 36 32 00  	<unknown>
     5f4: 5f 76 65 63  	<unknown>
     5f8: 74 6f 72 5f  	<unknown>
     5fc: 36 33 00 5f  	bgtzl	$24, 0xd2d8 <.pdr+0xd2d8>
     600: 6e 6f 5f 6e  	<unknown>
     604: 6d 69 00 5f  	bgtzl	$24, 0x1abbc <.pdr+0x1abbc>
     608: 62 73 73 5f  	<unknown>
     60c: 63 6f 6e 64  	<unknown>
     610: 00 5f 62 73  	<unknown>
     614: 73 5f 6c 70  	<unknown>
     618: 00 5f 64 61  	<unknown>
     61c: 74 61 5f 63  	<unknown>
     620: 6f 6e 64 00  	<unknown>
     624: 5f 64 61 74  	jalx	0x185917c <.pdr+0x185917c>
     628: 61 5f 6c 70  	<unknown>
     62c: 00 5f 6d 61  	<unknown>
     630: 69 6e 5f 65  	<unknown>
     634: 6c 00 6d 61  	<unknown>
     638: 69 6e 00 44  	<unknown>
     63c: 65 66 61 75  	jalx	0x5859994 <.pdr+0x5859994>
     640: 6c 74 50 72  	<unknown>
     644: 65 49 6e 69  	<unknown>
     648: 74 00 44 45  	<unknown>
     64c: 56 49 43 45  	<unknown>
     650: 5f 50 45 52  	beql	$18, $5, 0x147d0 <.pdr+0x147d0>
     654: 49 50 48 45  	<unknown>
     658: 52 41 4c 53  	beql	$26, $12, 0x10ba4 <.pdr+0x10ba4>
     65c: 00 5f 72 65  	<unknown>
     660: 73 65 74 00  	tltu	$3, $20, 0x195 <.pdr+0x195>
     664: 5f 69 73 72  	<unknown>
     668: 5f 63 6f 6e  	<unknown>
     66c: 74 65 78 74  	jalx	0x1e195d0 <.pdr+0x1e195d0>
     670: 00 5f 64 65  	<unknown>
     674: 66 61 75 6c  	<unknown>
     678: 74 5f 69 73  	<unknown>
     67c: 72 5f 66 6e  	<unknown>
     680: 00 5f 67 65  	<unknown>
     684: 6e 65 72 61  	<unknown>
     688: 6c 5f 65 78  	<unknown>
     68c: 63 65 70 74  	jalx	0x1c1958c <.pdr+0x1c1958c>
     690: 69 6f 6e 5f  	<unknown>
     694: 68 61 6e 64  	<unknown>
     698: 6c 65 72 00  	<unknown>
     69c: 5f 6e 6d 69  	<unknown>
     6a0: 5f 68 61 6e  	<unknown>
     6a4: 64 6c 65 72  	<unknown>
     6a8: 00 5f 67 65  	<unknown>
     6ac: 6e 5f 65 78  	<unknown>
     6b0: 63 65 70 74  	jalx	0x1c1958c <.pdr+0x1c1958c>
     6b4: 69 6f 6e 00  	<unknown>
     6b8: 5f 65 78 63  	<unknown>
     6bc: 65 70 74 69  	<unknown>
     6c0: 6f 6e 5f 63  	<unknown>
     6c4: 6f 6e 74 65  	<unknown>
     6c8: 78 74 00 5f  	bgtzl	$24, 0x1d8ac <.pdr+0x1d8ac>
     6cc: 76 65 63 74  	jalx	0x18d95d8 <.pdr+0x18d95d8>
     6d0: 6f 72 5f 30  	andi	$ra, $2, 0x726f <.pdr+0x726f>
     6d4: 5f 66 6e 00  	<unknown>
     6d8: 5f 76 65 63  	<unknown>
     6dc: 74 6f 72 5f  	<unknown>
     6e0: 30 5f 63 6f  	<unknown>
     6e4: 6e 74 65 78  	<unknown>
     6e8: 74 00 5f 76  	jalx	0x97c01d0 <.pdr+0x97c01d0>
     6ec: 65 63 74 6f  	<unknown>
     6f0: 72 5f 31 5f  	<unknown>
     6f4: 66 6e 00 5f  	bgtzl	$24, 0x1c090 <.pdr+0x1c090>
     6f8: 76 65 63 74  	jalx	0x18d95d8 <.pdr+0x18d95d8>
     6fc: 6f 72 5f 31  	andi	$ra, $10, 0x726f <.pdr+0x726f>
     700: 5f 63 6f 6e  	<unknown>
     704: 74 65 78 74  	jalx	0x1e195d0 <.pdr+0x1e195d0>
     708: 00 5f 76 65  	<unknown>
     70c: 63 74 6f 72  	<unknown>
     710: 5f 32 5f 66  	<unknown>
     714: 6e 00 5f 76  	jalx	0x97c01b8 <.pdr+0x97c01b8>
     718: 65 63 74 6f  	<unknown>
     71c: 72 5f 32 5f  	<unknown>
     720: 63 6f 6e 74  	jalx	0x1b9bd8c <.pdr+0x1b9bd8c>
     724: 65 78 74 00  	<unknown>
     728: 5f 76 65 63  	<unknown>
     72c: 74 6f 72 5f  	<unknown>
     730: 33 5f 66 6e  	<unknown>
     734: 00 5f 76 65  	<unknown>
     738: 63 74 6f 72  	<unknown>
     73c: 5f 33 5f 63  	<unknown>
     740: 6f 6e 74 65  	<unknown>
     744: 78 74 00 5f  	bgtzl	$24, 0x1d928 <.pdr+0x1d928>
     748: 76 65 63 74  	jalx	0x18d95d8 <.pdr+0x18d95d8>
     74c: 6f 72 5f 34  	ori	$ra, $2, 0x726f <.pdr+0x726f>
     750: 5f 66 6e 00  	<unknown>
     754: 5f 76 65 63  	<unknown>
     758: 74 6f 72 5f  	<unknown>
     75c: 34 5f 63 6f  	<unknown>
     760: 6e 74 65 78  	<unknown>
     764: 74 00 5f 76  	jalx	0x97c01d0 <.pdr+0x97c01d0>
     768: 65 63 74 6f  	<unknown>
     76c: 72 5f 35 5f  	<unknown>
     770: 66 6e 00 5f  	bgtzl	$24, 0x1c10c <.pdr+0x1c10c>
     774: 76 65 63 74  	jalx	0x18d95d8 <.pdr+0x18d95d8>
     778: 6f 72 5f 35  	ori	$ra, $10, 0x726f <.pdr+0x726f>
     77c: 5f 63 6f 6e  	<unknown>
     780: 74 65 78 74  	jalx	0x1e195d0 <.pdr+0x1e195d0>
     784: 00 5f 76 65  	<unknown>
     788: 63 74 6f 72  	<unknown>
     78c: 5f 36 5f 66  	<unknown>
     790: 6e 00 5f 76  	jalx	0x97c01b8 <.pdr+0x97c01b8>
     794: 65 63 74 6f  	<unknown>
     798: 72 5f 36 5f  	<unknown>
     79c: 63 6f 6e 74  	jalx	0x1b9bd8c <.pdr+0x1b9bd8c>
     7a0: 65 78 74 00  	<unknown>
     7a4: 5f 76 65 63  	<unknown>
     7a8: 74 6f 72 5f  	<unknown>
     7ac: 37 5f 66 6e  	<unknown>
     7b0: 00 5f 76 65  	<unknown>
     7b4: 63 74 6f 72  	<unknown>
     7b8: 5f 37 5f 63  	<unknown>
     7bc: 6f 6e 74 65  	<unknown>
     7c0: 78 74 00 5f  	bgtzl	$24, 0x1d9a4 <.pdr+0x1d9a4>
     7c4: 76 65 63 74  	jalx	0x18d95d8 <.pdr+0x18d95d8>
     7c8: 6f 72 5f 38  	xori	$ra, $2, 0x726f <.pdr+0x726f>
     7cc: 5f 66 6e 00  	<unknown>
     7d0: 5f 76 65 63  	<unknown>
     7d4: 74 6f 72 5f  	<unknown>
     7d8: 38 5f 63 6f  	<unknown>
     7dc: 6e 74 65 78  	<unknown>
     7e0: 74 00 5f 76  	jalx	0x97c01d0 <.pdr+0x97c01d0>
     7e4: 65 63 74 6f  	<unknown>
     7e8: 72 5f 39 5f  	<unknown>
     7ec: 66 6e 00 5f  	bgtzl	$24, 0x1c188 <.pdr+0x1c188>
     7f0: 76 65 63 74  	jalx	0x18d95d8 <.pdr+0x18d95d8>
     7f4: 6f 72 5f 39  	xori	$ra, $10, 0x726f <.pdr+0x726f>
     7f8: 5f 63 6f 6e  	<unknown>
     7fc: 74 65 78 74  	jalx	0x1e195d0 <.pdr+0x1e195d0>
     800: 00 5f 76 65  	<unknown>
     804: 63 74 6f 72  	<unknown>
     808: 5f 31 30 5f  	<unknown>
     80c: 66 6e 00 5f  	bgtzl	$24, 0x1c1a8 <.pdr+0x1c1a8>
     810: 76 65 63 74  	jalx	0x18d95d8 <.pdr+0x18d95d8>
     814: 6f 72 5f 31  	andi	$ra, $10, 0x726f <.pdr+0x726f>
     818: 30 5f 63 6f  	<unknown>
     81c: 6e 74 65 78  	<unknown>
     820: 74 00 5f 76  	jalx	0x97c01d0 <.pdr+0x97c01d0>
     824: 65 63 74 6f  	<unknown>
     828: 72 5f 31 31  	andi	$17, $9, 0x5f72 <.pdr+0x5f72>
     82c: 5f 66 6e 00  	<unknown>
     830: 5f 76 65 63  	<unknown>
     834: 74 6f 72 5f  	<unknown>
     838: 31 31 5f 63  	<unknown>
     83c: 6f 6e 74 65  	<unknown>
     840: 78 74 00 5f  	bgtzl	$24, 0x1da24 <.pdr+0x1da24>
     844: 76 65 63 74  	jalx	0x18d95d8 <.pdr+0x18d95d8>
     848: 6f 72 5f 31  	andi	$ra, $10, 0x726f <.pdr+0x726f>
     84c: 32 5f 66 6e  	<unknown>
     850: 00 5f 76 65  	<unknown>
     854: 63 74 6f 72  	<unknown>
     858: 5f 31 32 5f  	<unknown>
     85c: 63 6f 6e 74  	jalx	0x1b9bd8c <.pdr+0x1b9bd8c>
     860: 65 78 74 00  	<unknown>
     864: 5f 76 65 63  	<unknown>
     868: 74 6f 72 5f  	<unknown>
     86c: 31 33 5f 66  	<unknown>
     870: 6e 00 5f 76  	jalx	0x97c01b8 <.pdr+0x97c01b8>
     874: 65 63 74 6f  	<unknown>
     878: 72 5f 31 33  	andi	$17, $25, 0x5f72 <.pdr+0x5f72>
     87c: 5f 63 6f 6e  	<unknown>
     880: 74 65 78 74  	jalx	0x1e195d0 <.pdr+0x1e195d0>
     884: 00 5f 76 65  	<unknown>
     888: 63 74 6f 72  	<unknown>
     88c: 5f 31 34 5f  	<unknown>
     890: 66 6e 00 5f  	bgtzl	$24, 0x1c22c <.pdr+0x1c22c>
     894: 76 65 63 74  	jalx	0x18d95d8 <.pdr+0x18d95d8>
     898: 6f 72 5f 31  	andi	$ra, $10, 0x726f <.pdr+0x726f>
     89c: 34 5f 63 6f  	<unknown>
     8a0: 6e 74 65 78  	<unknown>
     8a4: 74 00 5f 76  	jalx	0x97c01d0 <.pdr+0x97c01d0>
     8a8: 65 63 74 6f  	<unknown>
     8ac: 72 5f 31 35  	ori	$17, $9, 0x5f72 <.pdr+0x5f72>
     8b0: 5f 66 6e 00  	<unknown>
     8b4: 5f 76 65 63  	<unknown>
     8b8: 74 6f 72 5f  	<unknown>
     8bc: 31 35 5f 63  	<unknown>
     8c0: 6f 6e 74 65  	<unknown>
     8c4: 78 74 00 5f  	bgtzl	$24, 0x1daa8 <.pdr+0x1daa8>
     8c8: 76 65 63 74  	jalx	0x18d95d8 <.pdr+0x18d95d8>
     8cc: 6f 72 5f 31  	andi	$ra, $10, 0x726f <.pdr+0x726f>
     8d0: 36 5f 66 6e  	<unknown>
     8d4: 00 5f 76 65  	<unknown>
     8d8: 63 74 6f 72  	<unknown>
     8dc: 5f 31 36 5f  	<unknown>
     8e0: 63 6f 6e 74  	jalx	0x1b9bd8c <.pdr+0x1b9bd8c>
     8e4: 65 78 74 00  	<unknown>
     8e8: 5f 76 65 63  	<unknown>
     8ec: 74 6f 72 5f  	<unknown>
     8f0: 31 37 5f 66  	<unknown>
     8f4: 6e 00 5f 76  	jalx	0x97c01b8 <.pdr+0x97c01b8>
     8f8: 65 63 74 6f  	<unknown>
     8fc: 72 5f 31 37  	ori	$17, $25, 0x5f72 <.pdr+0x5f72>
     900: 5f 63 6f 6e  	<unknown>
     904: 74 65 78 74  	jalx	0x1e195d0 <.pdr+0x1e195d0>
     908: 00 5f 76 65  	<unknown>
     90c: 63 74 6f 72  	<unknown>
     910: 5f 31 38 5f  	<unknown>
     914: 66 6e 00 5f  	bgtzl	$24, 0x1c2b0 <.pdr+0x1c2b0>
     918: 76 65 63 74  	jalx	0x18d95d8 <.pdr+0x18d95d8>
     91c: 6f 72 5f 31  	andi	$ra, $10, 0x726f <.pdr+0x726f>
     920: 38 5f 63 6f  	<unknown>
     924: 6e 74 65 78  	<unknown>
     928: 74 00 5f 76  	jalx	0x97c01d0 <.pdr+0x97c01d0>
     92c: 65 63 74 6f  	<unknown>
     930: 72 5f 31 39  	xori	$17, $9, 0x5f72 <.pdr+0x5f72>
     934: 5f 66 6e 00  	<unknown>
     938: 5f 76 65 63  	<unknown>
     93c: 74 6f 72 5f  	<unknown>
     940: 31 39 5f 63  	<unknown>
     944: 6f 6e 74 65  	<unknown>
     948: 78 74 00 5f  	bgtzl	$24, 0x1db2c <.pdr+0x1db2c>
     94c: 76 65 63 74  	jalx	0x18d95d8 <.pdr+0x18d95d8>
     950: 6f 72 5f 32  	andi	$ra, $18, 0x726f <.pdr+0x726f>
     954: 30 5f 66 6e  	<unknown>
     958: 00 5f 76 65  	<unknown>
     95c: 63 74 6f 72  	<unknown>
     960: 5f 32 30 5f  	<unknown>
     964: 63 6f 6e 74  	jalx	0x1b9bd8c <.pdr+0x1b9bd8c>
     968: 65 78 74 00  	<unknown>
     96c: 5f 76 65 63  	<unknown>
     970: 74 6f 72 5f  	<unknown>
     974: 32 31 5f 66  	<unknown>
     978: 6e 00 5f 76  	jalx	0x97c01b8 <.pdr+0x97c01b8>
     97c: 65 63 74 6f  	<unknown>
     980: 72 5f 32 31  	andi	$18, $9, 0x5f72 <.pdr+0x5f72>
     984: 5f 63 6f 6e  	<unknown>
     988: 74 65 78 74  	jalx	0x1e195d0 <.pdr+0x1e195d0>
     98c: 00 5f 76 65  	<unknown>
     990: 63 74 6f 72  	<unknown>
     994: 5f 32 32 5f  	<unknown>
     998: 66 6e 00 5f  	bgtzl	$24, 0x1c334 <.pdr+0x1c334>
     99c: 76 65 63 74  	jalx	0x18d95d8 <.pdr+0x18d95d8>
     9a0: 6f 72 5f 32  	andi	$ra, $18, 0x726f <.pdr+0x726f>
     9a4: 32 5f 63 6f  	<unknown>
     9a8: 6e 74 65 78  	<unknown>
     9ac: 74 00 5f 76  	jalx	0x97c01d0 <.pdr+0x97c01d0>
     9b0: 65 63 74 6f  	<unknown>
     9b4: 72 5f 32 33  	andi	$18, $25, 0x5f72 <.pdr+0x5f72>
     9b8: 5f 66 6e 00  	<unknown>
     9bc: 5f 76 65 63  	<unknown>
     9c0: 74 6f 72 5f  	<unknown>
     9c4: 32 33 5f 63  	<unknown>
     9c8: 6f 6e 74 65  	<unknown>
     9cc: 78 74 00 5f  	bgtzl	$24, 0x1dbb0 <.pdr+0x1dbb0>
     9d0: 76 65 63 74  	jalx	0x18d95d8 <.pdr+0x18d95d8>
     9d4: 6f 72 5f 32  	andi	$ra, $18, 0x726f <.pdr+0x726f>
     9d8: 34 5f 66 6e  	<unknown>
     9dc: 00 5f 76 65  	<unknown>
     9e0: 63 74 6f 72  	<unknown>
     9e4: 5f 32 34 5f  	<unknown>
     9e8: 63 6f 6e 74  	jalx	0x1b9bd8c <.pdr+0x1b9bd8c>
     9ec: 65 78 74 00  	<unknown>
     9f0: 5f 76 65 63  	<unknown>
     9f4: 74 6f 72 5f  	<unknown>
     9f8: 32 35 5f 66  	<unknown>
     9fc: 6e 00 5f 76  	jalx	0x97c01b8 <.pdr+0x97c01b8>
     a00: 65 63 74 6f  	<unknown>
     a04: 72 5f 32 35  	ori	$18, $9, 0x5f72 <.pdr+0x5f72>
     a08: 5f 63 6f 6e  	<unknown>
     a0c: 74 65 78 74  	jalx	0x1e195d0 <.pdr+0x1e195d0>
     a10: 00 5f 76 65  	<unknown>
     a14: 63 74 6f 72  	<unknown>
     a18: 5f 32 36 5f  	<unknown>
     a1c: 66 6e 00 5f  	bgtzl	$24, 0x1c3b8 <.pdr+0x1c3b8>
     a20: 76 65 63 74  	jalx	0x18d95d8 <.pdr+0x18d95d8>
     a24: 6f 72 5f 32  	andi	$ra, $18, 0x726f <.pdr+0x726f>
     a28: 36 5f 63 6f  	<unknown>
     a2c: 6e 74 65 78  	<unknown>
     a30: 74 00 5f 76  	jalx	0x97c01d0 <.pdr+0x97c01d0>
     a34: 65 63 74 6f  	<unknown>
     a38: 72 5f 32 37  	ori	$18, $25, 0x5f72 <.pdr+0x5f72>
     a3c: 5f 66 6e 00  	<unknown>
     a40: 5f 76 65 63  	<unknown>
     a44: 74 6f 72 5f  	<unknown>
     a48: 32 37 5f 63  	<unknown>
     a4c: 6f 6e 74 65  	<unknown>
     a50: 78 74 00 5f  	bgtzl	$24, 0x1dc34 <.pdr+0x1dc34>
     a54: 76 65 63 74  	jalx	0x18d95d8 <.pdr+0x18d95d8>
     a58: 6f 72 5f 32  	andi	$ra, $18, 0x726f <.pdr+0x726f>
     a5c: 38 5f 66 6e  	<unknown>
     a60: 00 5f 76 65  	<unknown>
     a64: 63 74 6f 72  	<unknown>
     a68: 5f 32 38 5f  	<unknown>
     a6c: 63 6f 6e 74  	jalx	0x1b9bd8c <.pdr+0x1b9bd8c>
     a70: 65 78 74 00  	<unknown>
     a74: 5f 76 65 63  	<unknown>
     a78: 74 6f 72 5f  	<unknown>
     a7c: 32 39 5f 66  	<unknown>
     a80: 6e 00 5f 76  	jalx	0x97c01b8 <.pdr+0x97c01b8>
     a84: 65 63 74 6f  	<unknown>
     a88: 72 5f 32 39  	xori	$18, $9, 0x5f72 <.pdr+0x5f72>
     a8c: 5f 63 6f 6e  	<unknown>
     a90: 74 65 78 74  	jalx	0x1e195d0 <.pdr+0x1e195d0>
     a94: 00 5f 76 65  	<unknown>
     a98: 63 74 6f 72  	<unknown>
     a9c: 5f 33 30 5f  	<unknown>
     aa0: 66 6e 00 5f  	bgtzl	$24, 0x1c43c <.pdr+0x1c43c>
     aa4: 76 65 63 74  	jalx	0x18d95d8 <.pdr+0x18d95d8>
     aa8: 6f 72 5f 33  	andi	$ra, $26, 0x726f <.pdr+0x726f>
     aac: 30 5f 63 6f  	<unknown>
     ab0: 6e 74 65 78  	<unknown>
     ab4: 74 00 5f 76  	jalx	0x97c01d0 <.pdr+0x97c01d0>
     ab8: 65 63 74 6f  	<unknown>
     abc: 72 5f 33 31  	andi	$19, $9, 0x5f72 <.pdr+0x5f72>
     ac0: 5f 66 6e 00  	<unknown>
     ac4: 5f 76 65 63  	<unknown>
     ac8: 74 6f 72 5f  	<unknown>
     acc: 33 31 5f 63  	<unknown>
     ad0: 6f 6e 74 65  	<unknown>
     ad4: 78 74 00 5f  	bgtzl	$24, 0x1dcb8 <.pdr+0x1dcb8>
     ad8: 76 65 63 74  	jalx	0x18d95d8 <.pdr+0x18d95d8>
     adc: 6f 72 5f 33  	andi	$ra, $26, 0x726f <.pdr+0x726f>
     ae0: 32 5f 66 6e  	<unknown>
     ae4: 00 5f 76 65  	<unknown>
     ae8: 63 74 6f 72  	<unknown>
     aec: 5f 33 32 5f  	<unknown>
     af0: 63 6f 6e 74  	jalx	0x1b9bd8c <.pdr+0x1b9bd8c>
     af4: 65 78 74 00  	<unknown>
     af8: 5f 76 65 63  	<unknown>
     afc: 74 6f 72 5f  	<unknown>
     b00: 33 33 5f 66  	<unknown>
     b04: 6e 00 5f 76  	jalx	0x97c01b8 <.pdr+0x97c01b8>
     b08: 65 63 74 6f  	<unknown>
     b0c: 72 5f 33 33  	andi	$19, $25, 0x5f72 <.pdr+0x5f72>
     b10: 5f 63 6f 6e  	<unknown>
     b14: 74 65 78 74  	jalx	0x1e195d0 <.pdr+0x1e195d0>
     b18: 00 5f 76 65  	<unknown>
     b1c: 63 74 6f 72  	<unknown>
     b20: 5f 33 34 5f  	<unknown>
     b24: 66 6e 00 5f  	bgtzl	$24, 0x1c4c0 <.pdr+0x1c4c0>
     b28: 76 65 63 74  	jalx	0x18d95d8 <.pdr+0x18d95d8>
     b2c: 6f 72 5f 33  	andi	$ra, $26, 0x726f <.pdr+0x726f>
     b30: 34 5f 63 6f  	<unknown>
     b34: 6e 74 65 78  	<unknown>
     b38: 74 00 5f 76  	jalx	0x97c01d0 <.pdr+0x97c01d0>
     b3c: 65 63 74 6f  	<unknown>
     b40: 72 5f 33 35  	ori	$19, $9, 0x5f72 <.pdr+0x5f72>
     b44: 5f 66 6e 00  	<unknown>
     b48: 5f 76 65 63  	<unknown>
     b4c: 74 6f 72 5f  	<unknown>
     b50: 33 35 5f 63  	<unknown>
     b54: 6f 6e 74 65  	<unknown>
     b58: 78 74 00 5f  	bgtzl	$24, 0x1dd3c <.pdr+0x1dd3c>
     b5c: 76 65 63 74  	jalx	0x18d95d8 <.pdr+0x18d95d8>
     b60: 6f 72 5f 33  	andi	$ra, $26, 0x726f <.pdr+0x726f>
     b64: 36 5f 66 6e  	<unknown>
     b68: 00 5f 76 65  	<unknown>
     b6c: 63 74 6f 72  	<unknown>
     b70: 5f 33 36 5f  	<unknown>
     b74: 63 6f 6e 74  	jalx	0x1b9bd8c <.pdr+0x1b9bd8c>
     b78: 65 78 74 00  	<unknown>
     b7c: 5f 76 65 63  	<unknown>
     b80: 74 6f 72 5f  	<unknown>
     b84: 33 37 5f 66  	<unknown>
     b88: 6e 00 5f 76  	jalx	0x97c01b8 <.pdr+0x97c01b8>
     b8c: 65 63 74 6f  	<unknown>
     b90: 72 5f 33 37  	ori	$19, $25, 0x5f72 <.pdr+0x5f72>
     b94: 5f 63 6f 6e  	<unknown>
     b98: 74 65 78 74  	jalx	0x1e195d0 <.pdr+0x1e195d0>
     b9c: 00 5f 76 65  	<unknown>
     ba0: 63 74 6f 72  	<unknown>
     ba4: 5f 33 38 5f  	<unknown>
     ba8: 66 6e 00 5f  	bgtzl	$24, 0x1c544 <.pdr+0x1c544>
     bac: 76 65 63 74  	jalx	0x18d95d8 <.pdr+0x18d95d8>
     bb0: 6f 72 5f 33  	andi	$ra, $26, 0x726f <.pdr+0x726f>
     bb4: 38 5f 63 6f  	<unknown>
     bb8: 6e 74 65 78  	<unknown>
     bbc: 74 00 5f 76  	jalx	0x97c01d0 <.pdr+0x97c01d0>
     bc0: 65 63 74 6f  	<unknown>
     bc4: 72 5f 33 39  	xori	$19, $9, 0x5f72 <.pdr+0x5f72>
     bc8: 5f 66 6e 00  	<unknown>
     bcc: 5f 76 65 63  	<unknown>
     bd0: 74 6f 72 5f  	<unknown>
     bd4: 33 39 5f 63  	<unknown>
     bd8: 6f 6e 74 65  	<unknown>
     bdc: 78 74 00 5f  	bgtzl	$24, 0x1ddc0 <.pdr+0x1ddc0>
     be0: 76 65 63 74  	jalx	0x18d95d8 <.pdr+0x18d95d8>
     be4: 6f 72 5f 34  	ori	$ra, $2, 0x726f <.pdr+0x726f>
     be8: 30 5f 66 6e  	<unknown>
     bec: 00 5f 76 65  	<unknown>
     bf0: 63 74 6f 72  	<unknown>
     bf4: 5f 34 30 5f  	<unknown>
     bf8: 63 6f 6e 74  	jalx	0x1b9bd8c <.pdr+0x1b9bd8c>
     bfc: 65 78 74 00  	<unknown>
     c00: 5f 76 65 63  	<unknown>
     c04: 74 6f 72 5f  	<unknown>
     c08: 34 31 5f 66  	<unknown>
     c0c: 6e 00 5f 76  	jalx	0x97c01b8 <.pdr+0x97c01b8>
     c10: 65 63 74 6f  	<unknown>
     c14: 72 5f 34 31  	andi	$20, $9, 0x5f72 <.pdr+0x5f72>
     c18: 5f 63 6f 6e  	<unknown>
     c1c: 74 65 78 74  	jalx	0x1e195d0 <.pdr+0x1e195d0>
     c20: 00 5f 76 65  	<unknown>
     c24: 63 74 6f 72  	<unknown>
     c28: 5f 34 32 5f  	<unknown>
     c2c: 66 6e 00 5f  	bgtzl	$24, 0x1c5c8 <.pdr+0x1c5c8>
     c30: 76 65 63 74  	jalx	0x18d95d8 <.pdr+0x18d95d8>
     c34: 6f 72 5f 34  	ori	$ra, $2, 0x726f <.pdr+0x726f>
     c38: 32 5f 63 6f  	<unknown>
     c3c: 6e 74 65 78  	<unknown>
     c40: 74 00 5f 76  	jalx	0x97c01d0 <.pdr+0x97c01d0>
     c44: 65 63 74 6f  	<unknown>
     c48: 72 5f 34 33  	andi	$20, $25, 0x5f72 <.pdr+0x5f72>
     c4c: 5f 66 6e 00  	<unknown>
     c50: 5f 76 65 63  	<unknown>
     c54: 74 6f 72 5f  	<unknown>
     c58: 34 33 5f 63  	<unknown>
     c5c: 6f 6e 74 65  	<unknown>
     c60: 78 74 00 5f  	bgtzl	$24, 0x1de44 <.pdr+0x1de44>
     c64: 76 65 63 74  	jalx	0x18d95d8 <.pdr+0x18d95d8>
     c68: 6f 72 5f 34  	ori	$ra, $2, 0x726f <.pdr+0x726f>
     c6c: 34 5f 66 6e  	<unknown>
     c70: 00 5f 76 65  	<unknown>
     c74: 63 74 6f 72  	<unknown>
     c78: 5f 34 34 5f  	<unknown>
     c7c: 63 6f 6e 74  	jalx	0x1b9bd8c <.pdr+0x1b9bd8c>
     c80: 65 78 74 00  	<unknown>
     c84: 5f 76 65 63  	<unknown>
     c88: 74 6f 72 5f  	<unknown>
     c8c: 34 35 5f 66  	<unknown>
     c90: 6e 00 5f 76  	jalx	0x97c01b8 <.pdr+0x97c01b8>
     c94: 65 63 74 6f  	<unknown>
     c98: 72 5f 34 35  	ori	$20, $9, 0x5f72 <.pdr+0x5f72>
     c9c: 5f 63 6f 6e  	<unknown>
     ca0: 74 65 78 74  	jalx	0x1e195d0 <.pdr+0x1e195d0>
     ca4: 00 5f 76 65  	<unknown>
     ca8: 63 74 6f 72  	<unknown>
     cac: 5f 34 36 5f  	<unknown>
     cb0: 66 6e 00 5f  	bgtzl	$24, 0x1c64c <.pdr+0x1c64c>
     cb4: 76 65 63 74  	jalx	0x18d95d8 <.pdr+0x18d95d8>
     cb8: 6f 72 5f 34  	ori	$ra, $2, 0x726f <.pdr+0x726f>
     cbc: 36 5f 63 6f  	<unknown>
     cc0: 6e 74 65 78  	<unknown>
     cc4: 74 00 5f 76  	jalx	0x97c01d0 <.pdr+0x97c01d0>
     cc8: 65 63 74 6f  	<unknown>
     ccc: 72 5f 34 37  	ori	$20, $25, 0x5f72 <.pdr+0x5f72>
     cd0: 5f 66 6e 00  	<unknown>
     cd4: 5f 76 65 63  	<unknown>
     cd8: 74 6f 72 5f  	<unknown>
     cdc: 34 37 5f 63  	<unknown>
     ce0: 6f 6e 74 65  	<unknown>
     ce4: 78 74 00 5f  	bgtzl	$24, 0x1dec8 <.pdr+0x1dec8>
     ce8: 76 65 63 74  	jalx	0x18d95d8 <.pdr+0x18d95d8>
     cec: 6f 72 5f 34  	ori	$ra, $2, 0x726f <.pdr+0x726f>
     cf0: 38 5f 66 6e  	<unknown>
     cf4: 00 5f 76 65  	<unknown>
     cf8: 63 74 6f 72  	<unknown>
     cfc: 5f 34 38 5f  	<unknown>
     d00: 63 6f 6e 74  	jalx	0x1b9bd8c <.pdr+0x1b9bd8c>
     d04: 65 78 74 00  	<unknown>
     d08: 5f 76 65 63  	<unknown>
     d0c: 74 6f 72 5f  	<unknown>
     d10: 34 39 5f 66  	<unknown>
     d14: 6e 00 5f 76  	jalx	0x97c01b8 <.pdr+0x97c01b8>
     d18: 65 63 74 6f  	<unknown>
     d1c: 72 5f 34 39  	xori	$20, $9, 0x5f72 <.pdr+0x5f72>
     d20: 5f 63 6f 6e  	<unknown>
     d24: 74 65 78 74  	jalx	0x1e195d0 <.pdr+0x1e195d0>
     d28: 00 5f 76 65  	<unknown>
     d2c: 63 74 6f 72  	<unknown>
     d30: 5f 35 30 5f  	<unknown>
     d34: 66 6e 00 5f  	bgtzl	$24, 0x1c6d0 <.pdr+0x1c6d0>
     d38: 76 65 63 74  	jalx	0x18d95d8 <.pdr+0x18d95d8>
     d3c: 6f 72 5f 35  	ori	$ra, $10, 0x726f <.pdr+0x726f>
     d40: 30 5f 63 6f  	<unknown>
     d44: 6e 74 65 78  	<unknown>
     d48: 74 00 5f 76  	jalx	0x97c01d0 <.pdr+0x97c01d0>
     d4c: 65 63 74 6f  	<unknown>
     d50: 72 5f 35 31  	andi	$21, $9, 0x5f72 <.pdr+0x5f72>
     d54: 5f 66 6e 00  	<unknown>
     d58: 5f 76 65 63  	<unknown>
     d5c: 74 6f 72 5f  	<unknown>
     d60: 35 31 5f 63  	<unknown>
     d64: 6f 6e 74 65  	<unknown>
     d68: 78 74 00 5f  	bgtzl	$24, 0x1df4c <.pdr+0x1df4c>
     d6c: 76 65 63 74  	jalx	0x18d95d8 <.pdr+0x18d95d8>
     d70: 6f 72 5f 35  	ori	$ra, $10, 0x726f <.pdr+0x726f>
     d74: 32 5f 66 6e  	<unknown>
     d78: 00 5f 76 65  	<unknown>
     d7c: 63 74 6f 72  	<unknown>
     d80: 5f 35 32 5f  	<unknown>
     d84: 63 6f 6e 74  	jalx	0x1b9bd8c <.pdr+0x1b9bd8c>
     d88: 65 78 74 00  	<unknown>
     d8c: 5f 76 65 63  	<unknown>
     d90: 74 6f 72 5f  	<unknown>
     d94: 35 33 5f 66  	<unknown>
     d98: 6e 00 5f 76  	jalx	0x97c01b8 <.pdr+0x97c01b8>
     d9c: 65 63 74 6f  	<unknown>
     da0: 72 5f 35 33  	andi	$21, $25, 0x5f72 <.pdr+0x5f72>
     da4: 5f 63 6f 6e  	<unknown>
     da8: 74 65 78 74  	jalx	0x1e195d0 <.pdr+0x1e195d0>
     dac: 00 5f 76 65  	<unknown>
     db0: 63 74 6f 72  	<unknown>
     db4: 5f 35 34 5f  	<unknown>
     db8: 66 6e 00 5f  	bgtzl	$24, 0x1c754 <.pdr+0x1c754>
     dbc: 76 65 63 74  	jalx	0x18d95d8 <.pdr+0x18d95d8>
     dc0: 6f 72 5f 35  	ori	$ra, $10, 0x726f <.pdr+0x726f>
     dc4: 34 5f 63 6f  	<unknown>
     dc8: 6e 74 65 78  	<unknown>
     dcc: 74 00 5f 76  	jalx	0x97c01d0 <.pdr+0x97c01d0>
     dd0: 65 63 74 6f  	<unknown>
     dd4: 72 5f 35 35  	ori	$21, $9, 0x5f72 <.pdr+0x5f72>
     dd8: 5f 66 6e 00  	<unknown>
     ddc: 5f 76 65 63  	<unknown>
     de0: 74 6f 72 5f  	<unknown>
     de4: 35 35 5f 63  	<unknown>
     de8: 6f 6e 74 65  	<unknown>
     dec: 78 74 00 5f  	bgtzl	$24, 0x1dfd0 <.pdr+0x1dfd0>
     df0: 76 65 63 74  	jalx	0x18d95d8 <.pdr+0x18d95d8>
     df4: 6f 72 5f 35  	ori	$ra, $10, 0x726f <.pdr+0x726f>
     df8: 36 5f 66 6e  	<unknown>
     dfc: 00 5f 76 65  	<unknown>
     e00: 63 74 6f 72  	<unknown>
     e04: 5f 35 36 5f  	<unknown>
     e08: 63 6f 6e 74  	jalx	0x1b9bd8c <.pdr+0x1b9bd8c>
     e0c: 65 78 74 00  	<unknown>
     e10: 5f 76 65 63  	<unknown>
     e14: 74 6f 72 5f  	<unknown>
     e18: 35 37 5f 66  	<unknown>
     e1c: 6e 00 5f 76  	jalx	0x97c01b8 <.pdr+0x97c01b8>
     e20: 65 63 74 6f  	<unknown>
     e24: 72 5f 35 37  	ori	$21, $25, 0x5f72 <.pdr+0x5f72>
     e28: 5f 63 6f 6e  	<unknown>
     e2c: 74 65 78 74  	jalx	0x1e195d0 <.pdr+0x1e195d0>
     e30: 00 5f 76 65  	<unknown>
     e34: 63 74 6f 72  	<unknown>
     e38: 5f 35 38 5f  	<unknown>
     e3c: 66 6e 00 5f  	bgtzl	$24, 0x1c7d8 <.pdr+0x1c7d8>
     e40: 76 65 63 74  	jalx	0x18d95d8 <.pdr+0x18d95d8>
     e44: 6f 72 5f 35  	ori	$ra, $10, 0x726f <.pdr+0x726f>
     e48: 38 5f 63 6f  	<unknown>
     e4c: 6e 74 65 78  	<unknown>
     e50: 74 00 5f 76  	jalx	0x97c01d0 <.pdr+0x97c01d0>
     e54: 65 63 74 6f  	<unknown>
     e58: 72 5f 35 39  	xori	$21, $9, 0x5f72 <.pdr+0x5f72>
     e5c: 5f 66 6e 00  	<unknown>
     e60: 5f 76 65 63  	<unknown>
     e64: 74 6f 72 5f  	<unknown>
     e68: 35 39 5f 63  	<unknown>
     e6c: 6f 6e 74 65  	<unknown>
     e70: 78 74 00 5f  	bgtzl	$24, 0x1e054 <.pdr+0x1e054>
     e74: 76 65 63 74  	jalx	0x18d95d8 <.pdr+0x18d95d8>
     e78: 6f 72 5f 36  	ori	$ra, $18, 0x726f <.pdr+0x726f>
     e7c: 30 5f 66 6e  	<unknown>
     e80: 00 5f 76 65  	<unknown>
     e84: 63 74 6f 72  	<unknown>
     e88: 5f 36 30 5f  	<unknown>
     e8c: 63 6f 6e 74  	jalx	0x1b9bd8c <.pdr+0x1b9bd8c>
     e90: 65 78 74 00  	<unknown>
     e94: 5f 76 65 63  	<unknown>
     e98: 74 6f 72 5f  	<unknown>
     e9c: 36 31 5f 66  	<unknown>
     ea0: 6e 00 5f 76  	jalx	0x97c01b8 <.pdr+0x97c01b8>
     ea4: 65 63 74 6f  	<unknown>
     ea8: 72 5f 36 31  	andi	$22, $9, 0x5f72 <.pdr+0x5f72>
     eac: 5f 63 6f 6e  	<unknown>
     eb0: 74 65 78 74  	jalx	0x1e195d0 <.pdr+0x1e195d0>
     eb4: 00 5f 76 65  	<unknown>
     eb8: 63 74 6f 72  	<unknown>
     ebc: 5f 36 32 5f  	<unknown>
     ec0: 66 6e 00 5f  	bgtzl	$24, 0x1c85c <.pdr+0x1c85c>
     ec4: 76 65 63 74  	jalx	0x18d95d8 <.pdr+0x18d95d8>
     ec8: 6f 72 5f 36  	ori	$ra, $18, 0x726f <.pdr+0x726f>
     ecc: 32 5f 63 6f  	<unknown>
     ed0: 6e 74 65 78  	<unknown>
     ed4: 74 00 5f 76  	jalx	0x97c01d0 <.pdr+0x97c01d0>
     ed8: 65 63 74 6f  	<unknown>
     edc: 72 5f 36 33  	andi	$22, $25, 0x5f72 <.pdr+0x5f72>
     ee0: 5f 66 6e 00  	<unknown>
     ee4: 5f 76 65 63  	<unknown>
     ee8: 74 6f 72 5f  	<unknown>
     eec: 36 33 5f 63  	<unknown>
     ef0: 6f 6e 74 65  	<unknown>
     ef4: 78 74 00 43  	<unknown>
     ef8: 4f 52 45 5f  	<unknown>
     efc: 54 49 4d 45  	<unknown>
     f00: 52 00 43 4f  	<unknown>
     f04: 52 45 5f 54  	bnel	$2, $ra, 0x12450 <.pdr+0x12450>
     f08: 49 4d 45 52  	beql	$18, $5, 0x14430 <.pdr+0x14430>
     f0c: 5f 43 4f 4e  	<unknown>
     f10: 54 45 58 54  	bnel	$2, $24, 0x12464 <.pdr+0x12464>
     f14: 00 43 4f 52  	beql	$18, $15, 0x11b18 <.pdr+0x11b18>
     f18: 45 5f 53 4f  	<unknown>
     f1c: 46 54 57 41  	<unknown>
     f20: 52 45 5f 30  	andi	$ra, $2, 0x4552 <.pdr+0x4552>
     f24: 00 43 4f 52  	beql	$18, $15, 0x11b28 <.pdr+0x11b28>
     f28: 45 5f 53 4f  	<unknown>
     f2c: 46 54 57 41  	<unknown>
     f30: 52 45 5f 30  	andi	$ra, $2, 0x4552 <.pdr+0x4552>
     f34: 5f 43 4f 4e  	<unknown>
     f38: 54 45 58 54  	bnel	$2, $24, 0x1248c <.pdr+0x1248c>
     f3c: 00 43 4f 52  	beql	$18, $15, 0x11b40 <.pdr+0x11b40>
     f40: 45 5f 53 4f  	<unknown>
     f44: 46 54 57 41  	<unknown>
     f48: 52 45 5f 31  	andi	$ra, $10, 0x4552 <.pdr+0x4552>
     f4c: 00 43 4f 52  	beql	$18, $15, 0x11b50 <.pdr+0x11b50>
     f50: 45 5f 53 4f  	<unknown>
     f54: 46 54 57 41  	<unknown>
     f58: 52 45 5f 31  	andi	$ra, $10, 0x4552 <.pdr+0x4552>
     f5c: 5f 43 4f 4e  	<unknown>
     f60: 54 45 58 54  	bnel	$2, $24, 0x124b4 <.pdr+0x124b4>
     f64: 00 45 58 54  	bnel	$2, $24, 0x12368 <.pdr+0x12368>
     f68: 45 52 4e 41  	<unknown>
     f6c: 4c 5f 30 00  	syscall	0xc17d <.pdr+0xc17d>
     f70: 45 58 54 45  	<unknown>
     f74: 52 4e 41 4c  	<unknown>
     f78: 5f 30 5f 43  	<unknown>
     f7c: 4f 4e 54 45  	<unknown>
     f80: 58 54 00 54  	bnezl	$zero, 0x160e4 <.pdr+0x160e4>
     f84: 49 4d 45 52  	beql	$18, $5, 0x144ac <.pdr+0x144ac>
     f88: 5f 31 00 54  	bnezl	$zero, 0xd508 <.pdr+0xd508>
     f8c: 49 4d 45 52  	beql	$18, $5, 0x144b4 <.pdr+0x144b4>
     f90: 5f 31 5f 43  	<unknown>
     f94: 4f 4e 54 45  	<unknown>
     f98: 58 54 00 49  	<unknown>
     f9c: 4e 50 55 54  	bnel	$2, $21, 0x150d8 <.pdr+0x150d8>
     fa0: 5f 43 41 50  	beql	$2, $1, 0x11d20 <.pdr+0x11d20>
     fa4: 54 55 52 45  	<unknown>
     fa8: 5f 31 5f 45  	<unknown>
     fac: 52 52 4f 52  	beql	$18, $15, 0x158f8 <.pdr+0x158f8>
     fb0: 00 49 4e 50  	beql	$2, $14, 0x133b4 <.pdr+0x133b4>
     fb4: 55 54 5f 43  	<unknown>
     fb8: 41 50 54 55  	bnel	$10, $20, 0x150c0 <.pdr+0x150c0>
     fbc: 52 45 5f 31  	andi	$ra, $10, 0x4552 <.pdr+0x4552>
     fc0: 5f 45 52 52  	beql	$18, $18, 0x12540 <.pdr+0x12540>
     fc4: 4f 52 5f 43  	<unknown>
     fc8: 4f 4e 54 45  	<unknown>
     fcc: 58 54 00 49  	<unknown>
     fd0: 4e 50 55 54  	bnel	$2, $21, 0x1510c <.pdr+0x1510c>
     fd4: 5f 43 41 50  	beql	$2, $1, 0x11d54 <.pdr+0x11d54>
     fd8: 54 55 52 45  	<unknown>
     fdc: 5f 31 00 49  	<unknown>
     fe0: 4e 50 55 54  	bnel	$2, $21, 0x1511c <.pdr+0x1511c>
     fe4: 5f 43 41 50  	beql	$2, $1, 0x11d64 <.pdr+0x11d64>
     fe8: 54 55 52 45  	<unknown>
     fec: 5f 31 5f 43  	<unknown>
     ff0: 4f 4e 54 45  	<unknown>
     ff4: 58 54 00 4f  	<unknown>
     ff8: 55 54 50 55  	bnel	$10, $16, 0x16150 <.pdr+0x16150>
     ffc: 54 5f 43 4f  	<unknown>
    1000: 4d 50 41 52  	beql	$18, $1, 0x15138 <.pdr+0x15138>
    1004: 45 5f 31 00  	<unknown>
    1008: 4f 55 54 50  	beql	$2, $20, 0x16548 <.pdr+0x16548>
    100c: 55 54 5f 43  	<unknown>
    1010: 4f 4d 50 41  	<unknown>
    1014: 52 45 5f 31  	andi	$ra, $10, 0x4552 <.pdr+0x4552>
    1018: 5f 43 4f 4e  	<unknown>
    101c: 54 45 58 54  	bnel	$2, $24, 0x12570 <.pdr+0x12570>
    1020: 00 45 58 54  	bnel	$2, $24, 0x12424 <.pdr+0x12424>
    1024: 45 52 4e 41  	<unknown>
    1028: 4c 5f 31 00  	syscall	0xc57d <.pdr+0xc57d>
    102c: 45 58 54 45  	<unknown>
    1030: 52 4e 41 4c  	<unknown>
    1034: 5f 31 5f 43  	<unknown>
    1038: 4f 4e 54 45  	<unknown>
    103c: 58 54 00 54  	bnezl	$zero, 0x161a0 <.pdr+0x161a0>
    1040: 49 4d 45 52  	beql	$18, $5, 0x14568 <.pdr+0x14568>
    1044: 5f 32 00 54  	bnezl	$zero, 0xd9c4 <.pdr+0xd9c4>
    1048: 49 4d 45 52  	beql	$18, $5, 0x14570 <.pdr+0x14570>
    104c: 5f 32 5f 43  	<unknown>
    1050: 4f 4e 54 45  	<unknown>
    1054: 58 54 00 49  	<unknown>
    1058: 4e 50 55 54  	bnel	$2, $21, 0x15194 <.pdr+0x15194>
    105c: 5f 43 41 50  	beql	$2, $1, 0x11ddc <.pdr+0x11ddc>
    1060: 54 55 52 45  	<unknown>
    1064: 5f 32 5f 45  	<unknown>
    1068: 52 52 4f 52  	beql	$18, $15, 0x159b4 <.pdr+0x159b4>
    106c: 00 49 4e 50  	beql	$2, $14, 0x13470 <.pdr+0x13470>
    1070: 55 54 5f 43  	<unknown>
    1074: 41 50 54 55  	bnel	$10, $20, 0x1517c <.pdr+0x1517c>
    1078: 52 45 5f 32  	andi	$ra, $18, 0x4552 <.pdr+0x4552>
    107c: 5f 45 52 52  	beql	$18, $18, 0x125fc <.pdr+0x125fc>
    1080: 4f 52 5f 43  	<unknown>
    1084: 4f 4e 54 45  	<unknown>
    1088: 58 54 00 49  	<unknown>
    108c: 4e 50 55 54  	bnel	$2, $21, 0x151c8 <.pdr+0x151c8>
    1090: 5f 43 41 50  	beql	$2, $1, 0x11e10 <.pdr+0x11e10>
    1094: 54 55 52 45  	<unknown>
    1098: 5f 32 00 49  	<unknown>
    109c: 4e 50 55 54  	bnel	$2, $21, 0x151d8 <.pdr+0x151d8>
    10a0: 5f 43 41 50  	beql	$2, $1, 0x11e20 <.pdr+0x11e20>
    10a4: 54 55 52 45  	<unknown>
    10a8: 5f 32 5f 43  	<unknown>
    10ac: 4f 4e 54 45  	<unknown>
    10b0: 58 54 00 4f  	<unknown>
    10b4: 55 54 50 55  	bnel	$10, $16, 0x1620c <.pdr+0x1620c>
    10b8: 54 5f 43 4f  	<unknown>
    10bc: 4d 50 41 52  	beql	$18, $1, 0x151f4 <.pdr+0x151f4>
    10c0: 45 5f 32 00  	<unknown>
    10c4: 4f 55 54 50  	beql	$2, $20, 0x16604 <.pdr+0x16604>
    10c8: 55 54 5f 43  	<unknown>
    10cc: 4f 4d 50 41  	<unknown>
    10d0: 52 45 5f 32  	andi	$ra, $18, 0x4552 <.pdr+0x4552>
    10d4: 5f 43 4f 4e  	<unknown>
    10d8: 54 45 58 54  	bnel	$2, $24, 0x1262c <.pdr+0x1262c>
    10dc: 00 45 58 54  	bnel	$2, $24, 0x124e0 <.pdr+0x124e0>
    10e0: 45 52 4e 41  	<unknown>
    10e4: 4c 5f 32 00  	syscall	0xc97d <.pdr+0xc97d>
    10e8: 45 58 54 45  	<unknown>
    10ec: 52 4e 41 4c  	<unknown>
    10f0: 5f 32 5f 43  	<unknown>
    10f4: 4f 4e 54 45  	<unknown>
    10f8: 58 54 00 54  	bnezl	$zero, 0x1625c <.pdr+0x1625c>
    10fc: 49 4d 45 52  	beql	$18, $5, 0x14624 <.pdr+0x14624>
    1100: 5f 33 00 54  	bnezl	$zero, 0xde80 <.pdr+0xde80>
    1104: 49 4d 45 52  	beql	$18, $5, 0x1462c <.pdr+0x1462c>
    1108: 5f 33 5f 43  	<unknown>
    110c: 4f 4e 54 45  	<unknown>
    1110: 58 54 00 49  	<unknown>
    1114: 4e 50 55 54  	bnel	$2, $21, 0x15250 <.pdr+0x15250>
    1118: 5f 43 41 50  	beql	$2, $1, 0x11e98 <.pdr+0x11e98>
    111c: 54 55 52 45  	<unknown>
    1120: 5f 33 5f 45  	<unknown>
    1124: 52 52 4f 52  	beql	$18, $15, 0x15a70 <.pdr+0x15a70>
    1128: 00 49 4e 50  	beql	$2, $14, 0x1352c <.pdr+0x1352c>
    112c: 55 54 5f 43  	<unknown>
    1130: 41 50 54 55  	bnel	$10, $20, 0x15238 <.pdr+0x15238>
    1134: 52 45 5f 33  	andi	$ra, $26, 0x4552 <.pdr+0x4552>
    1138: 5f 45 52 52  	beql	$18, $18, 0x126b8 <.pdr+0x126b8>
    113c: 4f 52 5f 43  	<unknown>
    1140: 4f 4e 54 45  	<unknown>
    1144: 58 54 00 49  	<unknown>
    1148: 4e 50 55 54  	bnel	$2, $21, 0x15284 <.pdr+0x15284>
    114c: 5f 43 41 50  	beql	$2, $1, 0x11ecc <.pdr+0x11ecc>
    1150: 54 55 52 45  	<unknown>
    1154: 5f 33 00 49  	<unknown>
    1158: 4e 50 55 54  	bnel	$2, $21, 0x15294 <.pdr+0x15294>
    115c: 5f 43 41 50  	beql	$2, $1, 0x11edc <.pdr+0x11edc>
    1160: 54 55 52 45  	<unknown>
    1164: 5f 33 5f 43  	<unknown>
    1168: 4f 4e 54 45  	<unknown>
    116c: 58 54 00 4f  	<unknown>
    1170: 55 54 50 55  	bnel	$10, $16, 0x162c8 <.pdr+0x162c8>
    1174: 54 5f 43 4f  	<unknown>
    1178: 4d 50 41 52  	beql	$18, $1, 0x152b0 <.pdr+0x152b0>
    117c: 45 5f 33 00  	<unknown>
    1180: 4f 55 54 50  	beql	$2, $20, 0x166c0 <.pdr+0x166c0>
    1184: 55 54 5f 43  	<unknown>
    1188: 4f 4d 50 41  	<unknown>
    118c: 52 45 5f 33  	andi	$ra, $26, 0x4552 <.pdr+0x4552>
    1190: 5f 43 4f 4e  	<unknown>
    1194: 54 45 58 54  	bnel	$2, $24, 0x126e8 <.pdr+0x126e8>
    1198: 00 45 58 54  	bnel	$2, $24, 0x1259c <.pdr+0x1259c>
    119c: 45 52 4e 41  	<unknown>
    11a0: 4c 5f 33 00  	syscall	0xcd7d <.pdr+0xcd7d>
    11a4: 45 58 54 45  	<unknown>
    11a8: 52 4e 41 4c  	<unknown>
    11ac: 5f 33 5f 43  	<unknown>
    11b0: 4f 4e 54 45  	<unknown>
    11b4: 58 54 00 54  	bnezl	$zero, 0x16318 <.pdr+0x16318>
    11b8: 49 4d 45 52  	beql	$18, $5, 0x146e0 <.pdr+0x146e0>
    11bc: 5f 34 00 54  	bnezl	$zero, 0xe33c <.pdr+0xe33c>
    11c0: 49 4d 45 52  	beql	$18, $5, 0x146e8 <.pdr+0x146e8>
    11c4: 5f 34 5f 43  	<unknown>
    11c8: 4f 4e 54 45  	<unknown>
    11cc: 58 54 00 49  	<unknown>
    11d0: 4e 50 55 54  	bnel	$2, $21, 0x1530c <.pdr+0x1530c>
    11d4: 5f 43 41 50  	beql	$2, $1, 0x11f54 <.pdr+0x11f54>
    11d8: 54 55 52 45  	<unknown>
    11dc: 5f 34 5f 45  	<unknown>
    11e0: 52 52 4f 52  	beql	$18, $15, 0x15b2c <.pdr+0x15b2c>
    11e4: 00 49 4e 50  	beql	$2, $14, 0x135e8 <.pdr+0x135e8>
    11e8: 55 54 5f 43  	<unknown>
    11ec: 41 50 54 55  	bnel	$10, $20, 0x152f4 <.pdr+0x152f4>
    11f0: 52 45 5f 34  	ori	$ra, $2, 0x4552 <.pdr+0x4552>
    11f4: 5f 45 52 52  	beql	$18, $18, 0x12774 <.pdr+0x12774>
    11f8: 4f 52 5f 43  	<unknown>
    11fc: 4f 4e 54 45  	<unknown>
    1200: 58 54 00 49  	<unknown>
    1204: 4e 50 55 54  	bnel	$2, $21, 0x15340 <.pdr+0x15340>
    1208: 5f 43 41 50  	beql	$2, $1, 0x11f88 <.pdr+0x11f88>
    120c: 54 55 52 45  	<unknown>
    1210: 5f 34 00 49  	<unknown>
    1214: 4e 50 55 54  	bnel	$2, $21, 0x15350 <.pdr+0x15350>
    1218: 5f 43 41 50  	beql	$2, $1, 0x11f98 <.pdr+0x11f98>
    121c: 54 55 52 45  	<unknown>
    1220: 5f 34 5f 43  	<unknown>
    1224: 4f 4e 54 45  	<unknown>
    1228: 58 54 00 4f  	<unknown>
    122c: 55 54 50 55  	bnel	$10, $16, 0x16384 <.pdr+0x16384>
    1230: 54 5f 43 4f  	<unknown>
    1234: 4d 50 41 52  	beql	$18, $1, 0x1536c <.pdr+0x1536c>
    1238: 45 5f 34 00  	<unknown>
    123c: 4f 55 54 50  	beql	$2, $20, 0x1677c <.pdr+0x1677c>
    1240: 55 54 5f 43  	<unknown>
    1244: 4f 4d 50 41  	<unknown>
    1248: 52 45 5f 34  	ori	$ra, $2, 0x4552 <.pdr+0x4552>
    124c: 5f 43 4f 4e  	<unknown>
    1250: 54 45 58 54  	bnel	$2, $24, 0x127a4 <.pdr+0x127a4>
    1254: 00 45 58 54  	bnel	$2, $24, 0x12658 <.pdr+0x12658>
    1258: 45 52 4e 41  	<unknown>
    125c: 4c 5f 34 00  	syscall	0xd17d <.pdr+0xd17d>
    1260: 45 58 54 45  	<unknown>
    1264: 52 4e 41 4c  	<unknown>
    1268: 5f 34 5f 43  	<unknown>
    126c: 4f 4e 54 45  	<unknown>
    1270: 58 54 00 54  	bnezl	$zero, 0x163d4 <.pdr+0x163d4>
    1274: 49 4d 45 52  	beql	$18, $5, 0x1479c <.pdr+0x1479c>
    1278: 5f 35 00 54  	bnezl	$zero, 0xe7f8 <.pdr+0xe7f8>
    127c: 49 4d 45 52  	beql	$18, $5, 0x147a4 <.pdr+0x147a4>
    1280: 5f 35 5f 43  	<unknown>
    1284: 4f 4e 54 45  	<unknown>
    1288: 58 54 00 49  	<unknown>
    128c: 4e 50 55 54  	bnel	$2, $21, 0x153c8 <.pdr+0x153c8>
    1290: 5f 43 41 50  	beql	$2, $1, 0x12010 <.pdr+0x12010>
    1294: 54 55 52 45  	<unknown>
    1298: 5f 35 5f 45  	<unknown>
    129c: 52 52 4f 52  	beql	$18, $15, 0x15be8 <.pdr+0x15be8>
    12a0: 00 49 4e 50  	beql	$2, $14, 0x136a4 <.pdr+0x136a4>
    12a4: 55 54 5f 43  	<unknown>
    12a8: 41 50 54 55  	bnel	$10, $20, 0x153b0 <.pdr+0x153b0>
    12ac: 52 45 5f 35  	ori	$ra, $10, 0x4552 <.pdr+0x4552>
    12b0: 5f 45 52 52  	beql	$18, $18, 0x12830 <.pdr+0x12830>
    12b4: 4f 52 5f 43  	<unknown>
    12b8: 4f 4e 54 45  	<unknown>
    12bc: 58 54 00 49  	<unknown>
    12c0: 4e 50 55 54  	bnel	$2, $21, 0x153fc <.pdr+0x153fc>
    12c4: 5f 43 41 50  	beql	$2, $1, 0x12044 <.pdr+0x12044>
    12c8: 54 55 52 45  	<unknown>
    12cc: 5f 35 00 49  	<unknown>
    12d0: 4e 50 55 54  	bnel	$2, $21, 0x1540c <.pdr+0x1540c>
    12d4: 5f 43 41 50  	beql	$2, $1, 0x12054 <.pdr+0x12054>
    12d8: 54 55 52 45  	<unknown>
    12dc: 5f 35 5f 43  	<unknown>
    12e0: 4f 4e 54 45  	<unknown>
    12e4: 58 54 00 4f  	<unknown>
    12e8: 55 54 50 55  	bnel	$10, $16, 0x16440 <.pdr+0x16440>
    12ec: 54 5f 43 4f  	<unknown>
    12f0: 4d 50 41 52  	beql	$18, $1, 0x15428 <.pdr+0x15428>
    12f4: 45 5f 35 00  	<unknown>
    12f8: 4f 55 54 50  	beql	$2, $20, 0x16838 <.pdr+0x16838>
    12fc: 55 54 5f 43  	<unknown>
    1300: 4f 4d 50 41  	<unknown>
    1304: 52 45 5f 35  	ori	$ra, $10, 0x4552 <.pdr+0x4552>
    1308: 5f 43 4f 4e  	<unknown>
    130c: 54 45 58 54  	bnel	$2, $24, 0x12860 <.pdr+0x12860>
    1310: 00 54 49 4d  	<unknown>
    1314: 45 52 5f 36  	ori	$ra, $18, 0x5245 <.pdr+0x5245>
    1318: 00 54 49 4d  	<unknown>
    131c: 45 52 5f 36  	ori	$ra, $18, 0x5245 <.pdr+0x5245>
    1320: 5f 43 4f 4e  	<unknown>
    1324: 54 45 58 54  	bnel	$2, $24, 0x12878 <.pdr+0x12878>
    1328: 00 49 4e 50  	beql	$2, $14, 0x1372c <.pdr+0x1372c>
    132c: 55 54 5f 43  	<unknown>
    1330: 41 50 54 55  	bnel	$10, $20, 0x15438 <.pdr+0x15438>
    1334: 52 45 5f 36  	ori	$ra, $18, 0x4552 <.pdr+0x4552>
    1338: 5f 45 52 52  	beql	$18, $18, 0x128b8 <.pdr+0x128b8>
    133c: 4f 52 00 49  	<unknown>
    1340: 4e 50 55 54  	bnel	$2, $21, 0x1547c <.pdr+0x1547c>
    1344: 5f 43 41 50  	beql	$2, $1, 0x120c4 <.pdr+0x120c4>
    1348: 54 55 52 45  	<unknown>
    134c: 5f 36 5f 45  	<unknown>
    1350: 52 52 4f 52  	beql	$18, $15, 0x15c9c <.pdr+0x15c9c>
    1354: 5f 43 4f 4e  	<unknown>
    1358: 54 45 58 54  	bnel	$2, $24, 0x128ac <.pdr+0x128ac>
    135c: 00 49 4e 50  	beql	$2, $14, 0x13760 <.pdr+0x13760>
    1360: 55 54 5f 43  	<unknown>
    1364: 41 50 54 55  	bnel	$10, $20, 0x1546c <.pdr+0x1546c>
    1368: 52 45 5f 36  	ori	$ra, $18, 0x4552 <.pdr+0x4552>
    136c: 00 49 4e 50  	beql	$2, $14, 0x13770 <.pdr+0x13770>
    1370: 55 54 5f 43  	<unknown>
    1374: 41 50 54 55  	bnel	$10, $20, 0x1547c <.pdr+0x1547c>
    1378: 52 45 5f 36  	ori	$ra, $18, 0x4552 <.pdr+0x4552>
    137c: 5f 43 4f 4e  	<unknown>
    1380: 54 45 58 54  	bnel	$2, $24, 0x128d4 <.pdr+0x128d4>
    1384: 00 4f 55 54  	bnel	$2, $21, 0x14f88 <.pdr+0x14f88>
    1388: 50 55 54 5f  	<unknown>
    138c: 43 4f 4d 50  	beql	$2, $13, 0x1509c <.pdr+0x1509c>
    1390: 41 52 45 5f  	<unknown>
    1394: 36 00 4f 55  	bnel	$10, $15, 0x1470 <.pdr+0x1470>
    1398: 54 50 55 54  	bnel	$2, $21, 0x154ec <.pdr+0x154ec>
    139c: 5f 43 4f 4d  	<unknown>
    13a0: 50 41 52 45  	<unknown>
    13a4: 5f 36 5f 43  	<unknown>
    13a8: 4f 4e 54 45  	<unknown>
    13ac: 58 54 00 54  	bnezl	$zero, 0x16510 <.pdr+0x16510>
    13b0: 49 4d 45 52  	beql	$18, $5, 0x148d8 <.pdr+0x148d8>
    13b4: 5f 37 00 54  	bnezl	$zero, 0xf134 <.pdr+0xf134>
    13b8: 49 4d 45 52  	beql	$18, $5, 0x148e0 <.pdr+0x148e0>
    13bc: 5f 37 5f 43  	<unknown>
    13c0: 4f 4e 54 45  	<unknown>
    13c4: 58 54 00 49  	<unknown>
    13c8: 4e 50 55 54  	bnel	$2, $21, 0x15504 <.pdr+0x15504>
    13cc: 5f 43 41 50  	beql	$2, $1, 0x1214c <.pdr+0x1214c>
    13d0: 54 55 52 45  	<unknown>
    13d4: 5f 37 5f 45  	<unknown>
    13d8: 52 52 4f 52  	beql	$18, $15, 0x15d24 <.pdr+0x15d24>
    13dc: 00 49 4e 50  	beql	$2, $14, 0x137e0 <.pdr+0x137e0>
    13e0: 55 54 5f 43  	<unknown>
    13e4: 41 50 54 55  	bnel	$10, $20, 0x154ec <.pdr+0x154ec>
    13e8: 52 45 5f 37  	ori	$ra, $26, 0x4552 <.pdr+0x4552>
    13ec: 5f 45 52 52  	beql	$18, $18, 0x1296c <.pdr+0x1296c>
    13f0: 4f 52 5f 43  	<unknown>
    13f4: 4f 4e 54 45  	<unknown>
    13f8: 58 54 00 49  	<unknown>
    13fc: 4e 50 55 54  	bnel	$2, $21, 0x15538 <.pdr+0x15538>
    1400: 5f 43 41 50  	beql	$2, $1, 0x12180 <.pdr+0x12180>
    1404: 54 55 52 45  	<unknown>
    1408: 5f 37 00 49  	<unknown>
    140c: 4e 50 55 54  	bnel	$2, $21, 0x15548 <.pdr+0x15548>
    1410: 5f 43 41 50  	beql	$2, $1, 0x12190 <.pdr+0x12190>
    1414: 54 55 52 45  	<unknown>
    1418: 5f 37 5f 43  	<unknown>
    141c: 4f 4e 54 45  	<unknown>
    1420: 58 54 00 4f  	<unknown>
    1424: 55 54 50 55  	bnel	$10, $16, 0x1657c <.pdr+0x1657c>
    1428: 54 5f 43 4f  	<unknown>
    142c: 4d 50 41 52  	beql	$18, $1, 0x15564 <.pdr+0x15564>
    1430: 45 5f 37 00  	<unknown>
    1434: 4f 55 54 50  	beql	$2, $20, 0x16974 <.pdr+0x16974>
    1438: 55 54 5f 43  	<unknown>
    143c: 4f 4d 50 41  	<unknown>
    1440: 52 45 5f 37  	ori	$ra, $26, 0x4552 <.pdr+0x4552>
    1444: 5f 43 4f 4e  	<unknown>
    1448: 54 45 58 54  	bnel	$2, $24, 0x1299c <.pdr+0x1299c>
    144c: 00 54 49 4d  	<unknown>
    1450: 45 52 5f 38  	xori	$ra, $2, 0x5245 <.pdr+0x5245>
    1454: 00 54 49 4d  	<unknown>
    1458: 45 52 5f 38  	xori	$ra, $2, 0x5245 <.pdr+0x5245>
    145c: 5f 43 4f 4e  	<unknown>
    1460: 54 45 58 54  	bnel	$2, $24, 0x129b4 <.pdr+0x129b4>
    1464: 00 49 4e 50  	beql	$2, $14, 0x13868 <.pdr+0x13868>
    1468: 55 54 5f 43  	<unknown>
    146c: 41 50 54 55  	bnel	$10, $20, 0x15574 <.pdr+0x15574>
    1470: 52 45 5f 38  	xori	$ra, $2, 0x4552 <.pdr+0x4552>
    1474: 5f 45 52 52  	beql	$18, $18, 0x129f4 <.pdr+0x129f4>
    1478: 4f 52 00 49  	<unknown>
    147c: 4e 50 55 54  	bnel	$2, $21, 0x155b8 <.pdr+0x155b8>
    1480: 5f 43 41 50  	beql	$2, $1, 0x12200 <.pdr+0x12200>
    1484: 54 55 52 45  	<unknown>
    1488: 5f 38 5f 45  	<unknown>
    148c: 52 52 4f 52  	beql	$18, $15, 0x15dd8 <.pdr+0x15dd8>
    1490: 5f 43 4f 4e  	<unknown>
    1494: 54 45 58 54  	bnel	$2, $24, 0x129e8 <.pdr+0x129e8>
    1498: 00 49 4e 50  	beql	$2, $14, 0x1389c <.pdr+0x1389c>
    149c: 55 54 5f 43  	<unknown>
    14a0: 41 50 54 55  	bnel	$10, $20, 0x155a8 <.pdr+0x155a8>
    14a4: 52 45 5f 38  	xori	$ra, $2, 0x4552 <.pdr+0x4552>
    14a8: 00 49 4e 50  	beql	$2, $14, 0x138ac <.pdr+0x138ac>
    14ac: 55 54 5f 43  	<unknown>
    14b0: 41 50 54 55  	bnel	$10, $20, 0x155b8 <.pdr+0x155b8>
    14b4: 52 45 5f 38  	xori	$ra, $2, 0x4552 <.pdr+0x4552>
    14b8: 5f 43 4f 4e  	<unknown>
    14bc: 54 45 58 54  	bnel	$2, $24, 0x12a10 <.pdr+0x12a10>
    14c0: 00 4f 55 54  	bnel	$2, $21, 0x150c4 <.pdr+0x150c4>
    14c4: 50 55 54 5f  	<unknown>
    14c8: 43 4f 4d 50  	beql	$2, $13, 0x151d8 <.pdr+0x151d8>
    14cc: 41 52 45 5f  	<unknown>
    14d0: 38 00 4f 55  	bnel	$10, $15, 0x15b4 <.pdr+0x15b4>
    14d4: 54 50 55 54  	bnel	$2, $21, 0x15628 <.pdr+0x15628>
    14d8: 5f 43 4f 4d  	<unknown>
    14dc: 50 41 52 45  	<unknown>
    14e0: 5f 38 5f 43  	<unknown>
    14e4: 4f 4e 54 45  	<unknown>
    14e8: 58 54 00 54  	bnezl	$zero, 0x1664c <.pdr+0x1664c>
    14ec: 49 4d 45 52  	beql	$18, $5, 0x14a14 <.pdr+0x14a14>
    14f0: 5f 39 00 54  	bnezl	$zero, 0xfa70 <.pdr+0xfa70>
    14f4: 49 4d 45 52  	beql	$18, $5, 0x14a1c <.pdr+0x14a1c>
    14f8: 5f 39 5f 43  	<unknown>
    14fc: 4f 4e 54 45  	<unknown>
    1500: 58 54 00 49  	<unknown>
    1504: 4e 50 55 54  	bnel	$2, $21, 0x15640 <.pdr+0x15640>
    1508: 5f 43 41 50  	beql	$2, $1, 0x12288 <.pdr+0x12288>
    150c: 54 55 52 45  	<unknown>
    1510: 5f 39 5f 45  	<unknown>
    1514: 52 52 4f 52  	beql	$18, $15, 0x15e60 <.pdr+0x15e60>
    1518: 00 49 4e 50  	beql	$2, $14, 0x1391c <.pdr+0x1391c>
    151c: 55 54 5f 43  	<unknown>
    1520: 41 50 54 55  	bnel	$10, $20, 0x15628 <.pdr+0x15628>
    1524: 52 45 5f 39  	xori	$ra, $10, 0x4552 <.pdr+0x4552>
    1528: 5f 45 52 52  	beql	$18, $18, 0x12aa8 <.pdr+0x12aa8>
    152c: 4f 52 5f 43  	<unknown>
    1530: 4f 4e 54 45  	<unknown>
    1534: 58 54 00 49  	<unknown>
    1538: 4e 50 55 54  	bnel	$2, $21, 0x15674 <.pdr+0x15674>
    153c: 5f 43 41 50  	beql	$2, $1, 0x122bc <.pdr+0x122bc>
    1540: 54 55 52 45  	<unknown>
    1544: 5f 39 00 49  	<unknown>
    1548: 4e 50 55 54  	bnel	$2, $21, 0x15684 <.pdr+0x15684>
    154c: 5f 43 41 50  	beql	$2, $1, 0x122cc <.pdr+0x122cc>
    1550: 54 55 52 45  	<unknown>
    1554: 5f 39 5f 43  	<unknown>
    1558: 4f 4e 54 45  	<unknown>
    155c: 58 54 00 4f  	<unknown>
    1560: 55 54 50 55  	bnel	$10, $16, 0x166b8 <.pdr+0x166b8>
    1564: 54 5f 43 4f  	<unknown>
    1568: 4d 50 41 52  	beql	$18, $1, 0x156a0 <.pdr+0x156a0>
    156c: 45 5f 39 00  	<unknown>
    1570: 4f 55 54 50  	beql	$2, $20, 0x16ab0 <.pdr+0x16ab0>
    1574: 55 54 5f 43  	<unknown>
    1578: 4f 4d 50 41  	<unknown>
    157c: 52 45 5f 39  	xori	$ra, $10, 0x4552 <.pdr+0x4552>
    1580: 5f 43 4f 4e  	<unknown>
    1584: 54 45 58 54  	bnel	$2, $24, 0x12ad8 <.pdr+0x12ad8>
    1588: 00 41 44 43  	<unknown>
    158c: 00 41 44 43  	<unknown>
    1590: 5f 43 4f 4e  	<unknown>
    1594: 54 45 58 54  	bnel	$2, $24, 0x12ae8 <.pdr+0x12ae8>
    1598: 00 41 44 43  	<unknown>
    159c: 5f 46 49 46  	<unknown>
    15a0: 4f 00 41 44  	<unknown>
    15a4: 43 5f 46 49  	<unknown>
    15a8: 46 4f 5f 43  	<unknown>
    15ac: 4f 4e 54 45  	<unknown>
    15b0: 58 54 00 41  	<unknown>
    15b4: 44 43 5f 44  	<unknown>
    15b8: 43 31 00 41  	<unknown>
    15bc: 44 43 5f 44  	<unknown>
    15c0: 43 31 5f 43  	<unknown>
    15c4: 4f 4e 54 45  	<unknown>
    15c8: 58 54 00 41  	<unknown>
    15cc: 44 43 5f 44  	<unknown>
    15d0: 43 32 00 41  	<unknown>
    15d4: 44 43 5f 44  	<unknown>
    15d8: 43 32 5f 43  	<unknown>
    15dc: 4f 4e 54 45  	<unknown>
    15e0: 58 54 00 41  	<unknown>
    15e4: 44 43 5f 44  	<unknown>
    15e8: 43 33 00 41  	<unknown>
    15ec: 44 43 5f 44  	<unknown>
    15f0: 43 33 5f 43  	<unknown>
    15f4: 4f 4e 54 45  	<unknown>
    15f8: 58 54 00 41  	<unknown>
    15fc: 44 43 5f 44  	<unknown>
    1600: 43 34 00 41  	<unknown>
    1604: 44 43 5f 44  	<unknown>
    1608: 43 34 5f 43  	<unknown>
    160c: 4f 4e 54 45  	<unknown>
    1610: 58 54 00 41  	<unknown>
    1614: 44 43 5f 44  	<unknown>
    1618: 43 35 00 41  	<unknown>
    161c: 44 43 5f 44  	<unknown>
    1620: 43 35 5f 43  	<unknown>
    1624: 4f 4e 54 45  	<unknown>
    1628: 58 54 00 41  	<unknown>
    162c: 44 43 5f 44  	<unknown>
    1630: 43 36 00 41  	<unknown>
    1634: 44 43 5f 44  	<unknown>
    1638: 43 36 5f 43  	<unknown>
    163c: 4f 4e 54 45  	<unknown>
    1640: 58 54 00 41  	<unknown>
    1644: 44 43 5f 44  	<unknown>
    1648: 46 31 00 41  	<unknown>
    164c: 44 43 5f 44  	<unknown>
    1650: 46 31 5f 43  	<unknown>
    1654: 4f 4e 54 45  	<unknown>
    1658: 58 54 00 41  	<unknown>
    165c: 44 43 5f 44  	<unknown>
    1660: 46 32 00 41  	<unknown>
    1664: 44 43 5f 44  	<unknown>
    1668: 46 32 5f 43  	<unknown>
    166c: 4f 4e 54 45  	<unknown>
    1670: 58 54 00 41  	<unknown>
    1674: 44 43 5f 44  	<unknown>
    1678: 46 33 00 41  	<unknown>
    167c: 44 43 5f 44  	<unknown>
    1680: 46 33 5f 43  	<unknown>
    1684: 4f 4e 54 45  	<unknown>
    1688: 58 54 00 41  	<unknown>
    168c: 44 43 5f 44  	<unknown>
    1690: 46 34 00 41  	<unknown>
    1694: 44 43 5f 44  	<unknown>
    1698: 46 34 5f 43  	<unknown>
    169c: 4f 4e 54 45  	<unknown>
    16a0: 58 54 00 41  	<unknown>
    16a4: 44 43 5f 44  	<unknown>
    16a8: 46 35 00 41  	<unknown>
    16ac: 44 43 5f 44  	<unknown>
    16b0: 46 35 5f 43  	<unknown>
    16b4: 4f 4e 54 45  	<unknown>
    16b8: 58 54 00 41  	<unknown>
    16bc: 44 43 5f 44  	<unknown>
    16c0: 46 36 00 41  	<unknown>
    16c4: 44 43 5f 44  	<unknown>
    16c8: 46 36 5f 43  	<unknown>
    16cc: 4f 4e 54 45  	<unknown>
    16d0: 58 54 00 41  	<unknown>
    16d4: 44 43 5f 46  	<unknown>
    16d8: 41 55 4c 54  	bnel	$2, $12, 0x16be0 <.pdr+0x16be0>
    16dc: 00 41 44 43  	<unknown>
    16e0: 5f 46 41 55  	bnel	$10, $1, 0x13060 <.pdr+0x13060>
    16e4: 4c 54 5f 43  	<unknown>
    16e8: 4f 4e 54 45  	<unknown>
    16ec: 58 54 00 41  	<unknown>
    16f0: 44 43 5f 44  	<unknown>
    16f4: 41 54 41 30  	andi	$1, $2, 0x5441 <.pdr+0x5441>
    16f8: 00 41 44 43  	<unknown>
    16fc: 5f 44 41 54  	bnel	$2, $1, 0x1287c <.pdr+0x1287c>
    1700: 41 30 5f 43  	<unknown>
    1704: 4f 4e 54 45  	<unknown>
    1708: 58 54 00 41  	<unknown>
    170c: 44 43 5f 44  	<unknown>
    1710: 41 54 41 31  	andi	$1, $10, 0x5441 <.pdr+0x5441>
    1714: 00 41 44 43  	<unknown>
    1718: 5f 44 41 54  	bnel	$2, $1, 0x12898 <.pdr+0x12898>
    171c: 41 31 5f 43  	<unknown>
    1720: 4f 4e 54 45  	<unknown>
    1724: 58 54 00 41  	<unknown>
    1728: 44 43 5f 44  	<unknown>
    172c: 41 54 41 32  	andi	$1, $18, 0x5441 <.pdr+0x5441>
    1730: 00 41 44 43  	<unknown>
    1734: 5f 44 41 54  	bnel	$2, $1, 0x128b4 <.pdr+0x128b4>
    1738: 41 32 5f 43  	<unknown>
    173c: 4f 4e 54 45  	<unknown>
    1740: 58 54 00 41  	<unknown>
    1744: 44 43 5f 44  	<unknown>
    1748: 41 54 41 33  	andi	$1, $26, 0x5441 <.pdr+0x5441>
    174c: 00 41 44 43  	<unknown>
    1750: 5f 44 41 54  	bnel	$2, $1, 0x128d0 <.pdr+0x128d0>
    1754: 41 33 5f 43  	<unknown>
    1758: 4f 4e 54 45  	<unknown>
    175c: 58 54 00 41  	<unknown>
    1760: 44 43 5f 44  	<unknown>
    1764: 41 54 41 34  	ori	$1, $2, 0x5441 <.pdr+0x5441>
    1768: 00 41 44 43  	<unknown>
    176c: 5f 44 41 54  	bnel	$2, $1, 0x128ec <.pdr+0x128ec>
    1770: 41 34 5f 43  	<unknown>
    1774: 4f 4e 54 45  	<unknown>
    1778: 58 54 00 5f  	bgtzl	$24, 0x168dc <.pdr+0x168dc>
    177c: 65 62 61 73  	<unknown>
    1780: 65 5f 61 64  	<unknown>
    1784: 64 72 65 73  	<unknown>
    1788: 73 00 5f 76  	jalx	0x97c01cc <.pdr+0x97c01cc>
    178c: 65 63 74 6f  	<unknown>
    1790: 72 5f 73 70  	<unknown>
    1794: 61 63 69 6e  	<unknown>
    1798: 67 00 5f 5f  	<unknown>
    179c: 65 75 6e 69  	<unknown>
    17a0: 6e 69 74 00  	<unknown>
    17a4: 5f 73 74 61  	<unknown>
    17a8: 63 6b 00 5f  	bgtzl	$24, 0x1c538 <.pdr+0x1c538>
    17ac: 5f 70 72 65  	<unknown>
    17b0: 5f 69 6e 69  	<unknown>
    17b4: 74 00 5f 5f  	<unknown>
    17b8: 73 62 73 73  	<unknown>
    17bc: 00 5f 5f 65  	<unknown>
    17c0: 62 73 73 00  	<unknown>
    17c4: 5f 5f 73 69  	<unknown>
    17c8: 64 61 74 61  	<unknown>
    17cc: 00 5f 5f 73  	<unknown>
    17d0: 64 61 74 61  	<unknown>
    17d4: 00 5f 5f 65  	<unknown>
    17d8: 64 61 74 61  	<unknown>
    17dc: 00 5f 5f 73  	<unknown>
    17e0: 75 6e 69 6e  	<unknown>
    17e4: 69 74 00 5f  	bgtzl	$24, 0x1e98c <.pdr+0x1e98c>
    17e8: 67           	<unknown>
    17e9: 70           	<unknown>
    17ea: 00           	<unknown>
